code,exchange,source,updated_at
300364,SZ,东方财富行情中心代码列表,2026-08-01T19:29:01+08:00
300720,SZ,东方财富行情中心代码列表,2026-08-01T19:29:01+08:00
301396,SZ,东方财富行情中心代码列表,2026-08-01T19:29:01+08:00
300795,SZ,东方财富行情中心代码列表,2026-08-01T19:29:01+08:00
300789,SZ,东方财富行情中心代码列表,2026-08-01T19:29:01+08:00
300508,SZ,东方财富行情中心代码列表,2026-08-01T19:29:01+08:00
300418,SZ,东方财富行情中心代码列表,2026-08-01T19:29:01+08:00
688095,SH,东方财富行情中心代码列表,2026-08-01T19:29:01+08:00
301171,SZ,东方财富行情中心代码列表,2026-08-01T19:29:01+08:00
301231,SZ,东方财富行情中心代码列表,2026-08-01T19:29:01+08:00
300058,SZ,东方财富行情中心代码列表,2026-08-01T19:29:01+08:00
300996,SZ,东方财富行情中心代码列表,2026-08-01T19:29:01+08:00
688661,SH,东方财富行情中心代码列表,2026-08-01T19:29:01+08:00
300017,SZ,东方财富行情中心代码列表,2026-08-01T19:29:01+08:00
688322,SH,东方财富行情中心代码列表,2026-08-01T19:29:01+08:00
300063,SZ,东方财富行情中心代码列表,2026-08-01T19:29:01+08:00
300766,SZ,东方财富行情中心代码列表,2026-08-01T19:29:01+08:00
688607,SH,东方财富行情中心代码列表,2026-08-01T19:29:01+08:00
300378,SZ,东方财富行情中心代码列表,2026-08-01T19:29:01+08:00
688258,SH,东方财富行情中心代码列表,2026-08-01T19:29:01+08:00
301218,SZ,东方财富行情中心代码列表,2026-08-01T19:29:01+08:00
688017,SH,东方财富行情中心代码列表,2026-08-01T19:29:01+08:00
300668,SZ,东方财富行情中心代码列表,2026-08-01T19:29:01+08:00
688369,SH,东方财富行情中心代码列表,2026-08-01T19:29:01+08:00
688677,SH,东方财富行情中心代码列表,2026-08-01T19:29:01+08:00
300757,SZ,东方财富行情中心代码列表,2026-08-01T19:29:01+08:00
688141,SH,东方财富行情中心代码列表,2026-08-01T19:29:01+08:00
688158,SH,东方财富行情中心代码列表,2026-08-01T19:29:01+08:00
301165,SZ,东方财富行情中心代码列表,2026-08-01T19:29:01+08:00
688777,SH,东方财富行情中心代码列表,2026-08-01T19:29:01+08:00
300785,SZ,东方财富行情中心代码列表,2026-08-01T19:29:01+08:00
300857,SZ,东方财富行情中心代码列表,2026-08-01T19:29:01+08:00
688585,SH,东方财富行情中心代码列表,2026-08-01T19:29:01+08:00
688629,SH,东方财富行情中心代码列表,2026-08-01T19:29:01+08:00
300454,SZ,东方财富行情中心代码列表,2026-08-01T19:29:01+08:00
300506,SZ,东方财富行情中心代码列表,2026-08-01T19:29:01+08:00
300984,SZ,东方财富行情中心代码列表,2026-08-01T19:29:01+08:00
688183,SH,东方财富行情中心代码列表,2026-08-01T19:29:01+08:00
300137,SZ,东方财富行情中心代码列表,2026-08-01T19:29:01+08:00
300559,SZ,东方财富行情中心代码列表,2026-08-01T19:29:01+08:00
688507,SH,东方财富行情中心代码列表,2026-08-01T19:29:01+08:00
301365,SZ,东方财富行情中心代码列表,2026-08-01T19:29:01+08:00
300624,SZ,东方财富行情中心代码列表,2026-08-01T19:29:01+08:00
301696,SZ,东方财富行情中心代码列表,2026-08-01T19:29:01+08:00
301228,SZ,东方财富行情中心代码列表,2026-08-01T19:29:01+08:00
301550,SZ,东方财富行情中心代码列表,2026-08-01T19:29:01+08:00
300663,SZ,东方财富行情中心代码列表,2026-08-01T19:29:01+08:00
688381,SH,东方财富行情中心代码列表,2026-08-01T19:29:01+08:00
300853,SZ,东方财富行情中心代码列表,2026-08-01T19:29:01+08:00
300525,SZ,东方财富行情中心代码列表,2026-08-01T19:29:01+08:00
300986,SZ,东方财富行情中心代码列表,2026-08-01T19:29:01+08:00
301213,SZ,东方财富行情中心代码列表,2026-08-01T19:29:01+08:00
300840,SZ,东方财富行情中心代码列表,2026-08-01T19:29:01+08:00
688787,SH,东方财富行情中心代码列表,2026-08-01T19:29:01+08:00
300369,SZ,东方财富行情中心代码列表,2026-08-01T19:29:01+08:00
688521,SH,东方财富行情中心代码列表,2026-08-01T19:29:01+08:00
688615,SH,东方财富行情中心代码列表,2026-08-01T19:29:01+08:00
688023,SH,东方财富行情中心代码列表,2026-08-01T19:29:01+08:00
300948,SZ,东方财富行情中心代码列表,2026-08-01T19:29:01+08:00
688702,SH,东方财富行情中心代码列表,2026-08-01T19:29:01+08:00
688031,SH,东方财富行情中心代码列表,2026-08-01T19:29:01+08:00
688435,SH,东方财富行情中心代码列表,2026-08-01T19:29:01+08:00
300093,SZ,东方财富行情中心代码列表,2026-08-01T19:29:01+08:00
300746,SZ,东方财富行情中心代码列表,2026-08-01T19:29:01+08:00
300718,SZ,东方财富行情中心代码列表,2026-08-01T19:29:01+08:00
688207,SH,东方财富行情中心代码列表,2026-08-01T19:29:01+08:00
688508,SH,东方财富行情中心代码列表,2026-08-01T19:29:01+08:00
300244,SZ,东方财富行情中心代码列表,2026-08-01T19:29:01+08:00
300489,SZ,东方财富行情中心代码列表,2026-08-01T19:29:01+08:00
301013,SZ,东方财富行情中心代码列表,2026-08-01T19:29:01+08:00
300503,SZ,东方财富行情中心代码列表,2026-08-01T19:29:01+08:00
301345,SZ,东方财富行情中心代码列表,2026-08-01T19:29:01+08:00
301395,SZ,东方财富行情中心代码列表,2026-08-01T19:29:01+08:00
688018,SH,东方财富行情中心代码列表,2026-08-01T19:29:01+08:00
688121,SH,东方财富行情中心代码列表,2026-08-01T19:29:01+08:00
688227,SH,东方财富行情中心代码列表,2026-08-01T19:29:01+08:00
300270,SZ,东方财富行情中心代码列表,2026-08-01T19:29:01+08:00
688163,SH,东方财富行情中心代码列表,2026-08-01T19:29:01+08:00
688352,SH,东方财富行情中心代码列表,2026-08-01T19:29:01+08:00
300271,SZ,东方财富行情中心代码列表,2026-08-01T19:29:01+08:00
688030,SH,东方财富行情中心代码列表,2026-08-01T19:29:01+08:00
301528,SZ,东方财富行情中心代码列表,2026-08-01T19:29:01+08:00
300781,SZ,东方财富行情中心代码列表,2026-08-01T19:29:01+08:00
688365,SH,东方财富行情中心代码列表,2026-08-01T19:29:01+08:00
688167,SH,东方财富行情中心代码列表,2026-08-01T19:29:01+08:00
300607,SZ,东方财富行情中心代码列表,2026-08-01T19:29:01+08:00
300846,SZ,东方财富行情中心代码列表,2026-08-01T19:29:01+08:00
688531,SH,东方财富行情中心代码列表,2026-08-01T19:29:01+08:00
688332,SH,东方财富行情中心代码列表,2026-08-01T19:29:01+08:00
301366,SZ,东方财富行情中心代码列表,2026-08-01T19:29:01+08:00
301378,SZ,东方财富行情中心代码列表,2026-08-01T19:29:01+08:00
688590,SH,东方财富行情中心代码列表,2026-08-01T19:29:01+08:00
300687,SZ,东方财富行情中心代码列表,2026-08-01T19:29:01+08:00
301075,SZ,东方财富行情中心代码列表,2026-08-01T19:29:01+08:00
300854,SZ,东方财富行情中心代码列表,2026-08-01T19:29:01+08:00
688255,SH,东方财富行情中心代码列表,2026-08-01T19:29:01+08:00
300182,SZ,东方财富行情中心代码列表,2026-08-01T19:29:01+08:00
688228,SH,东方财富行情中心代码列表,2026-08-01T19:29:01+08:00
688020,SH,东方财富行情中心代码列表,2026-08-01T19:29:01+08:00
300170,SZ,东方财富行情中心代码列表,2026-08-01T19:29:01+08:00
688316,SH,东方财富行情中心代码列表,2026-08-01T19:29:01+08:00
301313,SZ,东方财富行情中心代码列表,2026-08-01T19:29:01+08:00
300548,SZ,东方财富行情中心代码列表,2026-08-01T19:29:01+08:00
300969,SZ,东方财富行情中心代码列表,2026-08-01T19:29:01+08:00
300246,SZ,东方财富行情中心代码列表,2026-08-01T19:29:01+08:00
300943,SZ,东方财富行情中心代码列表,2026-08-01T19:29:01+08:00
301030,SZ,东方财富行情中心代码列表,2026-08-01T19:29:01+08:00
300878,SZ,东方财富行情中心代码列表,2026-08-01T19:29:01+08:00
688788,SH,东方财富行情中心代码列表,2026-08-01T19:29:01+08:00
301529,SZ,东方财富行情中心代码列表,2026-08-01T19:29:01+08:00
301200,SZ,东方财富行情中心代码列表,2026-08-01T19:29:01+08:00
000826,SZ,东方财富行情中心代码列表,2026-08-01T19:29:01+08:00
300166,SZ,东方财富行情中心代码列表,2026-08-01T19:29:01+08:00
000892,SZ,东方财富行情中心代码列表,2026-08-01T19:29:01+08:00
688028,SH,东方财富行情中心代码列表,2026-08-01T19:29:01+08:00
688090,SH,东方财富行情中心代码列表,2026-08-01T19:29:01+08:00
000838,SZ,东方财富行情中心代码列表,2026-08-01T19:29:01+08:00
688399,SH,东方财富行情中心代码列表,2026-08-01T19:29:01+08:00
000009,SZ,东方财富行情中心代码列表,2026-08-01T19:29:01+08:00
603779,SH,东方财富行情中心代码列表,2026-08-01T19:29:01+08:00
605069,SH,东方财富行情中心代码列表,2026-08-01T19:29:01+08:00
600162,SH,东方财富行情中心代码列表,2026-08-01T19:29:01+08:00
600588,SH,东方财富行情中心代码列表,2026-08-01T19:29:01+08:00
605208,SH,东方财富行情中心代码列表,2026-08-01T19:29:01+08:00
600667,SH,东方财富行情中心代码列表,2026-08-01T19:29:01+08:00
603336,SH,东方财富行情中心代码列表,2026-08-01T19:29:01+08:00
002774,SZ,东方财富行情中心代码列表,2026-08-01T19:29:01+08:00
603466,SH,东方财富行情中心代码列表,2026-08-01T19:29:01+08:00
002346,SZ,东方财富行情中心代码列表,2026-08-01T19:29:01+08:00
603316,SH,东方财富行情中心代码列表,2026-08-01T19:29:01+08:00
003018,SZ,东方财富行情中心代码列表,2026-08-01T19:29:01+08:00
603956,SH,东方财富行情中心代码列表,2026-08-01T19:29:01+08:00
002957,SZ,东方财富行情中心代码列表,2026-08-01T19:29:01+08:00
002827,SZ,东方财富行情中心代码列表,2026-08-01T19:29:01+08:00
603106,SH,东方财富行情中心代码列表,2026-08-01T19:29:01+08:00
000593,SZ,东方财富行情中心代码列表,2026-08-01T19:29:01+08:00
605287,SH,东方财富行情中心代码列表,2026-08-01T19:29:01+08:00
002552,SZ,东方财富行情中心代码列表,2026-08-01T19:29:01+08:00
003036,SZ,东方财富行情中心代码列表,2026-08-01T19:29:01+08:00
603031,SH,东方财富行情中心代码列表,2026-08-01T19:29:01+08:00
603139,SH,东方财富行情中心代码列表,2026-08-01T19:29:01+08:00
603120,SH,东方财富行情中心代码列表,2026-08-01T19:29:01+08:00
603261,SH,东方财富行情中心代码列表,2026-08-01T19:29:01+08:00
002979,SZ,东方财富行情中心代码列表,2026-08-01T19:29:01+08:00
600449,SH,东方财富行情中心代码列表,2026-08-01T19:29:01+08:00
603115,SH,东方财富行情中心代码列表,2026-08-01T19:29:01+08:00
600673,SH,东方财富行情中心代码列表,2026-08-01T19:29:01+08:00
603171,SH,东方财富行情中心代码列表,2026-08-01T19:29:01+08:00
605289,SH,东方财富行情中心代码列表,2026-08-01T19:29:01+08:00
605318,SH,东方财富行情中心代码列表,2026-08-01T19:29:01+08:00
003001,SZ,东方财富行情中心代码列表,2026-08-01T19:29:01+08:00
603221,SH,东方财富行情中心代码列表,2026-08-01T19:29:01+08:00
605198,SH,东方财富行情中心代码列表,2026-08-01T19:29:01+08:00
688692,SH,东方财富行情中心代码列表,2026-08-01T19:29:01+08:00
001223,SZ,东方财富行情中心代码列表,2026-08-01T19:29:01+08:00
002851,SZ,东方财富行情中心代码列表,2026-08-01T19:29:01+08:00
603337,SH,东方财富行情中心代码列表,2026-08-01T19:29:01+08:00
603629,SH,东方财富行情中心代码列表,2026-08-01T19:29:01+08:00
603738,SH,东方财富行情中心代码列表,2026-08-01T19:29:01+08:00
603721,SH,东方财富行情中心代码列表,2026-08-01T19:29:01+08:00
603398,SH,东方财富行情中心代码列表,2026-08-01T19:29:01+08:00
002775,SZ,东方财富行情中心代码列表,2026-08-01T19:29:01+08:00
002659,SZ,东方财富行情中心代码列表,2026-08-01T19:29:01+08:00
002235,SZ,东方财富行情中心代码列表,2026-08-01T19:29:01+08:00
001400,SZ,东方财富行情中心代码列表,2026-08-01T19:29:01+08:00
001359,SZ,东方财富行情中心代码列表,2026-08-01T19:29:01+08:00
000820,SZ,东方财富行情中心代码列表,2026-08-01T19:29:01+08:00
000815,SZ,东方财富行情中心代码列表,2026-08-01T19:29:01+08:00
000506,SZ,东方财富行情中心代码列表,2026-08-01T19:29:01+08:00
000048,SZ,东方财富行情中心代码列表,2026-08-01T19:29:01+08:00
002896,SZ,东方财富行情中心代码列表,2026-08-01T19:29:01+08:00
605178,SH,东方财富行情中心代码列表,2026-08-01T19:29:01+08:00
002929,SZ,东方财富行情中心代码列表,2026-08-01T19:29:01+08:00
600580,SH,东方财富行情中心代码列表,2026-08-01T19:29:01+08:00
603067,SH,东方财富行情中心代码列表,2026-08-01T19:29:01+08:00
001267,SZ,东方财富行情中心代码列表,2026-08-01T19:29:01+08:00
002931,SZ,东方财富行情中心代码列表,2026-08-01T19:29:01+08:00
605179,SH,东方财富行情中心代码列表,2026-08-01T19:29:01+08:00
603286,SH,东方财富行情中心代码列表,2026-08-01T19:29:01+08:00
603039,SH,东方财富行情中心代码列表,2026-08-01T19:29:01+08:00
002432,SZ,东方财富行情中心代码列表,2026-08-01T19:29:01+08:00
603375,SH,东方财富行情中心代码列表,2026-08-01T19:29:01+08:00
002015,SZ,东方财富行情中心代码列表,2026-08-01T19:29:01+08:00
000032,SZ,东方财富行情中心代码列表,2026-08-01T19:29:01+08:00
603637,SH,东方财富行情中心代码列表,2026-08-01T19:29:01+08:00
002115,SZ,东方财富行情中心代码列表,2026-08-01T19:29:01+08:00
603009,SH,东方财富行情中心代码列表,2026-08-01T19:29:01+08:00
600602,SH,东方财富行情中心代码列表,2026-08-01T19:29:01+08:00
003032,SZ,东方财富行情中心代码列表,2026-08-01T19:29:01+08:00
605168,SH,东方财富行情中心代码列表,2026-08-01T19:29:01+08:00
603598,SH,东方财富行情中心代码列表,2026-08-01T19:29:01+08:00
600986,SH,东方财富行情中心代码列表,2026-08-01T19:29:01+08:00
000676,SZ,东方财富行情中心代码列表,2026-08-01T19:29:01+08:00
603696,SH,东方财富行情中心代码列表,2026-08-01T19:29:01+08:00
002197,SZ,东方财富行情中心代码列表,2026-08-01T19:29:01+08:00
002963,SZ,东方财富行情中心代码列表,2026-08-01T19:29:01+08:00
603608,SH,东方财富行情中心代码列表,2026-08-01T19:29:01+08:00
603533,SH,东方财富行情中心代码列表,2026-08-01T19:29:01+08:00
301182,SZ,东方财富行情中心代码列表,2026-08-01T19:29:01+08:00
003005,SZ,东方财富行情中心代码列表,2026-08-01T19:29:01+08:00
002354,SZ,东方财富行情中心代码列表,2026-08-01T19:29:01+08:00
603682,SH,东方财富行情中心代码列表,2026-08-01T19:29:01+08:00
300731,SZ,东方财富行情中心代码列表,2026-08-01T19:29:01+08:00
000967,SZ,东方财富行情中心代码列表,2026-08-01T19:29:01+08:00
000595,SZ,东方财富行情中心代码列表,2026-08-01T19:29:01+08:00
600791,SH,东方财富行情中心代码列表,2026-08-01T19:29:01+08:00
000428,SZ,东方财富行情中心代码列表,2026-08-01T19:29:01+08:00
603679,SH,东方财富行情中心代码列表,2026-08-01T19:29:01+08:00
002131,SZ,东方财富行情中心代码列表,2026-08-01T19:29:01+08:00
300936,SZ,东方财富行情中心代码列表,2026-08-01T19:29:01+08:00
300779,SZ,东方财富行情中心代码列表,2026-08-01T19:29:01+08:00
688605,SH,东方财富行情中心代码列表,2026-08-01T19:29:01+08:00
688225,SH,东方财富行情中心代码列表,2026-08-01T19:29:01+08:00
300634,SZ,东方财富行情中心代码列表,2026-08-01T19:29:01+08:00
301236,SZ,东方财富行情中心代码列表,2026-08-01T19:29:01+08:00
301322,SZ,东方财富行情中心代码列表,2026-08-01T19:29:01+08:00
688678,SH,东方财富行情中心代码列表,2026-08-01T19:29:01+08:00
301070,SZ,东方财富行情中心代码列表,2026-08-01T19:29:01+08:00
301133,SZ,东方财富行情中心代码列表,2026-08-01T19:29:01+08:00
688593,SH,东方财富行情中心代码列表,2026-08-01T19:29:01+08:00
688668,SH,东方财富行情中心代码列表,2026-08-01T19:29:01+08:00
600082,SH,东方财富行情中心代码列表,2026-08-01T19:29:01+08:00
300553,SZ,东方财富行情中心代码列表,2026-08-01T19:29:01+08:00
300571,SZ,东方财富行情中心代码列表,2026-08-01T19:29:01+08:00
301316,SZ,东方财富行情中心代码列表,2026-08-01T19:29:01+08:00
301205,SZ,东方财富行情中心代码列表,2026-08-01T19:29:01+08:00
300640,SZ,东方财富行情中心代码列表,2026-08-01T19:29:01+08:00
688699,SH,东方财富行情中心代码列表,2026-08-01T19:29:01+08:00
688318,SH,东方财富行情中心代码列表,2026-08-01T19:29:01+08:00
688698,SH,东方财富行情中心代码列表,2026-08-01T19:29:01+08:00
688039,SH,东方财富行情中心代码列表,2026-08-01T19:29:01+08:00
688118,SH,东方财富行情中心代码列表,2026-08-01T19:29:01+08:00
688229,SH,东方财富行情中心代码列表,2026-08-01T19:29:01+08:00
300147,SZ,东方财富行情中心代码列表,2026-08-01T19:29:01+08:00
688519,SH,东方财富行情中心代码列表,2026-08-01T19:29:01+08:00
688400,SH,东方财富行情中心代码列表,2026-08-01T19:29:01+08:00
300192,SZ,东方财富行情中心代码列表,2026-08-01T19:29:01+08:00
300139,SZ,东方财富行情中心代码列表,2026-08-01T19:29:01+08:00
300895,SZ,东方财富行情中心代码列表,2026-08-01T19:29:01+08:00
688025,SH,东方财富行情中心代码列表,2026-08-01T19:29:01+08:00
688160,SH,东方财富行情中心代码列表,2026-08-01T19:29:01+08:00
301067,SZ,东方财富行情中心代码列表,2026-08-01T19:29:01+08:00
300442,SZ,东方财富行情中心代码列表,2026-08-01T19:29:01+08:00
688450,SH,东方财富行情中心代码列表,2026-08-01T19:29:01+08:00
603728,SH,东方财富行情中心代码列表,2026-08-01T19:29:01+08:00
301362,SZ,东方财富行情中心代码列表,2026-08-01T19:29:01+08:00
300419,SZ,东方财富行情中心代码列表,2026-08-01T19:29:01+08:00
300112,SZ,东方财富行情中心代码列表,2026-08-01T19:29:01+08:00
300951,SZ,东方财富行情中心代码列表,2026-08-01T19:29:01+08:00
688561,SH,东方财富行情中心代码列表,2026-08-01T19:29:01+08:00
688367,SH,东方财富行情中心代码列表,2026-08-01T19:29:01+08:00
688165,SH,东方财富行情中心代码列表,2026-08-01T19:29:01+08:00
300491,SZ,东方财富行情中心代码列表,2026-08-01T19:29:01+08:00
301178,SZ,东方财富行情中心代码列表,2026-08-01T19:29:01+08:00
300805,SZ,东方财富行情中心代码列表,2026-08-01T19:29:01+08:00
300461,SZ,东方财富行情中心代码列表,2026-08-01T19:29:01+08:00
600376,SH,东方财富行情中心代码列表,2026-08-01T19:29:01+08:00
301007,SZ,东方财富行情中心代码列表,2026-08-01T19:29:01+08:00
300768,SZ,东方财富行情中心代码列表,2026-08-01T19:29:01+08:00
300806,SZ,东方财富行情中心代码列表,2026-08-01T19:29:01+08:00
002970,SZ,东方财富行情中心代码列表,2026-08-01T19:29:01+08:00
603272,SH,东方财富行情中心代码列表,2026-08-01T19:29:01+08:00
300440,SZ,东方财富行情中心代码列表,2026-08-01T19:29:01+08:00
600180,SH,东方财富行情中心代码列表,2026-08-01T19:29:01+08:00
605488,SH,东方财富行情中心代码列表,2026-08-01T19:29:01+08:00
300585,SZ,东方财富行情中心代码列表,2026-08-01T19:29:01+08:00
300577,SZ,东方财富行情中心代码列表,2026-08-01T19:29:01+08:00
300530,SZ,东方财富行情中心代码列表,2026-08-01T19:29:01+08:00
301596,SZ,东方财富行情中心代码列表,2026-08-01T19:29:01+08:00
300253,SZ,东方财富行情中心代码列表,2026-08-01T19:29:01+08:00
301281,SZ,东方财富行情中心代码列表,2026-08-01T19:29:01+08:00
300486,SZ,东方财富行情中心代码列表,2026-08-01T19:29:01+08:00
300133,SZ,东方财富行情中心代码列表,2026-08-01T19:29:01+08:00
301536,SZ,东方财富行情中心代码列表,2026-08-01T19:29:01+08:00
301085,SZ,东方财富行情中心代码列表,2026-08-01T19:29:01+08:00
300222,SZ,东方财富行情中心代码列表,2026-08-01T19:29:01+08:00
301275,SZ,东方财富行情中心代码列表,2026-08-01T19:29:01+08:00
300907,SZ,东方财富行情中心代码列表,2026-08-01T19:29:01+08:00
688125,SH,东方财富行情中心代码列表,2026-08-01T19:29:01+08:00
301319,SZ,东方财富行情中心代码列表,2026-08-01T19:29:01+08:00
603722,SH,东方财富行情中心代码列表,2026-08-01T19:29:01+08:00
002787,SZ,东方财富行情中心代码列表,2026-08-01T19:29:01+08:00
688685,SH,东方财富行情中心代码列表,2026-08-01T19:29:01+08:00
301169,SZ,东方财富行情中心代码列表,2026-08-01T19:29:01+08:00
002789,SZ,东方财富行情中心代码列表,2026-08-01T19:29:01+08:00
301160,SZ,东方财富行情中心代码列表,2026-08-01T19:29:01+08:00
603657,SH,东方财富行情中心代码列表,2026-08-01T19:29:01+08:00
688630,SH,东方财富行情中心代码列表,2026-08-01T19:29:01+08:00
688813,SH,东方财富行情中心代码列表,2026-08-01T19:29:01+08:00
000960,SZ,东方财富行情中心代码列表,2026-08-01T19:29:01+08:00
301230,SZ,东方财富行情中心代码列表,2026-08-01T19:29:01+08:00
688372,SH,东方财富行情中心代码列表,2026-08-01T19:29:01+08:00
688049,SH,东方财富行情中心代码列表,2026-08-01T19:29:01+08:00
300229,SZ,东方财富行情中心代码列表,2026-08-01T19:29:01+08:00
002428,SZ,东方财富行情中心代码列表,2026-08-01T19:29:01+08:00
301248,SZ,东方财富行情中心代码列表,2026-08-01T19:29:01+08:00
000571,SZ,东方财富行情中心代码列表,2026-08-01T19:29:01+08:00
002403,SZ,东方财富行情中心代码列表,2026-08-01T19:29:01+08:00
688246,SH,东方财富行情中心代码列表,2026-08-01T19:29:01+08:00
603107,SH,东方财富行情中心代码列表,2026-08-01T19:29:01+08:00
002916,SZ,东方财富行情中心代码列表,2026-08-01T19:29:01+08:00
603595,SH,东方财富行情中心代码列表,2026-08-01T19:29:01+08:00
688628,SH,东方财富行情中心代码列表,2026-08-01T19:29:01+08:00
000608,SZ,东方财富行情中心代码列表,2026-08-01T19:29:01+08:00
300331,SZ,东方财富行情中心代码列表,2026-08-01T19:29:01+08:00
301261,SZ,东方财富行情中心代码列表,2026-08-01T19:29:01+08:00
603662,SH,东方财富行情中心代码列表,2026-08-01T19:29:01+08:00
688500,SH,东方财富行情中心代码列表,2026-08-01T19:29:01+08:00
603666,SH,东方财富行情中心代码列表,2026-08-01T19:29:01+08:00
301157,SZ,东方财富行情中心代码列表,2026-08-01T19:29:01+08:00
603158,SH,东方财富行情中心代码列表,2026-08-01T19:29:01+08:00
002488,SZ,东方财富行情中心代码列表,2026-08-01T19:29:01+08:00
301326,SZ,东方财富行情中心代码列表,2026-08-01T19:29:01+08:00
688343,SH,东方财富行情中心代码列表,2026-08-01T19:29:01+08:00
300656,SZ,东方财富行情中心代码列表,2026-08-01T19:29:01+08:00
003013,SZ,东方财富行情中心代码列表,2026-08-01T19:29:01+08:00
688004,SH,东方财富行情中心代码列表,2026-08-01T19:29:01+08:00
603819,SH,东方财富行情中心代码列表,2026-08-01T19:29:01+08:00
603061,SH,东方财富行情中心代码列表,2026-08-01T19:29:01+08:00
002400,SZ,东方财富行情中心代码列表,2026-08-01T19:29:01+08:00
300812,SZ,东方财富行情中心代码列表,2026-08-01T19:29:01+08:00
001389,SZ,东方财富行情中心代码列表,2026-08-01T19:29:01+08:00
301235,SZ,东方财富行情中心代码列表,2026-08-01T19:29:01+08:00
605303,SH,东方财富行情中心代码列表,2026-08-01T19:29:01+08:00
300792,SZ,东方财富行情中心代码列表,2026-08-01T19:29:01+08:00
300749,SZ,东方财富行情中心代码列表,2026-08-01T19:29:01+08:00
300501,SZ,东方财富行情中心代码列表,2026-08-01T19:29:01+08:00
300626,SZ,东方财富行情中心代码列表,2026-08-01T19:29:01+08:00
300198,SZ,东方财富行情中心代码列表,2026-08-01T19:29:01+08:00
603985,SH,东方财富行情中心代码列表,2026-08-01T19:29:01+08:00
688768,SH,东方财富行情中心代码列表,2026-08-01T19:29:01+08:00
600201,SH,东方财富行情中心代码列表,2026-08-01T19:29:01+08:00
688636,SH,东方财富行情中心代码列表,2026-08-01T19:29:01+08:00
300648,SZ,东方财富行情中心代码列表,2026-08-01T19:29:01+08:00
000503,SZ,东方财富行情中心代码列表,2026-08-01T19:29:01+08:00
688291,SH,东方财富行情中心代码列表,2026-08-01T19:29:01+08:00
002380,SZ,东方财富行情中心代码列表,2026-08-01T19:29:01+08:00
688449,SH,东方财富行情中心代码列表,2026-08-01T19:29:01+08:00
301285,SZ,东方财富行情中心代码列表,2026-08-01T19:29:01+08:00
688210,SH,东方财富行情中心代码列表,2026-08-01T19:29:01+08:00
688695,SH,东方财富行情中心代码列表,2026-08-01T19:29:01+08:00
301172,SZ,东方财富行情中心代码列表,2026-08-01T19:29:01+08:00
300291,SZ,东方财富行情中心代码列表,2026-08-01T19:29:01+08:00
300113,SZ,东方财富行情中心代码列表,2026-08-01T19:29:01+08:00
600418,SH,东方财富行情中心代码列表,2026-08-01T19:29:01+08:00
300638,SZ,东方财富行情中心代码列表,2026-08-01T19:29:01+08:00
300657,SZ,东方财富行情中心代码列表,2026-08-01T19:29:01+08:00
300287,SZ,东方财富行情中心代码列表,2026-08-01T19:29:01+08:00
301008,SZ,东方财富行情中心代码列表,2026-08-01T19:29:01+08:00
301428,SZ,东方财富行情中心代码列表,2026-08-01T19:29:01+08:00
000338,SZ,东方财富行情中心代码列表,2026-08-01T19:29:01+08:00
688115,SH,东方财富行情中心代码列表,2026-08-01T19:29:01+08:00
002472,SZ,东方财富行情中心代码列表,2026-08-01T19:29:01+08:00
300570,SZ,东方财富行情中心代码列表,2026-08-01T19:29:01+08:00
605128,SH,东方财富行情中心代码列表,2026-08-01T19:29:01+08:00
002990,SZ,东方财富行情中心代码列表,2026-08-01T19:29:01+08:00
301413,SZ,东方财富行情中心代码列表,2026-08-01T19:29:01+08:00
688292,SH,东方财富行情中心代码列表,2026-08-01T19:29:01+08:00
600589,SH,东方财富行情中心代码列表,2026-08-01T19:29:01+08:00
300231,SZ,东方财富行情中心代码列表,2026-08-01T19:29:01+08:00
688307,SH,东方财富行情中心代码列表,2026-08-01T19:29:01+08:00
300612,SZ,东方财富行情中心代码列表,2026-08-01T19:29:01+08:00
002647,SZ,东方财富行情中心代码列表,2026-08-01T19:29:01+08:00
603626,SH,东方财富行情中心代码列表,2026-08-01T19:29:01+08:00
600475,SH,东方财富行情中心代码列表,2026-08-01T19:29:01+08:00
300593,SZ,东方财富行情中心代码列表,2026-08-01T19:29:01+08:00
688716,SH,东方财富行情中心代码列表,2026-08-01T19:29:01+08:00
603179,SH,东方财富行情中心代码列表,2026-08-01T19:29:01+08:00
603926,SH,东方财富行情中心代码列表,2026-08-01T19:29:01+08:00
603667,SH,东方财富行情中心代码列表,2026-08-01T19:29:01+08:00
605186,SH,东方财富行情中心代码列表,2026-08-01T19:29:01+08:00
002463,SZ,东方财富行情中心代码列表,2026-08-01T19:29:01+08:00
603119,SH,东方财富行情中心代码列表,2026-08-01T19:29:01+08:00
688498,SH,东方财富行情中心代码列表,2026-08-01T19:29:01+08:00
301629,SZ,东方财富行情中心代码列表,2026-08-01T19:29:01+08:00
300609,SZ,东方财富行情中心代码列表,2026-08-01T19:29:01+08:00
300620,SZ,东方财富行情中心代码列表,2026-08-01T19:29:01+08:00
688230,SH,东方财富行情中心代码列表,2026-08-01T19:29:01+08:00
603211,SH,东方财富行情中心代码列表,2026-08-01T19:29:01+08:00
002025,SZ,东方财富行情中心代码列表,2026-08-01T19:29:01+08:00
301302,SZ,东方财富行情中心代码列表,2026-08-01T19:29:01+08:00
301306,SZ,东方财富行情中心代码列表,2026-08-01T19:29:01+08:00
603124,SH,东方财富行情中心代码列表,2026-08-01T19:29:01+08:00
002655,SZ,东方财富行情中心代码列表,2026-08-01T19:29:01+08:00
688683,SH,东方财富行情中心代码列表,2026-08-01T19:29:01+08:00
300605,SZ,东方财富行情中心代码列表,2026-08-01T19:29:01+08:00
301611,SZ,东方财富行情中心代码列表,2026-08-01T19:29:01+08:00
300980,SZ,东方财富行情中心代码列表,2026-08-01T19:29:01+08:00
000681,SZ,东方财富行情中心代码列表,2026-08-01T19:29:01+08:00
300683,SZ,东方财富行情中心代码列表,2026-08-01T19:29:01+08:00
000700,SZ,东方财富行情中心代码列表,2026-08-01T19:29:01+08:00
688195,SH,东方财富行情中心代码列表,2026-08-01T19:29:01+08:00
688663,SH,东方财富行情中心代码列表,2026-08-01T19:29:01+08:00
688361,SH,东方财富行情中心代码列表,2026-08-01T19:29:01+08:00
301025,SZ,东方财富行情中心代码列表,2026-08-01T19:29:01+08:00
603228,SH,东方财富行情中心代码列表,2026-08-01T19:29:01+08:00
002135,SZ,东方财富行情中心代码列表,2026-08-01T19:29:01+08:00
688313,SH,东方财富行情中心代码列表,2026-08-01T19:29:01+08:00
301225,SZ,东方财富行情中心代码列表,2026-08-01T19:29:01+08:00
301557,SZ,东方财富行情中心代码列表,2026-08-01T19:29:01+08:00
301128,SZ,东方财富行情中心代码列表,2026-08-01T19:29:01+08:00
603859,SH,东方财富行情中心代码列表,2026-08-01T19:29:01+08:00
300264,SZ,东方财富行情中心代码列表,2026-08-01T19:29:01+08:00
002938,SZ,东方财富行情中心代码列表,2026-08-01T19:29:01+08:00
300550,SZ,东方财富行情中心代码列表,2026-08-01T19:29:01+08:00
301556,SZ,东方财富行情中心代码列表,2026-08-01T19:29:01+08:00
002353,SZ,东方财富行情中心代码列表,2026-08-01T19:29:01+08:00
603138,SH,东方财富行情中心代码列表,2026-08-01T19:29:01+08:00
600234,SH,东方财富行情中心代码列表,2026-08-01T19:29:01+08:00
002368,SZ,东方财富行情中心代码列表,2026-08-01T19:29:01+08:00
002181,SZ,东方财富行情中心代码列表,2026-08-01T19:29:01+08:00
688205,SH,东方财富行情中心代码列表,2026-08-01T19:29:01+08:00
000711,SZ,东方财富行情中心代码列表,2026-08-01T19:29:01+08:00
688781,SH,东方财富行情中心代码列表,2026-08-01T19:29:01+08:00
688099,SH,东方财富行情中心代码列表,2026-08-01T19:29:01+08:00
600730,SH,东方财富行情中心代码列表,2026-08-01T19:29:01+08:00
300660,SZ,东方财富行情中心代码列表,2026-08-01T19:29:01+08:00
002976,SZ,东方财富行情中心代码列表,2026-08-01T19:29:01+08:00
688378,SH,东方财富行情中心代码列表,2026-08-01T19:29:01+08:00
301510,SZ,东方财富行情中心代码列表,2026-08-01T19:29:01+08:00
002067,SZ,东方财富行情中心代码列表,2026-08-01T19:29:01+08:00
002841,SZ,东方财富行情中心代码列表,2026-08-01T19:29:01+08:00
300622,SZ,东方财富行情中心代码列表,2026-08-01T19:29:01+08:00
688244,SH,东方财富行情中心代码列表,2026-08-01T19:29:01+08:00
603669,SH,东方财富行情中心代码列表,2026-08-01T19:29:01+08:00
688058,SH,东方财富行情中心代码列表,2026-08-01T19:29:01+08:00
300518,SZ,东方财富行情中心代码列表,2026-08-01T19:29:01+08:00
688327,SH,东方财富行情中心代码列表,2026-08-01T19:29:01+08:00
300209,SZ,东方财富行情中心代码列表,2026-08-01T19:29:01+08:00
688111,SH,东方财富行情中心代码列表,2026-08-01T19:29:01+08:00
301318,SZ,东方财富行情中心代码列表,2026-08-01T19:29:01+08:00
000962,SZ,东方财富行情中心代码列表,2026-08-01T19:29:01+08:00
688066,SH,东方财富行情中心代码列表,2026-08-01T19:29:01+08:00
301603,SZ,东方财富行情中心代码列表,2026-08-01T19:29:01+08:00
300740,SZ,东方财富行情中心代码列表,2026-08-01T19:29:01+08:00
300915,SZ,东方财富行情中心代码列表,2026-08-01T19:29:01+08:00
300661,SZ,东方财富行情中心代码列表,2026-08-01T19:29:01+08:00
002850,SZ,东方财富行情中心代码列表,2026-08-01T19:29:01+08:00
000779,SZ,东方财富行情中心代码列表,2026-08-01T19:29:01+08:00
300050,SZ,东方财富行情中心代码列表,2026-08-01T19:29:01+08:00
300695,SZ,东方财富行情中心代码列表,2026-08-01T19:29:01+08:00
600624,SH,东方财富行情中心代码列表,2026-08-01T19:29:01+08:00
603960,SH,东方财富行情中心代码列表,2026-08-01T19:29:01+08:00
688582,SH,东方财富行情中心代码列表,2026-08-01T19:29:01+08:00
301677,SZ,东方财富行情中心代码列表,2026-08-01T19:29:01+08:00
688383,SH,东方财富行情中心代码列表,2026-08-01T19:29:01+08:00
300394,SZ,东方财富行情中心代码列表,2026-08-01T19:29:01+08:00
300921,SZ,东方财富行情中心代码列表,2026-08-01T19:29:01+08:00
688083,SH,东方财富行情中心代码列表,2026-08-01T19:29:01+08:00
300788,SZ,东方财富行情中心代码列表,2026-08-01T19:29:01+08:00
688809,SH,东方财富行情中心代码列表,2026-08-01T19:29:01+08:00
688808,SH,东方财富行情中心代码列表,2026-08-01T19:29:01+08:00
300339,SZ,东方财富行情中心代码列表,2026-08-01T19:29:01+08:00
300234,SZ,东方财富行情中心代码列表,2026-08-01T19:29:01+08:00
002303,SZ,东方财富行情中心代码列表,2026-08-01T19:29:01+08:00
688048,SH,东方财富行情中心代码列表,2026-08-01T19:29:01+08:00
688003,SH,东方财富行情中心代码列表,2026-08-01T19:29:01+08:00
300959,SZ,东方财富行情中心代码列表,2026-08-01T19:29:01+08:00
002158,SZ,东方财富行情中心代码列表,2026-08-01T19:29:01+08:00
002138,SZ,东方财富行情中心代码列表,2026-08-01T19:29:01+08:00
300061,SZ,东方财富行情中心代码列表,2026-08-01T19:29:01+08:00
688620,SH,东方财富行情中心代码列表,2026-08-01T19:29:01+08:00
300502,SZ,东方财富行情中心代码列表,2026-08-01T19:29:01+08:00
002691,SZ,东方财富行情中心代码列表,2026-08-01T19:29:01+08:00
688557,SH,东方财富行情中心代码列表,2026-08-01T19:29:01+08:00
688767,SH,东方财富行情中心代码列表,2026-08-01T19:29:01+08:00
002972,SZ,东方财富行情中心代码列表,2026-08-01T19:29:01+08:00
600126,SH,东方财富行情中心代码列表,2026-08-01T19:29:01+08:00
603002,SH,东方财富行情中心代码列表,2026-08-01T19:29:01+08:00
002396,SZ,东方财富行情中心代码列表,2026-08-01T19:29:01+08:00
000889,SZ,东方财富行情中心代码列表,2026-08-01T19:29:01+08:00
301123,SZ,东方财富行情中心代码列表,2026-08-01T19:29:01+08:00
000710,SZ,东方财富行情中心代码列表,2026-08-01T19:29:01+08:00
688088,SH,东方财富行情中心代码列表,2026-08-01T19:29:01+08:00
688081,SH,东方财富行情中心代码列表,2026-08-01T19:29:01+08:00
603258,SH,东方财富行情中心代码列表,2026-08-01T19:29:01+08:00
002871,SZ,东方财富行情中心代码列表,2026-08-01T19:29:01+08:00
301392,SZ,东方财富行情中心代码列表,2026-08-01T19:29:01+08:00
300966,SZ,东方财富行情中心代码列表,2026-08-01T19:29:01+08:00
600143,SH,东方财富行情中心代码列表,2026-08-01T19:29:01+08:00
003021,SZ,东方财富行情中心代码列表,2026-08-01T19:29:01+08:00
301191,SZ,东方财富行情中心代码列表,2026-08-01T19:29:01+08:00
600410,SH,东方财富行情中心代码列表,2026-08-01T19:29:01+08:00
300065,SZ,东方财富行情中心代码列表,2026-08-01T19:29:01+08:00
688231,SH,东方财富行情中心代码列表,2026-08-01T19:29:01+08:00
300790,SZ,东方财富行情中心代码列表,2026-08-01T19:29:01+08:00
002686,SZ,东方财富行情中心代码列表,2026-08-01T19:29:01+08:00
688511,SH,东方财富行情中心代码列表,2026-08-01T19:29:01+08:00
301125,SZ,东方财富行情中心代码列表,2026-08-01T19:29:01+08:00
300964,SZ,东方财富行情中心代码列表,2026-08-01T19:29:01+08:00
688234,SH,东方财富行情中心代码列表,2026-08-01T19:29:01+08:00
603219,SH,东方财富行情中心代码列表,2026-08-01T19:29:01+08:00
002203,SZ,东方财富行情中心代码列表,2026-08-01T19:29:01+08:00
688655,SH,东方财富行情中心代码列表,2026-08-01T19:29:01+08:00
002768,SZ,东方财富行情中心代码列表,2026-08-01T19:29:01+08:00
600302,SH,东方财富行情中心代码列表,2026-08-01T19:29:01+08:00
301626,SZ,东方财富行情中心代码列表,2026-08-01T19:29:01+08:00
001326,SZ,东方财富行情中心代码列表,2026-08-01T19:29:01+08:00
300496,SZ,东方财富行情中心代码列表,2026-08-01T19:29:01+08:00
603223,SH,东方财富行情中心代码列表,2026-08-01T19:29:01+08:00
688200,SH,东方财富行情中心代码列表,2026-08-01T19:29:01+08:00
688147,SH,东方财富行情中心代码列表,2026-08-01T19:29:01+08:00
603730,SH,东方财富行情中心代码列表,2026-08-01T19:29:01+08:00
600988,SH,东方财富行情中心代码列表,2026-08-01T19:29:01+08:00
301183,SZ,东方财富行情中心代码列表,2026-08-01T19:29:01+08:00
002747,SZ,东方财富行情中心代码列表,2026-08-01T19:29:01+08:00
002624,SZ,东方财富行情中心代码列表,2026-08-01T19:29:01+08:00
301159,SZ,东方财富行情中心代码列表,2026-08-01T19:29:01+08:00
301469,SZ,东方财富行情中心代码列表,2026-08-01T19:29:01+08:00
300131,SZ,东方财富行情中心代码列表,2026-08-01T19:29:01+08:00
688609,SH,东方财富行情中心代码列表,2026-08-01T19:29:01+08:00
603778,SH,东方财富行情中心代码列表,2026-08-01T19:29:01+08:00
300100,SZ,东方财富行情中心代码列表,2026-08-01T19:29:01+08:00
603685,SH,东方财富行情中心代码列表,2026-08-01T19:29:01+08:00
688159,SH,东方财富行情中心代码列表,2026-08-01T19:29:01+08:00
688679,SH,东方财富行情中心代码列表,2026-08-01T19:29:01+08:00
300071,SZ,东方财富行情中心代码列表,2026-08-01T19:29:01+08:00
688171,SH,东方财富行情中心代码列表,2026-08-01T19:29:01+08:00
603903,SH,东方财富行情中心代码列表,2026-08-01T19:29:01+08:00
688257,SH,东方财富行情中心代码列表,2026-08-01T19:29:01+08:00
300987,SZ,东方财富行情中心代码列表,2026-08-01T19:29:01+08:00
688411,SH,东方财富行情中心代码列表,2026-08-01T19:29:01+08:00
300426,SZ,东方财富行情中心代码列表,2026-08-01T19:29:01+08:00
605389,SH,东方财富行情中心代码列表,2026-08-01T19:29:01+08:00
300451,SZ,东方财富行情中心代码列表,2026-08-01T19:29:01+08:00
002757,SZ,东方财富行情中心代码列表,2026-08-01T19:29:01+08:00
002119,SZ,东方财富行情中心代码列表,2026-08-01T19:29:01+08:00
688038,SH,东方财富行情中心代码列表,2026-08-01T19:29:01+08:00
002259,SZ,东方财富行情中心代码列表,2026-08-01T19:29:01+08:00
688601,SH,东方财富行情中心代码列表,2026-08-01T19:29:01+08:00
300307,SZ,东方财富行情中心代码列表,2026-08-01T19:29:01+08:00
000158,SZ,东方财富行情中心代码列表,2026-08-01T19:29:01+08:00
300672,SZ,东方财富行情中心代码列表,2026-08-01T19:29:01+08:00
002044,SZ,东方财富行情中心代码列表,2026-08-01T19:29:01+08:00
300420,SZ,东方财富行情中心代码列表,2026-08-01T19:29:01+08:00
002265,SZ,东方财富行情中心代码列表,2026-08-01T19:29:01+08:00
301382,SZ,东方财富行情中心代码列表,2026-08-01T19:29:01+08:00
688806,SH,东方财富行情中心代码列表,2026-08-01T19:29:01+08:00
603636,SH,东方财富行情中心代码列表,2026-08-01T19:29:01+08:00
301052,SZ,东方财富行情中心代码列表,2026-08-01T19:29:01+08:00
300353,SZ,东方财富行情中心代码列表,2026-08-01T19:29:01+08:00
300830,SZ,东方财富行情中心代码列表,2026-08-01T19:29:01+08:00
301115,SZ,东方财富行情中心代码列表,2026-08-01T19:29:01+08:00
002281,SZ,东方财富行情中心代码列表,2026-08-01T19:29:01+08:00
301017,SZ,东方财富行情中心代码列表,2026-08-01T19:29:01+08:00
688061,SH,东方财富行情中心代码列表,2026-08-01T19:29:01+08:00
688393,SH,东方财富行情中心代码列表,2026-08-01T19:29:01+08:00
688256,SH,东方财富行情中心代码列表,2026-08-01T19:29:01+08:00
688232,SH,东方财富行情中心代码列表,2026-08-01T19:29:01+08:00
688711,SH,东方财富行情中心代码列表,2026-08-01T19:29:01+08:00
002229,SZ,东方财富行情中心代码列表,2026-08-01T19:29:01+08:00
300632,SZ,东方财富行情中心代码列表,2026-08-01T19:29:01+08:00
603186,SH,东方财富行情中心代码列表,2026-08-01T19:29:01+08:00
002283,SZ,东方财富行情中心代码列表,2026-08-01T19:29:01+08:00
300939,SZ,东方财富行情中心代码列表,2026-08-01T19:29:01+08:00
300408,SZ,东方财富行情中心代码列表,2026-08-01T19:29:01+08:00
300040,SZ,东方财富行情中心代码列表,2026-08-01T19:29:01+08:00
002048,SZ,东方财富行情中心代码列表,2026-08-01T19:29:01+08:00
001360,SZ,东方财富行情中心代码列表,2026-08-01T19:29:01+08:00
003007,SZ,东方财富行情中心代码列表,2026-08-01T19:29:01+08:00
002331,SZ,东方财富行情中心代码列表,2026-08-01T19:29:01+08:00
001339,SZ,东方财富行情中心代码列表,2026-08-01T19:29:01+08:00
688480,SH,东方财富行情中心代码列表,2026-08-01T19:29:01+08:00
000837,SZ,东方财富行情中心代码列表,2026-08-01T19:29:01+08:00
002830,SZ,东方财富行情中心代码列表,2026-08-01T19:29:01+08:00
603358,SH,东方财富行情中心代码列表,2026-08-01T19:29:01+08:00
688693,SH,东方财富行情中心代码列表,2026-08-01T19:29:01+08:00
688718,SH,东方财富行情中心代码列表,2026-08-01T19:29:01+08:00
603203,SH,东方财富行情中心代码列表,2026-08-01T19:29:01+08:00
688333,SH,东方财富行情中心代码列表,2026-08-01T19:29:01+08:00
301263,SZ,东方财富行情中心代码列表,2026-08-01T19:29:01+08:00
301153,SZ,东方财富行情中心代码列表,2026-08-01T19:29:01+08:00
300567,SZ,东方财富行情中心代码列表,2026-08-01T19:29:01+08:00
688719,SH,东方财富行情中心代码列表,2026-08-01T19:29:01+08:00
301307,SZ,东方财富行情中心代码列表,2026-08-01T19:29:01+08:00
688170,SH,东方财富行情中心代码列表,2026-08-01T19:29:01+08:00
600845,SH,东方财富行情中心代码列表,2026-08-01T19:29:01+08:00
002695,SZ,东方财富行情中心代码列表,2026-08-01T19:29:01+08:00
000890,SZ,东方财富行情中心代码列表,2026-08-01T19:29:01+08:00
002384,SZ,东方财富行情中心代码列表,2026-08-01T19:29:01+08:00
688191,SH,东方财富行情中心代码列表,2026-08-01T19:29:01+08:00
600114,SH,东方财富行情中心代码列表,2026-08-01T19:29:01+08:00
600962,SH,东方财富行情中心代码列表,2026-08-01T19:29:01+08:00
300538,SZ,东方财富行情中心代码列表,2026-08-01T19:29:01+08:00
300048,SZ,东方财富行情中心代码列表,2026-08-01T19:29:01+08:00
600892,SH,东方财富行情中心代码列表,2026-08-01T19:29:01+08:00
600664,SH,东方财富行情中心代码列表,2026-08-01T19:29:01+08:00
603108,SH,东方财富行情中心代码列表,2026-08-01T19:29:01+08:00
300738,SZ,东方财富行情中心代码列表,2026-08-01T19:29:01+08:00
600769,SH,东方财富行情中心代码列表,2026-08-01T19:29:01+08:00
001268,SZ,东方财富行情中心代码列表,2026-08-01T19:29:01+08:00
301000,SZ,东方财富行情中心代码列表,2026-08-01T19:29:01+08:00
601360,SH,东方财富行情中心代码列表,2026-08-01T19:29:01+08:00
301336,SZ,东方财富行情中心代码列表,2026-08-01T19:29:01+08:00
002230,SZ,东方财富行情中心代码列表,2026-08-01T19:29:01+08:00
301568,SZ,东方财富行情中心代码列表,2026-08-01T19:29:01+08:00
605060,SH,东方财富行情中心代码列表,2026-08-01T19:29:01+08:00
300168,SZ,东方财富行情中心代码列表,2026-08-01T19:29:01+08:00
300953,SZ,东方财富行情中心代码列表,2026-08-01T19:29:01+08:00
600601,SH,东方财富行情中心代码列表,2026-08-01T19:29:01+08:00
301468,SZ,东方财富行情中心代码列表,2026-08-01T19:29:01+08:00
301117,SZ,东方财富行情中心代码列表,2026-08-01T19:29:01+08:00
300249,SZ,东方财富行情中心代码列表,2026-08-01T19:29:01+08:00
000007,SZ,东方财富行情中心代码列表,2026-08-01T19:29:01+08:00
002975,SZ,东方财富行情中心代码列表,2026-08-01T19:29:01+08:00
301024,SZ,东方财富行情中心代码列表,2026-08-01T19:29:01+08:00
002919,SZ,东方财富行情中心代码列表,2026-08-01T19:29:01+08:00
300161,SZ,东方财富行情中心代码列表,2026-08-01T19:29:01+08:00
301486,SZ,东方财富行情中心代码列表,2026-08-01T19:29:01+08:00
301408,SZ,东方财富行情中心代码列表,2026-08-01T19:29:01+08:00
002050,SZ,东方财富行情中心代码列表,2026-08-01T19:29:01+08:00
301095,SZ,东方财富行情中心代码列表,2026-08-01T19:29:01+08:00
688143,SH,东方财富行情中心代码列表,2026-08-01T19:29:01+08:00
688403,SH,东方财富行情中心代码列表,2026-08-01T19:29:01+08:00
688253,SH,东方财富行情中心代码列表,2026-08-01T19:29:01+08:00
300946,SZ,东方财富行情中心代码列表,2026-08-01T19:29:01+08:00
688558,SH,东方财富行情中心代码列表,2026-08-01T19:29:01+08:00
301023,SZ,东方财富行情中心代码列表,2026-08-01T19:29:01+08:00
301563,SZ,东方财富行情中心代码列表,2026-08-01T19:29:01+08:00
301368,SZ,东方财富行情中心代码列表,2026-08-01T19:29:01+08:00
300130,SZ,东方财富行情中心代码列表,2026-08-01T19:29:01+08:00
002484,SZ,东方财富行情中心代码列表,2026-08-01T19:29:01+08:00
601689,SH,东方财富行情中心代码列表,2026-08-01T19:29:01+08:00
688619,SH,东方财富行情中心代码列表,2026-08-01T19:29:01+08:00
002558,SZ,东方财富行情中心代码列表,2026-08-01T19:29:01+08:00
300043,SZ,东方财富行情中心代码列表,2026-08-01T19:29:01+08:00
688691,SH,东方财富行情中心代码列表,2026-08-01T19:29:01+08:00
301279,SZ,东方财富行情中心代码列表,2026-08-01T19:29:01+08:00
300251,SZ,东方财富行情中心代码列表,2026-08-01T19:29:01+08:00
300604,SZ,东方财富行情中心代码列表,2026-08-01T19:29:01+08:00
688272,SH,东方财富行情中心代码列表,2026-08-01T19:29:01+08:00
688308,SH,东方财富行情中心代码列表,2026-08-01T19:29:01+08:00
300717,SZ,东方财富行情中心代码列表,2026-08-01T19:29:01+08:00
301251,SZ,东方财富行情中心代码列表,2026-08-01T19:29:01+08:00
301617,SZ,东方财富行情中心代码列表,2026-08-01T19:29:01+08:00
000628,SZ,东方财富行情中心代码列表,2026-08-01T19:29:01+08:00
688135,SH,东方财富行情中心代码列表,2026-08-01T19:29:01+08:00
300870,SZ,东方财富行情中心代码列表,2026-08-01T19:29:01+08:00
002708,SZ,东方财富行情中心代码列表,2026-08-01T19:29:01+08:00
301110,SZ,东方财富行情中心代码列表,2026-08-01T19:29:01+08:00
300592,SZ,东方财富行情中心代码列表,2026-08-01T19:29:01+08:00
688059,SH,东方财富行情中心代码列表,2026-08-01T19:29:01+08:00
688489,SH,东方财富行情中心代码列表,2026-08-01T19:29:01+08:00
688360,SH,东方财富行情中心代码列表,2026-08-01T19:29:01+08:00
002415,SZ,东方财富行情中心代码列表,2026-08-01T19:29:01+08:00
600666,SH,东方财富行情中心代码列表,2026-08-01T19:29:01+08:00
002272,SZ,东方财富行情中心代码列表,2026-08-01T19:29:01+08:00
688152,SH,东方财富行情中心代码列表,2026-08-01T19:29:01+08:00
301419,SZ,东方财富行情中心代码列表,2026-08-01T19:29:01+08:00
301337,SZ,东方财富行情中心代码列表,2026-08-01T19:29:01+08:00
003019,SZ,东方财富行情中心代码列表,2026-08-01T19:29:01+08:00
301119,SZ,东方财富行情中心代码列表,2026-08-01T19:29:01+08:00
300635,SZ,东方财富行情中心代码列表,2026-08-01T19:29:01+08:00
688312,SH,东方财富行情中心代码列表,2026-08-01T19:29:01+08:00
001259,SZ,东方财富行情中心代码列表,2026-08-01T19:29:01+08:00
600052,SH,东方财富行情中心代码列表,2026-08-01T19:29:01+08:00
300324,SZ,东方财富行情中心代码列表,2026-08-01T19:29:01+08:00
603660,SH,东方财富行情中心代码列表,2026-08-01T19:29:01+08:00
300700,SZ,东方财富行情中心代码列表,2026-08-01T19:29:01+08:00
301312,SZ,东方财富行情中心代码列表,2026-08-01T19:29:01+08:00
301046,SZ,东方财富行情中心代码列表,2026-08-01T19:29:01+08:00
300539,SZ,东方财富行情中心代码列表,2026-08-01T19:29:01+08:00
600831,SH,东方财富行情中心代码列表,2026-08-01T19:29:01+08:00
688795,SH,东方财富行情中心代码列表,2026-08-01T19:29:01+08:00
001330,SZ,东方财富行情中心代码列表,2026-08-01T19:29:01+08:00
688418,SH,东方财富行情中心代码列表,2026-08-01T19:29:01+08:00
300366,SZ,东方财富行情中心代码列表,2026-08-01T19:29:01+08:00
301076,SZ,东方财富行情中心代码列表,2026-08-01T19:29:01+08:00
003041,SZ,东方财富行情中心代码列表,2026-08-01T19:29:01+08:00
688545,SH,东方财富行情中心代码列表,2026-08-01T19:29:01+08:00
300765,SZ,东方财富行情中心代码列表,2026-08-01T19:29:01+08:00
301391,SZ,东方财富行情中心代码列表,2026-08-01T19:29:01+08:00
688535,SH,东方财富行情中心代码列表,2026-08-01T19:29:01+08:00
600228,SH,东方财富行情中心代码列表,2026-08-01T19:29:01+08:00
300913,SZ,东方财富行情中心代码列表,2026-08-01T19:29:01+08:00
688226,SH,东方财富行情中心代码列表,2026-08-01T19:29:01+08:00
300747,SZ,东方财富行情中心代码列表,2026-08-01T19:29:01+08:00
300476,SZ,东方财富行情中心代码列表,2026-08-01T19:29:01+08:00
600997,SH,东方财富行情中心代码列表,2026-08-01T19:29:01+08:00
603991,SH,东方财富行情中心代码列表,2026-08-01T19:29:01+08:00
600183,SH,东方财富行情中心代码列表,2026-08-01T19:29:01+08:00
002248,SZ,东方财富行情中心代码列表,2026-08-01T19:29:01+08:00
688392,SH,东方财富行情中心代码列表,2026-08-01T19:29:01+08:00
300421,SZ,东方财富行情中心代码列表,2026-08-01T19:29:01+08:00
688010,SH,东方财富行情中心代码列表,2026-08-01T19:29:01+08:00
301111,SZ,东方财富行情中心代码列表,2026-08-01T19:29:01+08:00
300912,SZ,东方财富行情中心代码列表,2026-08-01T19:29:01+08:00
301093,SZ,东方财富行情中心代码列表,2026-08-01T19:29:01+08:00
000603,SZ,东方财富行情中心代码列表,2026-08-01T19:29:01+08:00
600545,SH,东方财富行情中心代码列表,2026-08-01T19:29:01+08:00
688626,SH,东方财富行情中心代码列表,2026-08-01T19:29:01+08:00
603881,SH,东方财富行情中心代码列表,2026-08-01T19:29:01+08:00
300991,SZ,东方财富行情中心代码列表,2026-08-01T19:29:01+08:00
603000,SH,东方财富行情中心代码列表,2026-08-01T19:29:01+08:00
002421,SZ,东方财富行情中心代码列表,2026-08-01T19:29:01+08:00
002816,SZ,东方财富行情中心代码列表,2026-08-01T19:29:01+08:00
688662,SH,东方财富行情中心代码列表,2026-08-01T19:29:01+08:00
301001,SZ,东方财富行情中心代码列表,2026-08-01T19:29:01+08:00
000811,SZ,东方财富行情中心代码列表,2026-08-01T19:29:01+08:00
002862,SZ,东方财富行情中心代码列表,2026-08-01T19:29:01+08:00
300221,SZ,东方财富行情中心代码列表,2026-08-01T19:29:01+08:00
688359,SH,东方财富行情中心代码列表,2026-08-01T19:29:01+08:00
301086,SZ,东方财富行情中心代码列表,2026-08-01T19:29:01+08:00
300556,SZ,东方财富行情中心代码列表,2026-08-01T19:29:01+08:00
300097,SZ,东方财富行情中心代码列表,2026-08-01T19:29:01+08:00
300018,SZ,东方财富行情中心代码列表,2026-08-01T19:29:01+08:00
300976,SZ,东方财富行情中心代码列表,2026-08-01T19:29:01+08:00
300843,SZ,东方财富行情中心代码列表,2026-08-01T19:29:01+08:00
300935,SZ,东方财富行情中心代码列表,2026-08-01T19:29:01+08:00
301041,SZ,东方财富行情中心代码列表,2026-08-01T19:29:01+08:00
300557,SZ,东方财富行情中心代码列表,2026-08-01T19:29:01+08:00
002261,SZ,东方财富行情中心代码列表,2026-08-01T19:29:01+08:00
301338,SZ,东方财富行情中心代码列表,2026-08-01T19:29:01+08:00
605336,SH,东方财富行情中心代码列表,2026-08-01T19:29:01+08:00
300154,SZ,东方财富行情中心代码列表,2026-08-01T19:29:01+08:00
000672,SZ,东方财富行情中心代码列表,2026-08-01T19:29:01+08:00
002811,SZ,东方财富行情中心代码列表,2026-08-01T19:29:01+08:00
688150,SH,东方财富行情中心代码列表,2026-08-01T19:29:01+08:00
300810,SZ,东方财富行情中心代码列表,2026-08-01T19:29:01+08:00
603725,SH,东方财富行情中心代码列表,2026-08-01T19:29:01+08:00
300458,SZ,东方财富行情中心代码列表,2026-08-01T19:29:01+08:00
002348,SZ,东方财富行情中心代码列表,2026-08-01T19:29:01+08:00
688811,SH,东方财富行情中心代码列表,2026-08-01T19:29:01+08:00
600821,SH,东方财富行情中心代码列表,2026-08-01T19:29:01+08:00
300909,SZ,东方财富行情中心代码列表,2026-08-01T19:29:01+08:00
601138,SH,东方财富行情中心代码列表,2026-08-01T19:29:01+08:00
300067,SZ,东方财富行情中心代码列表,2026-08-01T19:29:01+08:00
002712,SZ,东方财富行情中心代码列表,2026-08-01T19:29:01+08:00
300163,SZ,东方财富行情中心代码列表,2026-08-01T19:29:01+08:00
300885,SZ,东方财富行情中心代码列表,2026-08-01T19:29:01+08:00
688386,SH,东方财富行情中心代码列表,2026-08-01T19:29:01+08:00
300872,SZ,东方财富行情中心代码列表,2026-08-01T19:29:01+08:00
300342,SZ,东方财富行情中心代码列表,2026-08-01T19:29:01+08:00
300811,SZ,东方财富行情中心代码列表,2026-08-01T19:29:01+08:00
002792,SZ,东方财富行情中心代码列表,2026-08-01T19:29:01+08:00
301459,SZ,东方财富行情中心代码列表,2026-08-01T19:29:01+08:00
603665,SH,东方财富行情中心代码列表,2026-08-01T19:29:01+08:00
605068,SH,东方财富行情中心代码列表,2026-08-01T19:29:01+08:00
600536,SH,东方财富行情中心代码列表,2026-08-01T19:29:01+08:00
301379,SZ,东方财富行情中心代码列表,2026-08-01T19:29:01+08:00
002139,SZ,东方财富行情中心代码列表,2026-08-01T19:29:01+08:00
300084,SZ,东方财富行情中心代码列表,2026-08-01T19:29:01+08:00
688588,SH,东方财富行情中心代码列表,2026-08-01T19:29:01+08:00
600880,SH,东方财富行情中心代码列表,2026-08-01T19:29:01+08:00
688084,SH,东方财富行情中心代码列表,2026-08-01T19:29:01+08:00
688385,SH,东方财富行情中心代码列表,2026-08-01T19:29:01+08:00
688286,SH,东方财富行情中心代码列表,2026-08-01T19:29:01+08:00
688419,SH,东方财富行情中心代码列表,2026-08-01T19:29:01+08:00
601100,SH,东方财富行情中心代码列表,2026-08-01T19:29:01+08:00
603519,SH,东方财富行情中心代码列表,2026-08-01T19:29:01+08:00
688079,SH,东方财富行情中心代码列表,2026-08-01T19:29:01+08:00
301517,SZ,东方财富行情中心代码列表,2026-08-01T19:29:01+08:00
001230,SZ,东方财富行情中心代码列表,2026-08-01T19:29:01+08:00
301678,SZ,东方财富行情中心代码列表,2026-08-01T19:29:01+08:00
600288,SH,东方财富行情中心代码列表,2026-08-01T19:29:01+08:00
300860,SZ,东方财富行情中心代码列表,2026-08-01T19:29:01+08:00
300321,SZ,东方财富行情中心代码列表,2026-08-01T19:29:01+08:00
603220,SH,东方财富行情中心代码列表,2026-08-01T19:29:01+08:00
603306,SH,东方财富行情中心代码列表,2026-08-01T19:29:01+08:00
000759,SZ,东方财富行情中心代码列表,2026-08-01T19:29:01+08:00
688530,SH,东方财富行情中心代码列表,2026-08-01T19:29:01+08:00
688807,SH,东方财富行情中心代码列表,2026-08-01T19:29:01+08:00
688069,SH,东方财富行情中心代码列表,2026-08-01T19:29:01+08:00
002161,SZ,东方财富行情中心代码列表,2026-08-01T19:29:01+08:00
002065,SZ,东方财富行情中心代码列表,2026-08-01T19:29:01+08:00
688816,SH,东方财富行情中心代码列表,2026-08-01T19:29:01+08:00
002674,SZ,东方财富行情中心代码列表,2026-08-01T19:29:01+08:00
300479,SZ,东方财富行情中心代码列表,2026-08-01T19:29:01+08:00
300952,SZ,东方财富行情中心代码列表,2026-08-01T19:29:01+08:00
688551,SH,东方财富行情中心代码列表,2026-08-01T19:29:01+08:00
301592,SZ,东方财富行情中心代码列表,2026-08-01T19:29:01+08:00
300499,SZ,东方财富行情中心代码列表,2026-08-01T19:29:01+08:00
001314,SZ,东方财富行情中心代码列表,2026-08-01T19:29:01+08:00
688667,SH,东方财富行情中心代码列表,2026-08-01T19:29:01+08:00
688209,SH,东方财富行情中心代码列表,2026-08-01T19:29:01+08:00
300504,SZ,东方财富行情中心代码列表,2026-08-01T19:29:01+08:00
688577,SH,东方财富行情中心代码列表,2026-08-01T19:29:01+08:00
605588,SH,东方财富行情中心代码列表,2026-08-01T19:29:01+08:00
301185,SZ,东方财富行情中心代码列表,2026-08-01T19:29:01+08:00
688371,SH,东方财富行情中心代码列表,2026-08-01T19:29:01+08:00
301096,SZ,东方财富行情中心代码列表,2026-08-01T19:29:01+08:00
600556,SH,东方财富行情中心代码列表,2026-08-01T19:29:01+08:00
300265,SZ,东方财富行情中心代码列表,2026-08-01T19:29:01+08:00
600744,SH,东方财富行情中心代码列表,2026-08-01T19:29:01+08:00
603950,SH,东方财富行情中心代码列表,2026-08-01T19:29:01+08:00
002457,SZ,东方财富行情中心代码列表,2026-08-01T19:29:01+08:00
301360,SZ,东方财富行情中心代码列表,2026-08-01T19:29:01+08:00
300877,SZ,东方财富行情中心代码列表,2026-08-01T19:29:01+08:00
300587,SZ,东方财富行情中心代码列表,2026-08-01T19:29:01+08:00
300562,SZ,东方财富行情中心代码列表,2026-08-01T19:29:01+08:00
603038,SH,东方财富行情中心代码列表,2026-08-01T19:29:01+08:00
301377,SZ,东方财富行情中心代码列表,2026-08-01T19:29:01+08:00
300383,SZ,东方财富行情中心代码列表,2026-08-01T19:29:01+08:00
300654,SZ,东方财富行情中心代码列表,2026-08-01T19:29:01+08:00
688114,SH,东方财富行情中心代码列表,2026-08-01T19:29:01+08:00
301208,SZ,东方财富行情中心代码列表,2026-08-01T19:29:01+08:00
601595,SH,东方财富行情中心代码列表,2026-08-01T19:29:01+08:00
001270,SZ,东方财富行情中心代码列表,2026-08-01T19:29:01+08:00
688216,SH,东方财富行情中心代码列表,2026-08-01T19:29:01+08:00
688103,SH,东方财富行情中心代码列表,2026-08-01T19:29:01+08:00
301584,SZ,东方财富行情中心代码列表,2026-08-01T19:29:01+08:00
688162,SH,东方财富行情中心代码列表,2026-08-01T19:29:01+08:00
002713,SZ,东方财富行情中心代码列表,2026-08-01T19:29:01+08:00
605398,SH,东方财富行情中心代码列表,2026-08-01T19:29:01+08:00
000722,SZ,东方财富行情中心代码列表,2026-08-01T19:29:01+08:00
002585,SZ,东方财富行情中心代码列表,2026-08-01T19:29:01+08:00
000929,SZ,东方财富行情中心代码列表,2026-08-01T19:29:01+08:00
002897,SZ,东方财富行情中心代码列表,2026-08-01T19:29:01+08:00
300543,SZ,东方财富行情中心代码列表,2026-08-01T19:29:01+08:00
600489,SH,东方财富行情中心代码列表,2026-08-01T19:29:01+08:00
002553,SZ,东方财富行情中心代码列表,2026-08-01T19:29:01+08:00
002843,SZ,东方财富行情中心代码列表,2026-08-01T19:29:01+08:00
002180,SZ,东方财富行情中心代码列表,2026-08-01T19:29:01+08:00
300522,SZ,东方财富行情中心代码列表,2026-08-01T19:29:01+08:00
002657,SZ,东方财富行情中心代码列表,2026-08-01T19:29:01+08:00
300551,SZ,东方财富行情中心代码列表,2026-08-01T19:29:01+08:00
688218,SH,东方财富行情中心代码列表,2026-08-01T19:29:01+08:00
688671,SH,东方财富行情中心代码列表,2026-08-01T19:29:01+08:00
600243,SH,东方财富行情中心代码列表,2026-08-01T19:29:01+08:00
301108,SZ,东方财富行情中心代码列表,2026-08-01T19:29:01+08:00
300578,SZ,东方财富行情中心代码列表,2026-08-01T19:29:01+08:00
603916,SH,东方财富行情中心代码列表,2026-08-01T19:29:01+08:00
002649,SZ,东方财富行情中心代码列表,2026-08-01T19:29:01+08:00
300642,SZ,东方财富行情中心代码列表,2026-08-01T19:29:01+08:00
600711,SH,东方财富行情中心代码列表,2026-08-01T19:29:01+08:00
301380,SZ,东方财富行情中心代码列表,2026-08-01T19:29:01+08:00
002342,SZ,东方财富行情中心代码列表,2026-08-01T19:29:01+08:00
300020,SZ,东方财富行情中心代码列表,2026-08-01T19:29:01+08:00
300925,SZ,东方财富行情中心代码列表,2026-08-01T19:29:01+08:00
688045,SH,东方财富行情中心代码列表,2026-08-01T19:29:01+08:00
002245,SZ,东方财富行情中心代码列表,2026-08-01T19:29:01+08:00
300688,SZ,东方财富行情中心代码列表,2026-08-01T19:29:01+08:00
603683,SH,东方财富行情中心代码列表,2026-08-01T19:29:01+08:00
688319,SH,东方财富行情中心代码列表,2026-08-01T19:29:01+08:00
688416,SH,东方财富行情中心代码列表,2026-08-01T19:29:01+08:00
300488,SZ,东方财富行情中心代码列表,2026-08-01T19:29:01+08:00
605090,SH,东方财富行情中心代码列表,2026-08-01T19:29:01+08:00
688635,SH,东方财富行情中心代码列表,2026-08-01T19:29:01+08:00
301098,SZ,东方财富行情中心代码列表,2026-08-01T19:29:01+08:00
300680,SZ,东方财富行情中心代码列表,2026-08-01T19:29:01+08:00
688222,SH,东方财富行情中心代码列表,2026-08-01T19:29:01+08:00
300478,SZ,东方财富行情中心代码列表,2026-08-01T19:29:01+08:00
002264,SZ,东方财富行情中心代码列表,2026-08-01T19:29:01+08:00
300248,SZ,东方财富行情中心代码列表,2026-08-01T19:29:01+08:00
688651,SH,东方财富行情中心代码列表,2026-08-01T19:29:01+08:00
301188,SZ,东方财富行情中心代码列表,2026-08-01T19:29:01+08:00
300756,SZ,东方财富行情中心代码列表,2026-08-01T19:29:01+08:00
600629,SH,东方财富行情中心代码列表,2026-08-01T19:29:01+08:00
301356,SZ,东方财富行情中心代码列表,2026-08-01T19:29:01+08:00
300782,SZ,东方财富行情中心代码列表,2026-08-01T19:29:01+08:00
603052,SH,东方财富行情中心代码列表,2026-08-01T19:29:01+08:00
300162,SZ,东方财富行情中心代码列表,2026-08-01T19:29:01+08:00
688733,SH,东方财富行情中心代码列表,2026-08-01T19:29:01+08:00
300992,SZ,东方财富行情中心代码列表,2026-08-01T19:29:01+08:00
300889,SZ,东方财富行情中心代码列表,2026-08-01T19:29:01+08:00
301499,SZ,东方财富行情中心代码列表,2026-08-01T19:29:01+08:00
002317,SZ,东方财富行情中心代码列表,2026-08-01T19:29:01+08:00
002082,SZ,东方财富行情中心代码列表,2026-08-01T19:29:01+08:00
300400,SZ,东方财富行情中心代码列表,2026-08-01T19:29:01+08:00
301161,SZ,东方财富行情中心代码列表,2026-08-01T19:29:01+08:00
300204,SZ,东方财富行情中心代码列表,2026-08-01T19:29:01+08:00
300210,SZ,东方财富行情中心代码列表,2026-08-01T19:29:01+08:00
301387,SZ,东方财富行情中心代码列表,2026-08-01T19:29:01+08:00
688358,SH,东方财富行情中心代码列表,2026-08-01T19:29:01+08:00
000062,SZ,东方财富行情中心代码列表,2026-08-01T19:29:01+08:00
001331,SZ,东方财富行情中心代码列表,2026-08-01T19:29:01+08:00
002969,SZ,东方财富行情中心代码列表,2026-08-01T19:29:01+08:00
002290,SZ,东方财富行情中心代码列表,2026-08-01T19:29:01+08:00
601101,SH,东方财富行情中心代码列表,2026-08-01T19:29:01+08:00
300456,SZ,东方财富行情中心代码列表,2026-08-01T19:29:01+08:00
603216,SH,东方财富行情中心代码列表,2026-08-01T19:29:01+08:00
300102,SZ,东方财富行情中心代码列表,2026-08-01T19:29:01+08:00
601168,SH,东方财富行情中心代码列表,2026-08-01T19:29:01+08:00
300873,SZ,东方财富行情中心代码列表,2026-08-01T19:29:01+08:00
600641,SH,东方财富行情中心代码列表,2026-08-01T19:29:01+08:00
300923,SZ,东方财富行情中心代码列表,2026-08-01T19:29:01+08:00
002291,SZ,东方财富行情中心代码列表,2026-08-01T19:29:01+08:00
301043,SZ,东方财富行情中心代码列表,2026-08-01T19:29:01+08:00
301199,SZ,东方财富行情中心代码列表,2026-08-01T19:29:01+08:00
300608,SZ,东方财富行情中心代码列表,2026-08-01T19:29:01+08:00
603015,SH,东方财富行情中心代码列表,2026-08-01T19:29:01+08:00
688112,SH,东方财富行情中心代码列表,2026-08-01T19:29:01+08:00
603843,SH,东方财富行情中心代码列表,2026-08-01T19:29:01+08:00
000559,SZ,东方财富行情中心代码列表,2026-08-01T19:29:01+08:00
300153,SZ,东方财富行情中心代码列表,2026-08-01T19:29:01+08:00
688355,SH,东方财富行情中心代码列表,2026-08-01T19:29:01+08:00
603958,SH,东方财富行情中心代码列表,2026-08-01T19:29:01+08:00
603356,SH,东方财富行情中心代码列表,2026-08-01T19:29:01+08:00
002785,SZ,东方财富行情中心代码列表,2026-08-01T19:29:01+08:00
301005,SZ,东方财富行情中心代码列表,2026-08-01T19:29:01+08:00
600118,SH,东方财富行情中心代码列表,2026-08-01T19:29:01+08:00
301259,SZ,东方财富行情中心代码列表,2026-08-01T19:29:01+08:00
688721,SH,东方财富行情中心代码列表,2026-08-01T19:29:01+08:00
300493,SZ,东方财富行情中心代码列表,2026-08-01T19:29:01+08:00
688515,SH,东方财富行情中心代码列表,2026-08-01T19:29:01+08:00
688301,SH,东方财富行情中心代码列表,2026-08-01T19:29:01+08:00
300054,SZ,东方财富行情中心代码列表,2026-08-01T19:29:01+08:00
603701,SH,东方财富行情中心代码列表,2026-08-01T19:29:01+08:00
300469,SZ,东方财富行情中心代码列表,2026-08-01T19:29:01+08:00
300580,SZ,东方财富行情中心代码列表,2026-08-01T19:29:01+08:00
300345,SZ,东方财富行情中心代码列表,2026-08-01T19:29:01+08:00
300930,SZ,东方财富行情中心代码列表,2026-08-01T19:29:01+08:00
688479,SH,东方财富行情中心代码列表,2026-08-01T19:29:01+08:00
301339,SZ,东方财富行情中心代码列表,2026-08-01T19:29:01+08:00
002947,SZ,东方财富行情中心代码列表,2026-08-01T19:29:01+08:00
688262,SH,东方财富行情中心代码列表,2026-08-01T19:29:01+08:00
301618,SZ,东方财富行情中心代码列表,2026-08-01T19:29:01+08:00
300899,SZ,东方财富行情中心代码列表,2026-08-01T19:29:01+08:00
000517,SZ,东方财富行情中心代码列表,2026-08-01T19:29:01+08:00
002902,SZ,东方财富行情中心代码列表,2026-08-01T19:29:01+08:00
688502,SH,东方财富行情中心代码列表,2026-08-01T19:29:01+08:00
002527,SZ,东方财富行情中心代码列表,2026-08-01T19:29:01+08:00
300403,SZ,东方财富行情中心代码列表,2026-08-01T19:29:01+08:00
300645,SZ,东方财富行情中心代码列表,2026-08-01T19:29:01+08:00
300002,SZ,东方财富行情中心代码列表,2026-08-01T19:29:01+08:00
688127,SH,东方财富行情中心代码列表,2026-08-01T19:29:01+08:00
301118,SZ,东方财富行情中心代码列表,2026-08-01T19:29:01+08:00
300235,SZ,东方财富行情中心代码列表,2026-08-01T19:29:01+08:00
002362,SZ,东方财富行情中心代码列表,2026-08-01T19:29:01+08:00
301389,SZ,东方财富行情中心代码列表,2026-08-01T19:29:01+08:00
300415,SZ,东方财富行情中心代码列表,2026-08-01T19:29:01+08:00
002853,SZ,东方财富行情中心代码列表,2026-08-01T19:29:01+08:00
603895,SH,东方财富行情中心代码列表,2026-08-01T19:29:01+08:00
300989,SZ,东方财富行情中心代码列表,2026-08-01T19:29:01+08:00
001298,SZ,东方财富行情中心代码列表,2026-08-01T19:29:01+08:00
600259,SH,东方财富行情中心代码列表,2026-08-01T19:29:01+08:00
301252,SZ,东方财富行情中心代码列表,2026-08-01T19:29:01+08:00
301299,SZ,东方财富行情中心代码列表,2026-08-01T19:29:01+08:00
300304,SZ,东方财富行情中心代码列表,2026-08-01T19:29:01+08:00
301591,SZ,东方财富行情中心代码列表,2026-08-01T19:29:01+08:00
603311,SH,东方财富行情中心代码列表,2026-08-01T19:29:01+08:00
300528,SZ,东方财富行情中心代码列表,2026-08-01T19:29:01+08:00
300937,SZ,东方财富行情中心代码列表,2026-08-01T19:29:01+08:00
300083,SZ,东方财富行情中心代码列表,2026-08-01T19:29:01+08:00
003011,SZ,东方财富行情中心代码列表,2026-08-01T19:29:01+08:00
603278,SH,东方财富行情中心代码列表,2026-08-01T19:29:01+08:00
301330,SZ,东方财富行情中心代码列表,2026-08-01T19:29:01+08:00
300283,SZ,东方财富行情中心代码列表,2026-08-01T19:29:01+08:00
603937,SH,东方财富行情中心代码列表,2026-08-01T19:29:01+08:00
001317,SZ,东方财富行情中心代码列表,2026-08-01T19:29:01+08:00
603175,SH,东方财富行情中心代码列表,2026-08-01T19:29:01+08:00
603004,SH,东方财富行情中心代码列表,2026-08-01T19:29:01+08:00
300520,SZ,东方财富行情中心代码列表,2026-08-01T19:29:01+08:00
300968,SZ,东方财富行情中心代码列表,2026-08-01T19:29:01+08:00
002829,SZ,东方财富行情中心代码列表,2026-08-01T19:29:01+08:00
603163,SH,东方财富行情中心代码列表,2026-08-01T19:29:01+08:00
301491,SZ,东方财富行情中心代码列表,2026-08-01T19:29:01+08:00
002467,SZ,东方财富行情中心代码列表,2026-08-01T19:29:01+08:00
000988,SZ,东方财富行情中心代码列表,2026-08-01T19:29:01+08:00
603330,SH,东方财富行情中心代码列表,2026-08-01T19:29:01+08:00
002188,SZ,东方财富行情中心代码列表,2026-08-01T19:29:01+08:00
603226,SH,东方财富行情中心代码列表,2026-08-01T19:29:01+08:00
603032,SH,东方财富行情中心代码列表,2026-08-01T19:29:01+08:00
301102,SZ,东方财富行情中心代码列表,2026-08-01T19:29:01+08:00
603803,SH,东方财富行情中心代码列表,2026-08-01T19:29:01+08:00
000592,SZ,东方财富行情中心代码列表,2026-08-01T19:29:01+08:00
002765,SZ,东方财富行情中心代码列表,2026-08-01T19:29:01+08:00
300494,SZ,东方财富行情中心代码列表,2026-08-01T19:29:01+08:00
002207,SZ,东方财富行情中心代码列表,2026-08-01T19:29:01+08:00
301288,SZ,东方财富行情中心代码列表,2026-08-01T19:29:01+08:00
002068,SZ,东方财富行情中心代码列表,2026-08-01T19:29:01+08:00
300835,SZ,东方财富行情中心代码列表,2026-08-01T19:29:01+08:00
300448,SZ,东方财富行情中心代码列表,2026-08-01T19:29:01+08:00
301349,SZ,东方财富行情中心代码列表,2026-08-01T19:29:01+08:00
000518,SZ,东方财富行情中心代码列表,2026-08-01T19:29:01+08:00
000010,SZ,东方财富行情中心代码列表,2026-08-01T19:29:01+08:00
300459,SZ,东方财富行情中心代码列表,2026-08-01T19:29:01+08:00
301608,SZ,东方财富行情中心代码列表,2026-08-01T19:29:01+08:00
301055,SZ,东方财富行情中心代码列表,2026-08-01T19:29:01+08:00
301132,SZ,东方财富行情中心代码列表,2026-08-01T19:29:01+08:00
688720,SH,东方财富行情中心代码列表,2026-08-01T19:29:01+08:00
301488,SZ,东方财富行情中心代码列表,2026-08-01T19:29:01+08:00
600661,SH,东方财富行情中心代码列表,2026-08-01T19:29:01+08:00
603185,SH,东方财富行情中心代码列表,2026-08-01T19:29:01+08:00
301631,SZ,东方财富行情中心代码列表,2026-08-01T19:29:01+08:00
300762,SZ,东方财富行情中心代码列表,2026-08-01T19:29:01+08:00
600797,SH,东方财富行情中心代码列表,2026-08-01T19:29:01+08:00
688553,SH,东方财富行情中心代码列表,2026-08-01T19:29:01+08:00
300721,SZ,东方财富行情中心代码列表,2026-08-01T19:29:01+08:00
300078,SZ,东方财富行情中心代码列表,2026-08-01T19:29:01+08:00
002599,SZ,东方财富行情中心代码列表,2026-08-01T19:29:01+08:00
002821,SZ,东方财富行情中心代码列表,2026-08-01T19:29:01+08:00
002995,SZ,东方财富行情中心代码列表,2026-08-01T19:29:01+08:00
300828,SZ,东方财富行情中心代码列表,2026-08-01T19:29:01+08:00
300786,SZ,东方财富行情中心代码列表,2026-08-01T19:29:01+08:00
301538,SZ,东方财富行情中心代码列表,2026-08-01T19:29:01+08:00
002718,SZ,东方财富行情中心代码列表,2026-08-01T19:29:01+08:00
300852,SZ,东方财富行情中心代码列表,2026-08-01T19:29:01+08:00
000793,SZ,东方财富行情中心代码列表,2026-08-01T19:29:01+08:00
301045,SZ,东方财富行情中心代码列表,2026-08-01T19:29:01+08:00
300780,SZ,东方财富行情中心代码列表,2026-08-01T19:29:01+08:00
002762,SZ,东方财富行情中心代码列表,2026-08-01T19:29:01+08:00
300572,SZ,东方财富行情中心代码列表,2026-08-01T19:29:01+08:00
301042,SZ,东方财富行情中心代码列表,2026-08-01T19:29:01+08:00
600549,SH,东方财富行情中心代码列表,2026-08-01T19:29:01+08:00
688068,SH,东方财富行情中心代码列表,2026-08-01T19:29:01+08:00
301448,SZ,东方财富行情中心代码列表,2026-08-01T19:29:01+08:00
688379,SH,东方财富行情中心代码列表,2026-08-01T19:29:01+08:00
605299,SH,东方财富行情中心代码列表,2026-08-01T19:29:01+08:00
600379,SH,东方财富行情中心代码列表,2026-08-01T19:29:01+08:00
688259,SH,东方财富行情中心代码列表,2026-08-01T19:29:01+08:00
688132,SH,东方财富行情中心代码列表,2026-08-01T19:29:01+08:00
688073,SH,东方财富行情中心代码列表,2026-08-01T19:29:01+08:00
300715,SZ,东方财富行情中心代码列表,2026-08-01T19:29:01+08:00
603189,SH,东方财富行情中心代码列表,2026-08-01T19:29:01+08:00
300315,SZ,东方财富行情中心代码列表,2026-08-01T19:29:01+08:00
600094,SH,东方财富行情中心代码列表,2026-08-01T19:29:01+08:00
301038,SZ,东方财富行情中心代码列表,2026-08-01T19:29:01+08:00
002882,SZ,东方财富行情中心代码列表,2026-08-01T19:29:01+08:00
301060,SZ,东方财富行情中心代码列表,2026-08-01T19:29:01+08:00
002575,SZ,东方财富行情中心代码列表,2026-08-01T19:29:01+08:00
600476,SH,东方财富行情中心代码列表,2026-08-01T19:29:01+08:00
688315,SH,东方财富行情中心代码列表,2026-08-01T19:29:01+08:00
300487,SZ,东方财富行情中心代码列表,2026-08-01T19:29:01+08:00
300845,SZ,东方财富行情中心代码列表,2026-08-01T19:29:01+08:00
001280,SZ,东方财富行情中心代码列表,2026-08-01T19:29:01+08:00
301196,SZ,东方财富行情中心代码列表,2026-08-01T19:29:01+08:00
301314,SZ,东方财富行情中心代码列表,2026-08-01T19:29:01+08:00
002429,SZ,东方财富行情中心代码列表,2026-08-01T19:29:01+08:00
600186,SH,东方财富行情中心代码列表,2026-08-01T19:29:01+08:00
603355,SH,东方财富行情中心代码列表,2026-08-01T19:29:01+08:00
002388,SZ,东方财富行情中心代码列表,2026-08-01T19:29:01+08:00
000066,SZ,东方财富行情中心代码列表,2026-08-01T19:29:01+08:00
300598,SZ,东方财富行情中心代码列表,2026-08-01T19:29:01+08:00
600992,SH,东方财富行情中心代码列表,2026-08-01T19:29:01+08:00
688098,SH,东方财富行情中心代码列表,2026-08-01T19:29:01+08:00
688478,SH,东方财富行情中心代码列表,2026-08-01T19:29:01+08:00
603166,SH,东方财富行情中心代码列表,2026-08-01T19:29:01+08:00
300049,SZ,东方财富行情中心代码列表,2026-08-01T19:29:01+08:00
688002,SH,东方财富行情中心代码列表,2026-08-01T19:29:01+08:00
002038,SZ,东方财富行情中心代码列表,2026-08-01T19:29:01+08:00
300199,SZ,东方财富行情中心代码列表,2026-08-01T19:29:01+08:00
002164,SZ,东方财富行情中心代码列表,2026-08-01T19:29:01+08:00
301195,SZ,东方财富行情中心代码列表,2026-08-01T19:29:01+08:00
603112,SH,东方财富行情中心代码列表,2026-08-01T19:29:01+08:00
002212,SZ,东方财富行情中心代码列表,2026-08-01T19:29:01+08:00
300269,SZ,东方财富行情中心代码列表,2026-08-01T19:29:01+08:00
603319,SH,东方财富行情中心代码列表,2026-08-01T19:29:01+08:00
688172,SH,东方财富行情中心代码列表,2026-08-01T19:29:01+08:00
300650,SZ,东方财富行情中心代码列表,2026-08-01T19:29:01+08:00
688251,SH,东方财富行情中心代码列表,2026-08-01T19:29:01+08:00
688047,SH,东方财富行情中心代码列表,2026-08-01T19:29:01+08:00
601636,SH,东方财富行情中心代码列表,2026-08-01T19:29:01+08:00
688689,SH,东方财富行情中心代码列表,2026-08-01T19:29:01+08:00
603005,SH,东方财富行情中心代码列表,2026-08-01T19:29:01+08:00
688670,SH,东方财富行情中心代码列表,2026-08-01T19:29:01+08:00
603007,SH,东方财富行情中心代码列表,2026-08-01T19:29:01+08:00
300427,SZ,东方财富行情中心代码列表,2026-08-01T19:29:01+08:00
300128,SZ,东方财富行情中心代码列表,2026-08-01T19:29:01+08:00
300599,SZ,东方财富行情中心代码列表,2026-08-01T19:29:01+08:00
000925,SZ,东方财富行情中心代码列表,2026-08-01T19:29:01+08:00
688818,SH,东方财富行情中心代码列表,2026-08-01T19:29:01+08:00
603655,SH,东方财富行情中心代码列表,2026-08-01T19:29:01+08:00
300308,SZ,东方财富行情中心代码列表,2026-08-01T19:29:01+08:00
300300,SZ,东方财富行情中心代码列表,2026-08-01T19:29:01+08:00
002912,SZ,东方财富行情中心代码列表,2026-08-01T19:29:01+08:00
003020,SZ,东方财富行情中心代码列表,2026-08-01T19:29:01+08:00
600800,SH,东方财富行情中心代码列表,2026-08-01T19:29:01+08:00
600156,SH,东方财富行情中心代码列表,2026-08-01T19:29:01+08:00
301512,SZ,东方财富行情中心代码列表,2026-08-01T19:29:01+08:00
002921,SZ,东方财富行情中心代码列表,2026-08-01T19:29:01+08:00
300669,SZ,东方财富行情中心代码列表,2026-08-01T19:29:01+08:00
601858,SH,东方财富行情中心代码列表,2026-08-01T19:29:01+08:00
002542,SZ,东方财富行情中心代码列表,2026-08-01T19:29:01+08:00
300711,SZ,东方财富行情中心代码列表,2026-08-01T19:29:01+08:00
000056,SZ,东方财富行情中心代码列表,2026-08-01T19:29:01+08:00
300401,SZ,东方财富行情中心代码列表,2026-08-01T19:29:01+08:00
301638,SZ,东方财富行情中心代码列表,2026-08-01T19:29:01+08:00
688078,SH,东方财富行情中心代码列表,2026-08-01T19:29:01+08:00
601799,SH,东方财富行情中心代码列表,2026-08-01T19:29:01+08:00
300151,SZ,东方财富行情中心代码列表,2026-08-01T19:29:01+08:00
300730,SZ,东方财富行情中心代码列表,2026-08-01T19:29:01+08:00
300880,SZ,东方财富行情中心代码列表,2026-08-01T19:29:01+08:00
301398,SZ,东方财富行情中心代码列表,2026-08-01T19:29:01+08:00
301600,SZ,东方财富行情中心代码列表,2026-08-01T19:29:01+08:00
300900,SZ,东方财富行情中心代码列表,2026-08-01T19:29:01+08:00
603341,SH,东方财富行情中心代码列表,2026-08-01T19:29:01+08:00
688805,SH,东方财富行情中心代码列表,2026-08-01T19:29:01+08:00
002058,SZ,东方财富行情中心代码列表,2026-08-01T19:29:01+08:00
002169,SZ,东方财富行情中心代码列表,2026-08-01T19:29:01+08:00
688682,SH,东方财富行情中心代码列表,2026-08-01T19:29:01+08:00
301079,SZ,东方财富行情中心代码列表,2026-08-01T19:29:01+08:00
001380,SZ,东方财富行情中心代码列表,2026-08-01T19:29:01+08:00
301040,SZ,东方财富行情中心代码列表,2026-08-01T19:29:01+08:00
688579,SH,东方财富行情中心代码列表,2026-08-01T19:29:01+08:00
603103,SH,东方财富行情中心代码列表,2026-08-01T19:29:01+08:00
301202,SZ,东方财富行情中心代码列表,2026-08-01T19:29:01+08:00
300536,SZ,东方财富行情中心代码列表,2026-08-01T19:29:01+08:00
300981,SZ,东方财富行情中心代码列表,2026-08-01T19:29:01+08:00
300897,SZ,东方财富行情中心代码列表,2026-08-01T19:29:01+08:00
003004,SZ,东方财富行情中心代码列表,2026-08-01T19:29:01+08:00
002980,SZ,东方财富行情中心代码列表,2026-08-01T19:29:01+08:00
002910,SZ,东方财富行情中心代码列表,2026-08-01T19:29:01+08:00
002771,SZ,东方财富行情中心代码列表,2026-08-01T19:29:01+08:00
002123,SZ,东方财富行情中心代码列表,2026-08-01T19:29:01+08:00
603008,SH,东方财富行情中心代码列表,2026-08-01T19:29:01+08:00
301369,SZ,东方财富行情中心代码列表,2026-08-01T19:29:01+08:00
002692,SZ,东方财富行情中心代码列表,2026-08-01T19:29:01+08:00
300586,SZ,东方财富行情中心代码列表,2026-08-01T19:29:01+08:00
600726,SH,东方财富行情中心代码列表,2026-08-01T19:29:01+08:00
688669,SH,东方财富行情中心代码列表,2026-08-01T19:29:01+08:00
600345,SH,东方财富行情中心代码列表,2026-08-01T19:29:01+08:00
301668,SZ,东方财富行情中心代码列表,2026-08-01T19:29:01+08:00
605598,SH,东方财富行情中心代码列表,2026-08-01T19:29:01+08:00
603980,SH,东方财富行情中心代码列表,2026-08-01T19:29:01+08:00
300532,SZ,东方财富行情中心代码列表,2026-08-01T19:29:01+08:00
601069,SH,东方财富行情中心代码列表,2026-08-01T19:29:01+08:00
002350,SZ,东方财富行情中心代码列表,2026-08-01T19:29:01+08:00
301580,SZ,东方财富行情中心代码列表,2026-08-01T19:29:01+08:00
002031,SZ,东方财富行情中心代码列表,2026-08-01T19:29:01+08:00
603839,SH,东方财富行情中心代码列表,2026-08-01T19:29:01+08:00
688523,SH,东方财富行情中心代码列表,2026-08-01T19:29:01+08:00
600053,SH,东方财富行情中心代码列表,2026-08-01T19:29:01+08:00
301599,SZ,东方财富行情中心代码列表,2026-08-01T19:29:01+08:00
600678,SH,东方财富行情中心代码列表,2026-08-01T19:29:01+08:00
603359,SH,东方财富行情中心代码列表,2026-08-01T19:29:01+08:00
301011,SZ,东方财富行情中心代码列表,2026-08-01T19:29:01+08:00
000980,SZ,东方财富行情中心代码列表,2026-08-01T19:29:01+08:00
301329,SZ,东方财富行情中心代码列表,2026-08-01T19:29:01+08:00
688362,SH,东方财富行情中心代码列表,2026-08-01T19:29:01+08:00
301077,SZ,东方财富行情中心代码列表,2026-08-01T19:29:01+08:00
301121,SZ,东方财富行情中心代码列表,2026-08-01T19:29:01+08:00
300606,SZ,东方财富行情中心代码列表,2026-08-01T19:29:01+08:00
688320,SH,东方财富行情中心代码列表,2026-08-01T19:29:01+08:00
688184,SH,东方财富行情中心代码列表,2026-08-01T19:29:01+08:00
603789,SH,东方财富行情中心代码列表,2026-08-01T19:29:01+08:00
600350,SH,东方财富行情中心代码列表,2026-08-01T19:29:01+08:00
603303,SH,东方财富行情中心代码列表,2026-08-01T19:29:01+08:00
688022,SH,东方财富行情中心代码列表,2026-08-01T19:29:01+08:00
600756,SH,东方财富行情中心代码列表,2026-08-01T19:29:01+08:00
300920,SZ,东方财富行情中心代码列表,2026-08-01T19:29:01+08:00
002361,SZ,东方财富行情中心代码列表,2026-08-01T19:29:01+08:00
603825,SH,东方财富行情中心代码列表,2026-08-01T19:29:01+08:00
600184,SH,东方财富行情中心代码列表,2026-08-01T19:29:01+08:00
600633,SH,东方财富行情中心代码列表,2026-08-01T19:29:01+08:00
002568,SZ,东方财富行情中心代码列表,2026-08-01T19:29:01+08:00
688337,SH,东方财富行情中心代码列表,2026-08-01T19:29:01+08:00
301295,SZ,东方财富行情中心代码列表,2026-08-01T19:29:01+08:00
000678,SZ,东方财富行情中心代码列表,2026-08-01T19:29:01+08:00
688401,SH,东方财富行情中心代码列表,2026-08-01T19:29:01+08:00
002620,SZ,东方财富行情中心代码列表,2026-08-01T19:29:01+08:00
301179,SZ,东方财富行情中心代码列表,2026-08-01T19:29:01+08:00
002700,SZ,东方财富行情中心代码列表,2026-08-01T19:29:01+08:00
002517,SZ,东方财富行情中心代码列表,2026-08-01T19:29:01+08:00
603809,SH,东方财富行情中心代码列表,2026-08-01T19:29:01+08:00
688283,SH,东方财富行情中心代码列表,2026-08-01T19:29:01+08:00
300278,SZ,东方财富行情中心代码列表,2026-08-01T19:29:01+08:00
603601,SH,东方财富行情中心代码列表,2026-08-01T19:29:01+08:00
300809,SZ,东方财富行情中心代码列表,2026-08-01T19:29:01+08:00
002716,SZ,东方财富行情中心代码列表,2026-08-01T19:29:01+08:00
688539,SH,东方财富行情中心代码列表,2026-08-01T19:29:01+08:00
688820,SH,东方财富行情中心代码列表,2026-08-01T19:29:01+08:00
002439,SZ,东方财富行情中心代码列表,2026-08-01T19:29:01+08:00
688314,SH,东方财富行情中心代码列表,2026-08-01T19:29:01+08:00
002935,SZ,东方财富行情中心代码列表,2026-08-01T19:29:01+08:00
688060,SH,东方财富行情中心代码列表,2026-08-01T19:29:01+08:00
688510,SH,东方财富行情中心代码列表,2026-08-01T19:29:01+08:00
002052,SZ,东方财富行情中心代码列表,2026-08-01T19:29:01+08:00
603976,SH,东方财富行情中心代码列表,2026-08-01T19:29:01+08:00
300074,SZ,东方财富行情中心代码列表,2026-08-01T19:29:01+08:00
301018,SZ,东方财富行情中心代码列表,2026-08-01T19:29:01+08:00
301348,SZ,东方财富行情中心代码列表,2026-08-01T19:29:01+08:00
688181,SH,东方财富行情中心代码列表,2026-08-01T19:29:01+08:00
300911,SZ,东方财富行情中心代码列表,2026-08-01T19:29:01+08:00
300299,SZ,东方财富行情中心代码列表,2026-08-01T19:29:01+08:00
300918,SZ,东方财富行情中心代码列表,2026-08-01T19:29:01+08:00
688786,SH,东方财富行情中心代码列表,2026-08-01T19:29:01+08:00
300723,SZ,东方财富行情中心代码列表,2026-08-01T19:29:01+08:00
688368,SH,东方财富行情中心代码列表,2026-08-01T19:29:01+08:00
688008,SH,东方财富行情中心代码列表,2026-08-01T19:29:01+08:00
000017,SZ,东方财富行情中心代码列表,2026-08-01T19:29:01+08:00
300001,SZ,东方财富行情中心代码列表,2026-08-01T19:29:01+08:00
605580,SH,东方财富行情中心代码列表,2026-08-01T19:29:01+08:00
301373,SZ,东方财富行情中心代码列表,2026-08-01T19:29:01+08:00
605088,SH,东方财富行情中心代码列表,2026-08-01T19:29:01+08:00
688323,SH,东方财富行情中心代码列表,2026-08-01T19:29:01+08:00
002885,SZ,东方财富行情中心代码列表,2026-08-01T19:29:01+08:00
688096,SH,东方财富行情中心代码列表,2026-08-01T19:29:01+08:00
301577,SZ,东方财富行情中心代码列表,2026-08-01T19:29:01+08:00
000070,SZ,东方财富行情中心代码列表,2026-08-01T19:29:01+08:00
301135,SZ,东方财富行情中心代码列表,2026-08-01T19:29:01+08:00
301607,SZ,东方财富行情中心代码列表,2026-08-01T19:29:01+08:00
301315,SZ,东方财富行情中心代码列表,2026-08-01T19:29:01+08:00
603285,SH,东方财富行情中心代码列表,2026-08-01T19:29:01+08:00
001266,SZ,东方财富行情中心代码列表,2026-08-01T19:29:01+08:00
688485,SH,东方财富行情中心代码列表,2026-08-01T19:29:01+08:00
300842,SZ,东方财富行情中心代码列表,2026-08-01T19:29:01+08:00
002857,SZ,东方财富行情中心代码列表,2026-08-01T19:29:01+08:00
688156,SH,东方财富行情中心代码列表,2026-08-01T19:29:01+08:00
300751,SZ,东方财富行情中心代码列表,2026-08-01T19:29:01+08:00
688080,SH,东方财富行情中心代码列表,2026-08-01T19:29:01+08:00
603698,SH,东方财富行情中心代码列表,2026-08-01T19:29:01+08:00
688153,SH,东方财富行情中心代码列表,2026-08-01T19:29:01+08:00
300149,SZ,东方财富行情中心代码列表,2026-08-01T19:29:01+08:00
300027,SZ,东方财富行情中心代码列表,2026-08-01T19:29:01+08:00
002565,SZ,东方财富行情中心代码列表,2026-08-01T19:29:01+08:00
300005,SZ,东方财富行情中心代码列表,2026-08-01T19:29:01+08:00
000818,SZ,东方财富行情中心代码列表,2026-08-01T19:29:01+08:00
002315,SZ,东方财富行情中心代码列表,2026-08-01T19:29:01+08:00
002420,SZ,东方财富行情中心代码列表,2026-08-01T19:29:01+08:00
002779,SZ,东方财富行情中心代码列表,2026-08-01T19:29:01+08:00
301176,SZ,东方财富行情中心代码列表,2026-08-01T19:29:01+08:00
301138,SZ,东方财富行情中心代码列表,2026-08-01T19:29:01+08:00
300310,SZ,东方财富行情中心代码列表,2026-08-01T19:29:01+08:00
300088,SZ,东方财富行情中心代码列表,2026-08-01T19:29:01+08:00
688273,SH,东方财富行情中心代码列表,2026-08-01T19:29:01+08:00
300629,SZ,东方财富行情中心代码列表,2026-08-01T19:29:01+08:00
300564,SZ,东方财富行情中心代码列表,2026-08-01T19:29:01+08:00
002989,SZ,东方财富行情中心代码列表,2026-08-01T19:29:01+08:00
300252,SZ,东方财富行情中心代码列表,2026-08-01T19:29:01+08:00
002858,SZ,东方财富行情中心代码列表,2026-08-01T19:29:01+08:00
600708,SH,东方财富行情中心代码列表,2026-08-01T19:29:01+08:00
300706,SZ,东方财富行情中心代码列表,2026-08-01T19:29:01+08:00
300352,SZ,东方财富行情中心代码列表,2026-08-01T19:29:01+08:00
600961,SH,东方财富行情中心代码列表,2026-08-01T19:29:01+08:00
688233,SH,东方财富行情中心代码列表,2026-08-01T19:29:01+08:00
603063,SH,东方财富行情中心代码列表,2026-08-01T19:29:01+08:00
300033,SZ,东方财富行情中心代码列表,2026-08-01T19:29:01+08:00
688580,SH,东方财富行情中心代码列表,2026-08-01T19:29:01+08:00
600525,SH,东方财富行情中心代码列表,2026-08-01T19:29:01+08:00
603135,SH,东方财富行情中心代码列表,2026-08-01T19:29:01+08:00
002878,SZ,东方财富行情中心代码列表,2026-08-01T19:29:01+08:00
300554,SZ,东方财富行情中心代码列表,2026-08-01T19:29:01+08:00
300323,SZ,东方财富行情中心代码列表,2026-08-01T19:29:01+08:00
688266,SH,东方财富行情中心代码列表,2026-08-01T19:29:01+08:00
301317,SZ,东方财富行情中心代码列表,2026-08-01T19:29:01+08:00
688328,SH,东方财富行情中心代码列表,2026-08-01T19:29:01+08:00
603718,SH,东方财富行情中心代码列表,2026-08-01T19:29:01+08:00
301226,SZ,东方财富行情中心代码列表,2026-08-01T19:29:01+08:00
300197,SZ,东方财富行情中心代码列表,2026-08-01T19:29:01+08:00
002777,SZ,东方财富行情中心代码列表,2026-08-01T19:29:01+08:00
301026,SZ,东方财富行情中心代码列表,2026-08-01T19:29:01+08:00
300444,SZ,东方财富行情中心代码列表,2026-08-01T19:29:01+08:00
688092,SH,东方财富行情中心代码列表,2026-08-01T19:29:01+08:00
301555,SZ,东方财富行情中心代码列表,2026-08-01T19:29:01+08:00
300243,SZ,东方财富行情中心代码列表,2026-08-01T19:29:01+08:00
605358,SH,东方财富行情中心代码列表,2026-08-01T19:29:01+08:00
301590,SZ,东方财富行情中心代码列表,2026-08-01T19:29:01+08:00
688311,SH,东方财富行情中心代码列表,2026-08-01T19:29:01+08:00
002940,SZ,东方财富行情中心代码列表,2026-08-01T19:29:01+08:00
002819,SZ,东方财富行情中心代码列表,2026-08-01T19:29:01+08:00
688201,SH,东方财富行情中心代码列表,2026-08-01T19:29:01+08:00
688082,SH,东方财富行情中心代码列表,2026-08-01T19:29:01+08:00
300902,SZ,东方财富行情中心代码列表,2026-08-01T19:29:01+08:00
002149,SZ,东方财富行情中心代码列表,2026-08-01T19:29:01+08:00
603416,SH,东方财富行情中心代码列表,2026-08-01T19:29:01+08:00
300184,SZ,东方财富行情中心代码列表,2026-08-01T19:29:01+08:00
688785,SH,东方财富行情中心代码列表,2026-08-01T19:29:01+08:00
002767,SZ,东方财富行情中心代码列表,2026-08-01T19:29:01+08:00
603232,SH,东方财富行情中心代码列表,2026-08-01T19:29:01+08:00
000977,SZ,东方财富行情中心代码列表,2026-08-01T19:29:01+08:00
003031,SZ,东方财富行情中心代码列表,2026-08-01T19:29:01+08:00
300815,SZ,东方财富行情中心代码列表,2026-08-01T19:29:01+08:00
002920,SZ,东方财富行情中心代码列表,2026-08-01T19:29:01+08:00
688550,SH,东方财富行情中心代码列表,2026-08-01T19:29:01+08:00
688215,SH,东方财富行情中心代码列表,2026-08-01T19:29:01+08:00
002607,SZ,东方财富行情中心代码列表,2026-08-01T19:29:01+08:00
688503,SH,东方财富行情中心代码列表,2026-08-01T19:29:01+08:00
603536,SH,东方财富行情中心代码列表,2026-08-01T19:29:01+08:00
603042,SH,东方财富行情中心代码列表,2026-08-01T19:29:01+08:00
688335,SH,东方财富行情中心代码列表,2026-08-01T19:29:01+08:00
300682,SZ,东方财富行情中心代码列表,2026-08-01T19:29:01+08:00
300145,SZ,东方财富行情中心代码列表,2026-08-01T19:29:01+08:00
603719,SH,东方财富行情中心代码列表,2026-08-01T19:29:01+08:00
002378,SZ,东方财富行情中心代码列表,2026-08-01T19:29:01+08:00
300143,SZ,东方财富行情中心代码列表,2026-08-01T19:29:01+08:00
300868,SZ,东方财富行情中心代码列表,2026-08-01T19:29:01+08:00
688102,SH,东方财富行情中心代码列表,2026-08-01T19:29:01+08:00
605151,SH,东方财富行情中心代码列表,2026-08-01T19:29:01+08:00
300816,SZ,东方财富行情中心代码列表,2026-08-01T19:29:01+08:00
002899,SZ,东方财富行情中心代码列表,2026-08-01T19:29:01+08:00
600879,SH,东方财富行情中心代码列表,2026-08-01T19:29:01+08:00
301217,SZ,东方财富行情中心代码列表,2026-08-01T19:29:01+08:00
300722,SZ,东方财富行情中心代码列表,2026-08-01T19:29:01+08:00
300245,SZ,东方财富行情中心代码列表,2026-08-01T19:29:01+08:00
688070,SH,东方财富行情中心代码列表,2026-08-01T19:29:01+08:00
300188,SZ,东方财富行情中心代码列表,2026-08-01T19:29:01+08:00
301321,SZ,东方财富行情中心代码列表,2026-08-01T19:29:01+08:00
605098,SH,东方财富行情中心代码列表,2026-08-01T19:29:01+08:00
603687,SH,东方财富行情中心代码列表,2026-08-01T19:29:01+08:00
002571,SZ,东方财富行情中心代码列表,2026-08-01T19:29:01+08:00
000981,SZ,东方财富行情中心代码列表,2026-08-01T19:29:01+08:00
300679,SZ,东方财富行情中心代码列表,2026-08-01T19:29:01+08:00
300576,SZ,东方财富行情中心代码列表,2026-08-01T19:29:01+08:00
300949,SZ,东方财富行情中心代码列表,2026-08-01T19:29:01+08:00
688426,SH,东方财富行情中心代码列表,2026-08-01T19:29:01+08:00
688109,SH,东方财富行情中心代码列表,2026-08-01T19:29:01+08:00
002653,SZ,东方财富行情中心代码列表,2026-08-01T19:29:01+08:00
003009,SZ,东方财富行情中心代码列表,2026-08-01T19:29:01+08:00
300560,SZ,东方财富行情中心代码列表,2026-08-01T19:29:01+08:00
301331,SZ,东方财富行情中心代码列表,2026-08-01T19:29:01+08:00
301151,SZ,东方财富行情中心代码列表,2026-08-01T19:29:01+08:00
002826,SZ,东方财富行情中心代码列表,2026-08-01T19:29:01+08:00
300733,SZ,东方财富行情中心代码列表,2026-08-01T19:29:01+08:00
600343,SH,东方财富行情中心代码列表,2026-08-01T19:29:01+08:00
688458,SH,东方财富行情中心代码列表,2026-08-01T19:29:01+08:00
600592,SH,东方财富行情中心代码列表,2026-08-01T19:29:01+08:00
301210,SZ,东方财富行情中心代码列表,2026-08-01T19:29:01+08:00
603618,SH,东方财富行情中心代码列表,2026-08-01T19:29:01+08:00
301305,SZ,东方财富行情中心代码列表,2026-08-01T19:29:01+08:00
300916,SZ,东方财富行情中心代码列表,2026-08-01T19:29:01+08:00
300254,SZ,东方财富行情中心代码列表,2026-08-01T19:29:01+08:00
000510,SZ,东方财富行情中心代码列表,2026-08-01T19:29:01+08:00
301189,SZ,东方财富行情中心代码列表,2026-08-01T19:29:01+08:00
000938,SZ,东方财富行情中心代码列表,2026-08-01T19:29:01+08:00
002741,SZ,东方财富行情中心代码列表,2026-08-01T19:29:01+08:00
301198,SZ,东方财富行情中心代码列表,2026-08-01T19:29:01+08:00
301255,SZ,东方财富行情中心代码列表,2026-08-01T19:29:01+08:00
002148,SZ,东方财富行情中心代码列表,2026-08-01T19:29:01+08:00
002848,SZ,东方财富行情中心代码列表,2026-08-01T19:29:01+08:00
688046,SH,东方财富行情中心代码列表,2026-08-01T19:29:01+08:00
688206,SH,东方财富行情中心代码列表,2026-08-01T19:29:01+08:00
300931,SZ,东方财富行情中心代码列表,2026-08-01T19:29:01+08:00
300095,SZ,东方财富行情中心代码列表,2026-08-01T19:29:01+08:00
600381,SH,东方财富行情中心代码列表,2026-08-01T19:29:01+08:00
603268,SH,东方财富行情中心代码列表,2026-08-01T19:29:01+08:00
300363,SZ,东方财富行情中心代码列表,2026-08-01T19:29:01+08:00
688618,SH,东方财富行情中心代码列表,2026-08-01T19:29:01+08:00
301163,SZ,东方财富行情中心代码列表,2026-08-01T19:29:01+08:00
000029,SZ,东方财富行情中心代码列表,2026-08-01T19:29:01+08:00
688627,SH,东方财富行情中心代码列表,2026-08-01T19:29:01+08:00
603177,SH,东方财富行情中心代码列表,2026-08-01T19:29:01+08:00
000782,SZ,东方财富行情中心代码列表,2026-08-01T19:29:01+08:00
002313,SZ,东方财富行情中心代码列表,2026-08-01T19:29:01+08:00
603726,SH,东方财富行情中心代码列表,2026-08-01T19:29:01+08:00
300807,SZ,东方财富行情中心代码列表,2026-08-01T19:29:01+08:00
600538,SH,东方财富行情中心代码列表,2026-08-01T19:29:01+08:00
003043,SZ,东方财富行情中心代码列表,2026-08-01T19:29:01+08:00
603048,SH,东方财富行情中心代码列表,2026-08-01T19:29:01+08:00
603610,SH,东方财富行情中心代码列表,2026-08-01T19:29:01+08:00
688757,SH,东方财富行情中心代码列表,2026-08-01T19:29:01+08:00
600215,SH,东方财富行情中心代码列表,2026-08-01T19:29:01+08:00
603897,SH,东方财富行情中心代码列表,2026-08-01T19:29:01+08:00
300603,SZ,东方财富行情中心代码列表,2026-08-01T19:29:01+08:00
688486,SH,东方财富行情中心代码列表,2026-08-01T19:29:01+08:00
300276,SZ,东方财富行情中心代码列表,2026-08-01T19:29:01+08:00
600076,SH,东方财富行情中心代码列表,2026-08-01T19:29:01+08:00
301303,SZ,东方财富行情中心代码列表,2026-08-01T19:29:01+08:00
300219,SZ,东方财富行情中心代码列表,2026-08-01T19:29:01+08:00
300030,SZ,东方财富行情中心代码列表,2026-08-01T19:29:01+08:00
002185,SZ,东方财富行情中心代码列表,2026-08-01T19:29:01+08:00
300464,SZ,东方财富行情中心代码列表,2026-08-01T19:29:01+08:00
301221,SZ,东方财富行情中心代码列表,2026-08-01T19:29:01+08:00
300582,SZ,东方财富行情中心代码列表,2026-08-01T19:29:01+08:00
300977,SZ,东方财富行情中心代码列表,2026-08-01T19:29:01+08:00
301051,SZ,东方财富行情中心代码列表,2026-08-01T19:29:01+08:00
300613,SZ,东方财富行情中心代码列表,2026-08-01T19:29:01+08:00
301211,SZ,东方财富行情中心代码列表,2026-08-01T19:29:01+08:00
603051,SH,东方财富行情中心代码列表,2026-08-01T19:29:01+08:00
002364,SZ,东方财富行情中心代码列表,2026-08-01T19:29:01+08:00
600222,SH,东方财富行情中心代码列表,2026-08-01T19:29:01+08:00
601212,SH,东方财富行情中心代码列表,2026-08-01T19:29:01+08:00
301002,SZ,东方财富行情中心代码列表,2026-08-01T19:29:01+08:00
301012,SZ,东方财富行情中心代码列表,2026-08-01T19:29:01+08:00
301418,SZ,东方财富行情中心代码列表,2026-08-01T19:29:01+08:00
688556,SH,东方财富行情中心代码列表,2026-08-01T19:29:01+08:00
600400,SH,东方财富行情中心代码列表,2026-08-01T19:29:01+08:00
603098,SH,东方财富行情中心代码列表,2026-08-01T19:29:01+08:00
300354,SZ,东方财富行情中心代码列表,2026-08-01T19:29:01+08:00
301511,SZ,东方财富行情中心代码列表,2026-08-01T19:29:01+08:00
603880,SH,东方财富行情中心代码列表,2026-08-01T19:29:01+08:00
301222,SZ,东方财富行情中心代码列表,2026-08-01T19:29:01+08:00
603127,SH,东方财富行情中心代码列表,2026-08-01T19:29:01+08:00
600103,SH,东方财富行情中心代码列表,2026-08-01T19:29:01+08:00
300670,SZ,东方财富行情中心代码列表,2026-08-01T19:29:01+08:00
688306,SH,东方财富行情中心代码列表,2026-08-01T19:29:01+08:00
603915,SH,东方财富行情中心代码列表,2026-08-01T19:29:01+08:00
300051,SZ,东方财富行情中心代码列表,2026-08-01T19:29:01+08:00
300068,SZ,东方财富行情中心代码列表,2026-08-01T19:29:01+08:00
600635,SH,东方财富行情中心代码列表,2026-08-01T19:29:01+08:00
688391,SH,东方财富行情中心代码列表,2026-08-01T19:29:01+08:00
301297,SZ,东方财富行情中心代码列表,2026-08-01T19:29:01+08:00
605228,SH,东方财富行情中心代码列表,2026-08-01T19:29:01+08:00
688261,SH,东方财富行情中心代码列表,2026-08-01T19:29:01+08:00
002687,SZ,东方财富行情中心代码列表,2026-08-01T19:29:01+08:00
688249,SH,东方财富行情中心代码列表,2026-08-01T19:29:01+08:00
001207,SZ,东方财富行情中心代码列表,2026-08-01T19:29:01+08:00
603156,SH,东方财富行情中心代码列表,2026-08-01T19:29:01+08:00
603949,SH,东方财富行情中心代码列表,2026-08-01T19:29:01+08:00
301548,SZ,东方财富行情中心代码列表,2026-08-01T19:29:01+08:00
300380,SZ,东方财富行情中心代码列表,2026-08-01T19:29:01+08:00
688797,SH,东方财富行情中心代码列表,2026-08-01T19:29:01+08:00
603353,SH,东方财富行情中心代码列表,2026-08-01T19:29:01+08:00
000679,SZ,东方财富行情中心代码列表,2026-08-01T19:29:01+08:00
688571,SH,东方财富行情中心代码列表,2026-08-01T19:29:01+08:00
301257,SZ,东方财富行情中心代码列表,2026-08-01T19:29:01+08:00
300052,SZ,东方财富行情中心代码列表,2026-08-01T19:29:01+08:00
600576,SH,东方财富行情中心代码列表,2026-08-01T19:29:01+08:00
301567,SZ,东方财富行情中心代码列表,2026-08-01T19:29:01+08:00
002126,SZ,东方财富行情中心代码列表,2026-08-01T19:29:01+08:00
002831,SZ,东方财富行情中心代码列表,2026-08-01T19:29:01+08:00
600869,SH,东方财富行情中心代码列表,2026-08-01T19:29:01+08:00
688126,SH,东方财富行情中心代码列表,2026-08-01T19:29:01+08:00
002875,SZ,东方财富行情中心代码列表,2026-08-01T19:29:01+08:00
002222,SZ,东方财富行情中心代码列表,2026-08-01T19:29:01+08:00
603709,SH,东方财富行情中心代码列表,2026-08-01T19:29:01+08:00
603165,SH,东方财富行情中心代码列表,2026-08-01T19:29:01+08:00
300275,SZ,东方财富行情中心代码列表,2026-08-01T19:29:01+08:00
603517,SH,东方财富行情中心代码列表,2026-08-01T19:29:01+08:00
300611,SZ,东方财富行情中心代码列表,2026-08-01T19:29:01+08:00
300667,SZ,东方财富行情中心代码列表,2026-08-01T19:29:01+08:00
605177,SH,东方财富行情中心代码列表,2026-08-01T19:29:01+08:00
600703,SH,东方财富行情中心代码列表,2026-08-01T19:29:01+08:00
301353,SZ,东方财富行情中心代码列表,2026-08-01T19:29:01+08:00
300075,SZ,东方财富行情中心代码列表,2026-08-01T19:29:01+08:00
002581,SZ,东方财富行情中心代码列表,2026-08-01T19:29:01+08:00
001226,SZ,东方财富行情中心代码列表,2026-08-01T19:29:01+08:00
300997,SZ,东方财富行情中心代码列表,2026-08-01T19:29:01+08:00
688136,SH,东方财富行情中心代码列表,2026-08-01T19:29:01+08:00
603439,SH,东方财富行情中心代码列表,2026-08-01T19:29:01+08:00
300150,SZ,东方财富行情中心代码列表,2026-08-01T19:29:01+08:00
600728,SH,东方财富行情中心代码列表,2026-08-01T19:29:01+08:00
603360,SH,东方财富行情中心代码列表,2026-08-01T19:29:01+08:00
600745,SH,东方财富行情中心代码列表,2026-08-01T19:29:01+08:00
603867,SH,东方财富行情中心代码列表,2026-08-01T19:29:01+08:00
300849,SZ,东方财富行情中心代码列表,2026-08-01T19:29:01+08:00
300674,SZ,东方财富行情中心代码列表,2026-08-01T19:29:01+08:00
300047,SZ,东方财富行情中心代码列表,2026-08-01T19:29:01+08:00
000712,SZ,东方财富行情中心代码列表,2026-08-01T19:29:01+08:00
300659,SZ,东方财富行情中心代码列表,2026-08-01T19:29:01+08:00
300286,SZ,东方财富行情中心代码列表,2026-08-01T19:29:01+08:00
300069,SZ,东方财富行情中心代码列表,2026-08-01T19:29:01+08:00
688026,SH,东方财富行情中心代码列表,2026-08-01T19:29:01+08:00
300652,SZ,东方财富行情中心代码列表,2026-08-01T19:29:01+08:00
688336,SH,东方财富行情中心代码列表,2026-08-01T19:29:01+08:00
688657,SH,东方财富行情中心代码列表,2026-08-01T19:29:01+08:00
001373,SZ,东方财富行情中心代码列表,2026-08-01T19:29:01+08:00
002021,SZ,东方财富行情中心代码列表,2026-08-01T19:29:01+08:00
688686,SH,东方财富行情中心代码列表,2026-08-01T19:29:01+08:00
300614,SZ,东方财富行情中心代码列表,2026-08-01T19:29:01+08:00
300409,SZ,东方财富行情中心代码列表,2026-08-01T19:29:01+08:00
301630,SZ,东方财富行情中心代码列表,2026-08-01T19:29:01+08:00
300183,SZ,东方财富行情中心代码列表,2026-08-01T19:29:01+08:00
603150,SH,东方财富行情中心代码列表,2026-08-01T19:29:01+08:00
300389,SZ,东方财富行情中心代码列表,2026-08-01T19:29:01+08:00
301193,SZ,东方财富行情中心代码列表,2026-08-01T19:29:01+08:00
603383,SH,东方财富行情中心代码列表,2026-08-01T19:29:01+08:00
002723,SZ,东方财富行情中心代码列表,2026-08-01T19:29:01+08:00
600839,SH,东方财富行情中心代码列表,2026-08-01T19:29:01+08:00
000863,SZ,东方财富行情中心代码列表,2026-08-01T19:29:01+08:00
688072,SH,东方财富行情中心代码列表,2026-08-01T19:29:01+08:00
688376,SH,东方财富行情中心代码列表,2026-08-01T19:29:01+08:00
300483,SZ,东方财富行情中心代码列表,2026-08-01T19:29:01+08:00
688595,SH,东方财富行情中心代码列表,2026-08-01T19:29:01+08:00
002335,SZ,东方财富行情中心代码列表,2026-08-01T19:29:01+08:00
002009,SZ,东方财富行情中心代码列表,2026-08-01T19:29:01+08:00
600889,SH,东方财富行情中心代码列表,2026-08-01T19:29:01+08:00
301126,SZ,东方财富行情中心代码列表,2026-08-01T19:29:01+08:00
300260,SZ,东方财富行情中心代码列表,2026-08-01T19:29:01+08:00
002227,SZ,东方财富行情中心代码列表,2026-08-01T19:29:01+08:00
000799,SZ,东方财富行情中心代码列表,2026-08-01T19:29:01+08:00
300313,SZ,东方财富行情中心代码列表,2026-08-01T19:29:01+08:00
002084,SZ,东方财富行情中心代码列表,2026-08-01T19:29:01+08:00
688591,SH,东方财富行情中心代码列表,2026-08-01T19:29:01+08:00
300773,SZ,东方财富行情中心代码列表,2026-08-01T19:29:01+08:00
002343,SZ,东方财富行情中心代码列表,2026-08-01T19:29:01+08:00
300901,SZ,东方财富行情中心代码列表,2026-08-01T19:29:01+08:00
002861,SZ,东方财富行情中心代码列表,2026-08-01T19:29:01+08:00
300537,SZ,东方财富行情中心代码列表,2026-08-01T19:29:01+08:00
001206,SZ,东方财富行情中心代码列表,2026-08-01T19:29:01+08:00
300213,SZ,东方财富行情中心代码列表,2026-08-01T19:29:01+08:00
002217,SZ,东方财富行情中心代码列表,2026-08-01T19:29:01+08:00
688113,SH,东方财富行情中心代码列表,2026-08-01T19:29:01+08:00
300481,SZ,东方财富行情中心代码列表,2026-08-01T19:29:01+08:00
601929,SH,东方财富行情中心代码列表,2026-08-01T19:29:01+08:00
002638,SZ,东方财富行情中心代码列表,2026-08-01T19:29:01+08:00
301083,SZ,东方财富行情中心代码列表,2026-08-01T19:29:01+08:00
301489,SZ,东方财富行情中心代码列表,2026-08-01T19:29:01+08:00
300594,SZ,东方财富行情中心代码列表,2026-08-01T19:29:01+08:00
603717,SH,东方财富行情中心代码列表,2026-08-01T19:29:01+08:00
300335,SZ,东方财富行情中心代码列表,2026-08-01T19:29:01+08:00
300531,SZ,东方财富行情中心代码列表,2026-08-01T19:29:01+08:00
603879,SH,东方财富行情中心代码列表,2026-08-01T19:29:01+08:00
688456,SH,东方财富行情中心代码列表,2026-08-01T19:29:01+08:00
002988,SZ,东方财富行情中心代码列表,2026-08-01T19:29:01+08:00
300255,SZ,东方财富行情中心代码列表,2026-08-01T19:29:01+08:00
603912,SH,东方财富行情中心代码列表,2026-08-01T19:29:01+08:00
002153,SZ,东方财富行情中心代码列表,2026-08-01T19:29:01+08:00
002636,SZ,东方财富行情中心代码列表,2026-08-01T19:29:01+08:00
688055,SH,东方财富行情中心代码列表,2026-08-01T19:29:01+08:00
300475,SZ,东方财富行情中心代码列表,2026-08-01T19:29:01+08:00
301388,SZ,东方财富行情中心代码列表,2026-08-01T19:29:01+08:00
603335,SH,东方财富行情中心代码列表,2026-08-01T19:29:01+08:00
688466,SH,东方财富行情中心代码列表,2026-08-01T19:29:01+08:00
002474,SZ,东方财富行情中心代码列表,2026-08-01T19:29:01+08:00
002652,SZ,东方财富行情中心代码列表,2026-08-01T19:29:01+08:00
000586,SZ,东方财富行情中心代码列表,2026-08-01T19:29:01+08:00
002801,SZ,东方财富行情中心代码列表,2026-08-01T19:29:01+08:00
603386,SH,东方财富行情中心代码列表,2026-08-01T19:29:01+08:00
301113,SZ,东方财富行情中心代码列表,2026-08-01T19:29:01+08:00
002913,SZ,东方财富行情中心代码列表,2026-08-01T19:29:01+08:00
688166,SH,东方财富行情中心代码列表,2026-08-01T19:29:01+08:00
688611,SH,东方财富行情中心代码列表,2026-08-01T19:29:01+08:00
002029,SZ,东方财富行情中心代码列表,2026-08-01T19:29:01+08:00
300031,SZ,东方财富行情中心代码列表,2026-08-01T19:29:01+08:00
300621,SZ,东方财富行情中心代码列表,2026-08-01T19:29:01+08:00
300277,SZ,东方财富行情中心代码列表,2026-08-01T19:29:01+08:00
002634,SZ,东方财富行情中心代码列表,2026-08-01T19:29:01+08:00
603389,SH,东方财富行情中心代码列表,2026-08-01T19:29:01+08:00
002956,SZ,东方财富行情中心代码列表,2026-08-01T19:29:01+08:00
688617,SH,东方财富行情中心代码列表,2026-08-01T19:29:01+08:00
600301,SH,东方财富行情中心代码列表,2026-08-01T19:29:01+08:00
605566,SH,东方财富行情中心代码列表,2026-08-01T19:29:01+08:00
300123,SZ,东方财富行情中心代码列表,2026-08-01T19:29:01+08:00
002316,SZ,东方财富行情中心代码列表,2026-08-01T19:29:01+08:00
002236,SZ,东方财富行情中心代码列表,2026-08-01T19:29:01+08:00
688631,SH,东方财富行情中心代码列表,2026-08-01T19:29:01+08:00
600847,SH,东方财富行情中心代码列表,2026-08-01T19:29:01+08:00
688279,SH,东方财富行情中心代码列表,2026-08-01T19:29:01+08:00
688019,SH,东方财富行情中心代码列表,2026-08-01T19:29:01+08:00
300434,SZ,东方财富行情中心代码列表,2026-08-01T19:29:01+08:00
600714,SH,东方财富行情中心代码列表,2026-08-01T19:29:01+08:00
301021,SZ,东方财富行情中心代码列表,2026-08-01T19:29:01+08:00
688701,SH,东方财富行情中心代码列表,2026-08-01T19:29:01+08:00
300120,SZ,东方财富行情中心代码列表,2026-08-01T19:29:01+08:00
002881,SZ,东方财富行情中心代码列表,2026-08-01T19:29:01+08:00
300480,SZ,东方财富行情中心代码列表,2026-08-01T19:29:01+08:00
002796,SZ,东方财富行情中心代码列表,2026-08-01T19:29:01+08:00
300676,SZ,东方财富行情中心代码列表,2026-08-01T19:29:01+08:00
300523,SZ,东方财富行情中心代码列表,2026-08-01T19:29:01+08:00
600702,SH,东方财富行情中心代码列表,2026-08-01T19:29:01+08:00
300217,SZ,东方财富行情中心代码列表,2026-08-01T19:29:01+08:00
603081,SH,东方财富行情中心代码列表,2026-08-01T19:29:01+08:00
301260,SZ,东方财富行情中心代码列表,2026-08-01T19:29:01+08:00
688665,SH,东方财富行情中心代码列表,2026-08-01T19:29:01+08:00
002584,SZ,东方财富行情中心代码列表,2026-08-01T19:29:01+08:00
300377,SZ,东方财富行情中心代码列表,2026-08-01T19:29:01+08:00
301097,SZ,东方财富行情中心代码列表,2026-08-01T19:29:01+08:00
300500,SZ,东方财富行情中心代码列表,2026-08-01T19:29:01+08:00
603815,SH,东方财富行情中心代码列表,2026-08-01T19:29:01+08:00
688347,SH,东方财富行情中心代码列表,2026-08-01T19:29:01+08:00
603936,SH,东方财富行情中心代码列表,2026-08-01T19:29:01+08:00
688448,SH,东方财富行情中心代码列表,2026-08-01T19:29:01+08:00
002815,SZ,东方财富行情中心代码列表,2026-08-01T19:29:01+08:00
300311,SZ,东方财富行情中心代码列表,2026-08-01T19:29:01+08:00
301669,SZ,东方财富行情中心代码列表,2026-08-01T19:29:01+08:00
300541,SZ,东方财富行情中心代码列表,2026-08-01T19:29:01+08:00
300250,SZ,东方财富行情中心代码列表,2026-08-01T19:29:01+08:00
301130,SZ,东方财富行情中心代码列表,2026-08-01T19:29:01+08:00
300436,SZ,东方财富行情中心代码列表,2026-08-01T19:29:01+08:00
301363,SZ,东方财富行情中心代码列表,2026-08-01T19:29:01+08:00
301479,SZ,东方财富行情中心代码列表,2026-08-01T19:29:01+08:00
688051,SH,东方财富行情中心代码列表,2026-08-01T19:29:01+08:00
688455,SH,东方财富行情中心代码列表,2026-08-01T19:29:01+08:00
688592,SH,东方财富行情中心代码列表,2026-08-01T19:29:01+08:00
002766,SZ,东方财富行情中心代码列表,2026-08-01T19:29:01+08:00
301571,SZ,东方财富行情中心代码列表,2026-08-01T19:29:01+08:00
688138,SH,东方财富行情中心代码列表,2026-08-01T19:29:01+08:00
002514,SZ,东方财富行情中心代码列表,2026-08-01T19:29:01+08:00
603324,SH,东方财富行情中心代码列表,2026-08-01T19:29:01+08:00
002559,SZ,东方财富行情中心代码列表,2026-08-01T19:29:01+08:00
300547,SZ,东方财富行情中心代码列表,2026-08-01T19:29:01+08:00
300396,SZ,东方财富行情中心代码列表,2026-08-01T19:29:01+08:00
688727,SH,东方财富行情中心代码列表,2026-08-01T19:29:01+08:00
300649,SZ,东方财富行情中心代码列表,2026-08-01T19:29:01+08:00
300236,SZ,东方财富行情中心代码列表,2026-08-01T19:29:01+08:00
300447,SZ,东方财富行情中心代码列表,2026-08-01T19:29:01+08:00
601020,SH,东方财富行情中心代码列表,2026-08-01T19:29:01+08:00
000737,SZ,东方财富行情中心代码列表,2026-08-01T19:29:01+08:00
601098,SH,东方财富行情中心代码列表,2026-08-01T19:29:01+08:00
002856,SZ,东方财富行情中心代码列表,2026-08-01T19:29:01+08:00
603716,SH,东方财富行情中心代码列表,2026-08-01T19:29:01+08:00
301027,SZ,东方财富行情中心代码列表,2026-08-01T19:29:01+08:00
002012,SZ,东方财富行情中心代码列表,2026-08-01T19:29:01+08:00
300455,SZ,东方财富行情中心代码列表,2026-08-01T19:29:01+08:00
601177,SH,东方财富行情中心代码列表,2026-08-01T19:29:01+08:00
688603,SH,东方财富行情中心代码列表,2026-08-01T19:29:01+08:00
300658,SZ,东方财富行情中心代码列表,2026-08-01T19:29:01+08:00
688375,SH,东方财富行情中心代码列表,2026-08-01T19:29:01+08:00
601869,SH,东方财富行情中心代码列表,2026-08-01T19:29:01+08:00
300148,SZ,东方财富行情中心代码列表,2026-08-01T19:29:01+08:00
300343,SZ,东方财富行情中心代码列表,2026-08-01T19:29:01+08:00
002046,SZ,东方财富行情中心代码列表,2026-08-01T19:29:01+08:00
301187,SZ,东方财富行情中心代码列表,2026-08-01T19:29:01+08:00
688305,SH,东方财富行情中心代码列表,2026-08-01T19:29:01+08:00
003026,SZ,东方财富行情中心代码列表,2026-08-01T19:29:01+08:00
300985,SZ,东方财富行情中心代码列表,2026-08-01T19:29:01+08:00
300397,SZ,东方财富行情中心代码列表,2026-08-01T19:29:01+08:00
301333,SZ,东方财富行情中心代码列表,2026-08-01T19:29:01+08:00
300046,SZ,东方财富行情中心代码列表,2026-08-01T19:29:01+08:00
301458,SZ,东方财富行情中心代码列表,2026-08-01T19:29:01+08:00
600783,SH,东方财富行情中心代码列表,2026-08-01T19:29:01+08:00
600513,SH,东方财富行情中心代码列表,2026-08-01T19:29:01+08:00
300884,SZ,东方财富行情中心代码列表,2026-08-01T19:29:01+08:00
002993,SZ,东方财富行情中心代码列表,2026-08-01T19:29:01+08:00
300903,SZ,东方财富行情中心代码列表,2026-08-01T19:29:01+08:00
002268,SZ,东方财富行情中心代码列表,2026-08-01T19:29:01+08:00
002152,SZ,东方财富行情中心代码列表,2026-08-01T19:29:01+08:00
603312,SH,东方财富行情中心代码列表,2026-08-01T19:29:01+08:00
603270,SH,东方财富行情中心代码列表,2026-08-01T19:29:01+08:00
300177,SZ,东方财富行情中心代码列表,2026-08-01T19:29:01+08:00
603339,SH,东方财富行情中心代码列表,2026-08-01T19:29:01+08:00
300767,SZ,东方财富行情中心代码列表,2026-08-01T19:29:01+08:00
688429,SH,东方财富行情中心代码列表,2026-08-01T19:29:01+08:00
688097,SH,东方财富行情中心代码列表,2026-08-01T19:29:01+08:00
002798,SZ,东方财富行情中心代码列表,2026-08-01T19:29:01+08:00
002418,SZ,东方财富行情中心代码列表,2026-08-01T19:29:01+08:00
300644,SZ,东方财富行情中心代码列表,2026-08-01T19:29:01+08:00
300651,SZ,东方财富行情中心代码列表,2026-08-01T19:29:01+08:00
300220,SZ,东方财富行情中心代码列表,2026-08-01T19:29:01+08:00
600176,SH,东方财富行情中心代码列表,2026-08-01T19:29:01+08:00
000034,SZ,东方财富行情中心代码列表,2026-08-01T19:29:01+08:00
603130,SH,东方财富行情中心代码列表,2026-08-01T19:29:01+08:00
688089,SH,东方财富行情中心代码列表,2026-08-01T19:29:01+08:00
603888,SH,东方财富行情中心代码列表,2026-08-01T19:29:01+08:00
603099,SH,东方财富行情中心代码列表,2026-08-01T19:29:01+08:00
600770,SH,东方财富行情中心代码列表,2026-08-01T19:29:01+08:00
300465,SZ,东方财富行情中心代码列表,2026-08-01T19:29:01+08:00
301558,SZ,东方财富行情中心代码列表,2026-08-01T19:29:01+08:00
000409,SZ,东方财富行情中心代码列表,2026-08-01T19:29:01+08:00
001260,SZ,东方财富行情中心代码列表,2026-08-01T19:29:01+08:00
002402,SZ,东方财富行情中心代码列表,2026-08-01T19:29:01+08:00
603006,SH,东方财富行情中心代码列表,2026-08-01T19:29:01+08:00
300485,SZ,东方财富行情中心代码列表,2026-08-01T19:29:01+08:00
300010,SZ,东方财富行情中心代码列表,2026-08-01T19:29:01+08:00
688509,SH,东方财富行情中心代码列表,2026-08-01T19:29:01+08:00
688729,SH,东方财富行情中心代码列表,2026-08-01T19:29:01+08:00
300938,SZ,东方财富行情中心代码列表,2026-08-01T19:29:01+08:00
605218,SH,东方财富行情中心代码列表,2026-08-01T19:29:01+08:00
603308,SH,东方财富行情中心代码列表,2026-08-01T19:29:01+08:00
688208,SH,东方财富行情中心代码列表,2026-08-01T19:29:01+08:00
300803,SZ,东方财富行情中心代码列表,2026-08-01T19:29:01+08:00
603860,SH,东方财富行情中心代码列表,2026-08-01T19:29:01+08:00
002555,SZ,东方财富行情中心代码列表,2026-08-01T19:29:01+08:00
688053,SH,东方财富行情中心代码列表,2026-08-01T19:29:01+08:00
002319,SZ,东方财富行情中心代码列表,2026-08-01T19:29:01+08:00
300189,SZ,东方财富行情中心代码列表,2026-08-01T19:29:01+08:00
603326,SH,东方财富行情中心代码列表,2026-08-01T19:29:01+08:00
601126,SH,东方财富行情中心代码列表,2026-08-01T19:29:01+08:00
688178,SH,东方财富行情中心代码列表,2026-08-01T19:29:01+08:00
301233,SZ,东方财富行情中心代码列表,2026-08-01T19:29:01+08:00
300405,SZ,东方财富行情中心代码列表,2026-08-01T19:29:01+08:00
300926,SZ,东方财富行情中心代码列表,2026-08-01T19:29:01+08:00
300288,SZ,东方财富行情中心代码列表,2026-08-01T19:29:01+08:00
600537,SH,东方财富行情中心代码列表,2026-08-01T19:29:01+08:00
300430,SZ,东方财富行情中心代码列表,2026-08-01T19:29:01+08:00
002292,SZ,东方财富行情中心代码列表,2026-08-01T19:29:01+08:00
605196,SH,东方财富行情中心代码列表,2026-08-01T19:29:01+08:00
300694,SZ,东方财富行情中心代码列表,2026-08-01T19:29:01+08:00
002838,SZ,东方财富行情中心代码列表,2026-08-01T19:29:01+08:00
600498,SH,东方财富行情中心代码列表,2026-08-01T19:29:01+08:00
603729,SH,东方财富行情中心代码列表,2026-08-01T19:29:01+08:00
603283,SH,东方财富行情中心代码列表,2026-08-01T19:29:01+08:00
002650,SZ,东方财富行情中心代码列表,2026-08-01T19:29:01+08:00
300258,SZ,东方财富行情中心代码列表,2026-08-01T19:29:01+08:00
000016,SZ,东方财富行情中心代码列表,2026-08-01T19:29:01+08:00
688211,SH,东方财富行情中心代码列表,2026-08-01T19:29:01+08:00
002376,SZ,东方财富行情中心代码列表,2026-08-01T19:29:01+08:00
300316,SZ,东方财富行情中心代码列表,2026-08-01T19:29:01+08:00
300007,SZ,东方财富行情中心代码列表,2026-08-01T19:29:01+08:00
301059,SZ,东方财富行情中心代码列表,2026-08-01T19:29:01+08:00
000917,SZ,东方财富行情中心代码列表,2026-08-01T19:29:01+08:00
300666,SZ,东方财富行情中心代码列表,2026-08-01T19:29:01+08:00
300237,SZ,东方财富行情中心代码列表,2026-08-01T19:29:01+08:00
300129,SZ,东方财富行情中心代码列表,2026-08-01T19:29:01+08:00
002772,SZ,东方财富行情中心代码列表,2026-08-01T19:29:01+08:00
002605,SZ,东方财富行情中心代码列表,2026-08-01T19:29:01+08:00
002253,SZ,东方财富行情中心代码列表,2026-08-01T19:29:01+08:00
603121,SH,东方财富行情中心代码列表,2026-08-01T19:29:01+08:00
603192,SH,东方财富行情中心代码列表,2026-08-01T19:29:01+08:00
601208,SH,东方财富行情中心代码列表,2026-08-01T19:29:01+08:00
603997,SH,东方财富行情中心代码列表,2026-08-01T19:29:01+08:00
002196,SZ,东方财富行情中心代码列表,2026-08-01T19:29:01+08:00
002178,SZ,东方财富行情中心代码列表,2026-08-01T19:29:01+08:00
600605,SH,东方财富行情中心代码列表,2026-08-01T19:29:01+08:00
002330,SZ,东方财富行情中心代码列表,2026-08-01T19:29:01+08:00
300941,SZ,东方财富行情中心代码列表,2026-08-01T19:29:01+08:00
301609,SZ,东方财富行情中心代码列表,2026-08-01T19:29:01+08:00
002951,SZ,东方财富行情中心代码列表,2026-08-01T19:29:01+08:00
600488,SH,东方财富行情中心代码列表,2026-08-01T19:29:01+08:00
301332,SZ,东方财富行情中心代码列表,2026-08-01T19:29:01+08:00
688799,SH,东方财富行情中心代码列表,2026-08-01T19:29:01+08:00
000823,SZ,东方财富行情中心代码列表,2026-08-01T19:29:01+08:00
301105,SZ,东方财富行情中心代码列表,2026-08-01T19:29:01+08:00
300623,SZ,东方财富行情中心代码列表,2026-08-01T19:29:01+08:00
002520,SZ,东方财富行情中心代码列表,2026-08-01T19:29:01+08:00
301588,SZ,东方财富行情中心代码列表,2026-08-01T19:29:01+08:00
301062,SZ,东方财富行情中心代码列表,2026-08-01T19:29:01+08:00
002008,SZ,东方财富行情中心代码列表,2026-08-01T19:29:01+08:00
600768,SH,东方财富行情中心代码列表,2026-08-01T19:29:01+08:00
688783,SH,东方财富行情中心代码列表,2026-08-01T19:29:01+08:00
300748,SZ,东方财富行情中心代码列表,2026-08-01T19:29:01+08:00
002592,SZ,东方财富行情中心代码列表,2026-08-01T19:29:01+08:00
002056,SZ,东方财富行情中心代码列表,2026-08-01T19:29:01+08:00
688765,SH,东方财富行情中心代码列表,2026-08-01T19:29:01+08:00
605300,SH,东方财富行情中心代码列表,2026-08-01T19:29:01+08:00
000665,SZ,东方财富行情中心代码列表,2026-08-01T19:29:01+08:00
000415,SZ,东方财富行情中心代码列表,2026-08-01T19:29:01+08:00
300739,SZ,东方财富行情中心代码列表,2026-08-01T19:29:01+08:00
001324,SZ,东方财富行情中心代码列表,2026-08-01T19:29:01+08:00
000509,SZ,东方财富行情中心代码列表,2026-08-01T19:29:01+08:00
300844,SZ,东方财富行情中心代码列表,2026-08-01T19:29:01+08:00
603021,SH,东方财富行情中心代码列表,2026-08-01T19:29:01+08:00
603328,SH,东方财富行情中心代码列表,2026-08-01T19:29:01+08:00
002983,SZ,东方财富行情中心代码列表,2026-08-01T19:29:01+08:00
688265,SH,东方财富行情中心代码列表,2026-08-01T19:29:01+08:00
300655,SZ,东方财富行情中心代码列表,2026-08-01T19:29:01+08:00
002055,SZ,东方财富行情中心代码列表,2026-08-01T19:29:01+08:00
002930,SZ,东方财富行情中心代码列表,2026-08-01T19:29:01+08:00
001278,SZ,东方财富行情中心代码列表,2026-08-01T19:29:01+08:00
603296,SH,东方财富行情中心代码列表,2026-08-01T19:29:01+08:00
688011,SH,东方财富行情中心代码列表,2026-08-01T19:29:01+08:00
603269,SH,东方财富行情中心代码列表,2026-08-01T19:29:01+08:00
300238,SZ,东方财富行情中心代码列表,2026-08-01T19:29:01+08:00
301232,SZ,东方财富行情中心代码列表,2026-08-01T19:29:01+08:00
600358,SH,东方财富行情中心代码列表,2026-08-01T19:29:01+08:00
688387,SH,东方财富行情中心代码列表,2026-08-01T19:29:01+08:00
301009,SZ,东方财富行情中心代码列表,2026-08-01T19:29:01+08:00
300103,SZ,东方财富行情中心代码列表,2026-08-01T19:29:01+08:00
300898,SZ,东方财富行情中心代码列表,2026-08-01T19:29:01+08:00
300819,SZ,东方财富行情中心代码列表,2026-08-01T19:29:01+08:00
300279,SZ,东方财富行情中心代码列表,2026-08-01T19:29:01+08:00
000620,SZ,东方财富行情中心代码列表,2026-08-01T19:29:01+08:00
688562,SH,东方财富行情中心代码列表,2026-08-01T19:29:01+08:00
002347,SZ,东方财富行情中心代码列表,2026-08-01T19:29:01+08:00
300429,SZ,东方财富行情中心代码列表,2026-08-01T19:29:01+08:00
603777,SH,东方财富行情中心代码列表,2026-08-01T19:29:01+08:00
300076,SZ,东方财富行情中心代码列表,2026-08-01T19:29:01+08:00
002743,SZ,东方财富行情中心代码列表,2026-08-01T19:29:01+08:00
002434,SZ,东方财富行情中心代码列表,2026-08-01T19:29:01+08:00
001368,SZ,东方财富行情中心代码列表,2026-08-01T19:29:01+08:00
003030,SZ,东方财富行情中心代码列表,2026-08-01T19:29:01+08:00
301280,SZ,东方财富行情中心代码列表,2026-08-01T19:29:01+08:00
300412,SZ,东方财富行情中心代码列表,2026-08-01T19:29:01+08:00
000677,SZ,东方财富行情中心代码列表,2026-08-01T19:29:01+08:00
002137,SZ,东方财富行情中心代码列表,2026-08-01T19:29:01+08:00
002431,SZ,东方财富行情中心代码列表,2026-08-01T19:29:01+08:00
600360,SH,东方财富行情中心代码列表,2026-08-01T19:29:01+08:00
688007,SH,东方财富行情中心代码列表,2026-08-01T19:29:01+08:00
300971,SZ,东方财富行情中心代码列表,2026-08-01T19:29:01+08:00
600392,SH,东方财富行情中心代码列表,2026-08-01T19:29:01+08:00
002609,SZ,东方财富行情中心代码列表,2026-08-01T19:29:01+08:00
002406,SZ,东方财富行情中心代码列表,2026-08-01T19:29:01+08:00
603757,SH,东方财富行情中心代码列表,2026-08-01T19:29:01+08:00
300281,SZ,东方财富行情中心代码列表,2026-08-01T19:29:01+08:00
001399,SZ,东方财富行情中心代码列表,2026-08-01T19:29:01+08:00
002631,SZ,东方财富行情中心代码列表,2026-08-01T19:29:01+08:00
300558,SZ,东方财富行情中心代码列表,2026-08-01T19:29:01+08:00
301393,SZ,东方财富行情中心代码列表,2026-08-01T19:29:01+08:00
603028,SH,东方财富行情中心代码列表,2026-08-01T19:29:01+08:00
300302,SZ,东方财富行情中心代码列表,2026-08-01T19:29:01+08:00
688117,SH,东方财富行情中心代码列表,2026-08-01T19:29:01+08:00
300549,SZ,东方财富行情中心代码列表,2026-08-01T19:29:01+08:00
688652,SH,东方财富行情中心代码列表,2026-08-01T19:29:01+08:00
300863,SZ,东方财富行情中心代码列表,2026-08-01T19:29:01+08:00
301068,SZ,东方财富行情中心代码列表,2026-08-01T19:29:01+08:00
300025,SZ,东方财富行情中心代码列表,2026-08-01T19:29:01+08:00
002915,SZ,东方财富行情中心代码列表,2026-08-01T19:29:01+08:00
300195,SZ,东方财富行情中心代码列表,2026-08-01T19:29:01+08:00
300881,SZ,东方财富行情中心代码列表,2026-08-01T19:29:01+08:00
300445,SZ,东方财富行情中心代码列表,2026-08-01T19:29:01+08:00
301666,SZ,东方财富行情中心代码列表,2026-08-01T19:29:01+08:00
601519,SH,东方财富行情中心代码列表,2026-08-01T19:29:01+08:00
603602,SH,东方财富行情中心代码列表,2026-08-01T19:29:01+08:00
300591,SZ,东方财富行情中心代码列表,2026-08-01T19:29:01+08:00
600455,SH,东方财富行情中心代码列表,2026-08-01T19:29:01+08:00
001337,SZ,东方财富行情中心代码列表,2026-08-01T19:29:01+08:00
301019,SZ,东方财富行情中心代码列表,2026-08-01T19:29:01+08:00
002835,SZ,东方财富行情中心代码列表,2026-08-01T19:29:01+08:00
301636,SZ,东方财富行情中心代码列表,2026-08-01T19:29:01+08:00
000547,SZ,东方财富行情中心代码列表,2026-08-01T19:29:01+08:00
301028,SZ,东方财富行情中心代码列表,2026-08-01T19:29:01+08:00
603275,SH,东方财富行情中心代码列表,2026-08-01T19:29:01+08:00
603155,SH,东方财富行情中心代码列表,2026-08-01T19:29:01+08:00
301180,SZ,东方财富行情中心代码列表,2026-08-01T19:29:01+08:00
603215,SH,东方财富行情中心代码列表,2026-08-01T19:29:01+08:00
688288,SH,东方财富行情中心代码列表,2026-08-01T19:29:01+08:00
603933,SH,东方财富行情中心代码列表,2026-08-01T19:29:01+08:00
603068,SH,东方财富行情中心代码列表,2026-08-01T19:29:01+08:00
301502,SZ,东方财富行情中心代码列表,2026-08-01T19:29:01+08:00
002243,SZ,东方财富行情中心代码列表,2026-08-01T19:29:01+08:00
603538,SH,东方财富行情中心代码列表,2026-08-01T19:29:01+08:00
300036,SZ,东方财富行情中心代码列表,2026-08-01T19:29:01+08:00
603019,SH,东方财富行情中心代码列表,2026-08-01T19:29:01+08:00
300616,SZ,东方财富行情中心代码列表,2026-08-01T19:29:01+08:00
601061,SH,东方财富行情中心代码列表,2026-08-01T19:29:01+08:00
300134,SZ,东方财富行情中心代码列表,2026-08-01T19:29:01+08:00
300787,SZ,东方财富行情中心代码列表,2026-08-01T19:29:01+08:00
300462,SZ,东方财富行情中心代码列表,2026-08-01T19:29:01+08:00
300510,SZ,东方财富行情中心代码列表,2026-08-01T19:29:01+08:00
300215,SZ,东方财富行情中心代码列表,2026-08-01T19:29:01+08:00
002195,SZ,东方财富行情中心代码列表,2026-08-01T19:29:01+08:00
301539,SZ,东方财富行情中心代码列表,2026-08-01T19:29:01+08:00
002937,SZ,东方财富行情中心代码列表,2026-08-01T19:29:01+08:00
300386,SZ,东方财富行情中心代码列表,2026-08-01T19:29:01+08:00
300565,SZ,东方财富行情中心代码列表,2026-08-01T19:29:01+08:00
301006,SZ,东方财富行情中心代码列表,2026-08-01T19:29:01+08:00
301601,SZ,东方财富行情中心代码列表,2026-08-01T19:29:01+08:00
300691,SZ,东方财富行情中心代码列表,2026-08-01T19:29:01+08:00
301289,SZ,东方财富行情中心代码列表,2026-08-01T19:29:01+08:00
300589,SZ,东方财富行情中心代码列表,2026-08-01T19:29:01+08:00
300410,SZ,东方财富行情中心代码列表,2026-08-01T19:29:01+08:00
300961,SZ,东方财富行情中心代码列表,2026-08-01T19:29:01+08:00
600570,SH,东方财富行情中心代码列表,2026-08-01T19:29:01+08:00
603528,SH,东方财富行情中心代码列表,2026-08-01T19:29:01+08:00
300631,SZ,东方财富行情中心代码列表,2026-08-01T19:29:01+08:00
002529,SZ,东方财富行情中心代码列表,2026-08-01T19:29:01+08:00
600428,SH,东方财富行情中心代码列表,2026-08-01T19:29:01+08:00
603122,SH,东方财富行情中心代码列表,2026-08-01T19:29:01+08:00
600129,SH,东方财富行情中心代码列表,2026-08-01T19:29:01+08:00
300922,SZ,东方财富行情中心代码列表,2026-08-01T19:29:01+08:00
300322,SZ,东方财富行情中心代码列表,2026-08-01T19:29:01+08:00
002072,SZ,东方财富行情中心代码列表,2026-08-01T19:29:01+08:00
600130,SH,东方财富行情中心代码列表,2026-08-01T19:29:01+08:00
002518,SZ,东方财富行情中心代码列表,2026-08-01T19:29:01+08:00
605055,SH,东方财富行情中心代码列表,2026-08-01T19:29:01+08:00
603516,SH,东方财富行情中心代码列表,2026-08-01T19:29:01+08:00
301166,SZ,东方财富行情中心代码列表,2026-08-01T19:29:01+08:00
688295,SH,东方财富行情中心代码列表,2026-08-01T19:29:01+08:00
605122,SH,东方财富行情中心代码列表,2026-08-01T19:29:01+08:00
300994,SZ,东方财富行情中心代码列表,2026-08-01T19:29:01+08:00
300201,SZ,东方财富行情中心代码列表,2026-08-01T19:29:01+08:00
688529,SH,东方财富行情中心代码列表,2026-08-01T19:29:01+08:00
603767,SH,东方财富行情中心代码列表,2026-08-01T19:29:01+08:00
301129,SZ,东方财富行情中心代码列表,2026-08-01T19:29:01+08:00
300044,SZ,东方财富行情中心代码列表,2026-08-01T19:29:01+08:00
600651,SH,东方财富行情中心代码列表,2026-08-01T19:29:01+08:00
300519,SZ,东方财富行情中心代码列表,2026-08-01T19:29:01+08:00
603017,SH,东方财富行情中心代码列表,2026-08-01T19:29:01+08:00
002734,SZ,东方财富行情中心代码列表,2026-08-01T19:29:01+08:00
600493,SH,东方财富行情中心代码列表,2026-08-01T19:29:01+08:00
000839,SZ,东方财富行情中心代码列表,2026-08-01T19:29:01+08:00
688522,SH,东方财富行情中心代码列表,2026-08-01T19:29:01+08:00
301167,SZ,东方财富行情中心代码列表,2026-08-01T19:29:01+08:00
600838,SH,东方财富行情中心代码列表,2026-08-01T19:29:01+08:00
600522,SH,东方财富行情中心代码列表,2026-08-01T19:29:01+08:00
600826,SH,东方财富行情中心代码列表,2026-08-01T19:29:01+08:00
300006,SZ,东方财富行情中心代码列表,2026-08-01T19:29:01+08:00
605018,SH,东方财富行情中心代码列表,2026-08-01T19:29:01+08:00
300753,SZ,东方财富行情中心代码列表,2026-08-01T19:29:01+08:00
605100,SH,东方财富行情中心代码列表,2026-08-01T19:29:01+08:00
300013,SZ,东方财富行情中心代码列表,2026-08-01T19:29:01+08:00
600885,SH,东方财富行情中心代码列表,2026-08-01T19:29:01+08:00
603712,SH,东方财富行情中心代码列表,2026-08-01T19:29:01+08:00
300583,SZ,东方财富行情中心代码列表,2026-08-01T19:29:01+08:00
600571,SH,东方财富行情中心代码列表,2026-08-01T19:29:01+08:00
002301,SZ,东方财富行情中心代码列表,2026-08-01T19:29:01+08:00
603993,SH,东方财富行情中心代码列表,2026-08-01T19:29:01+08:00
300778,SZ,东方财富行情中心代码列表,2026-08-01T19:29:01+08:00
002132,SZ,东方财富行情中心代码列表,2026-08-01T19:29:01+08:00
300115,SZ,东方财富行情中心代码列表,2026-08-01T19:29:01+08:00
300079,SZ,东方财富行情中心代码列表,2026-08-01T19:29:01+08:00
001306,SZ,东方财富行情中心代码列表,2026-08-01T19:29:01+08:00
603132,SH,东方财富行情中心代码列表,2026-08-01T19:29:01+08:00
002401,SZ,东方财富行情中心代码列表,2026-08-01T19:29:01+08:00
605288,SH,东方财富行情中心代码列表,2026-08-01T19:29:01+08:00
603661,SH,东方财富行情中心代码列表,2026-08-01T19:29:01+08:00
003033,SZ,东方财富行情中心代码列表,2026-08-01T19:29:01+08:00
300211,SZ,东方财富行情中心代码列表,2026-08-01T19:29:01+08:00
002769,SZ,东方财富行情中心代码列表,2026-08-01T19:29:01+08:00
002943,SZ,东方财富行情中心代码列表,2026-08-01T19:29:01+08:00
300341,SZ,东方财富行情中心代码列表,2026-08-01T19:29:01+08:00
300004,SZ,东方财富行情中心代码列表,2026-08-01T19:29:01+08:00
300111,SZ,东方财富行情中心代码列表,2026-08-01T19:29:01+08:00
300831,SZ,东方财富行情中心代码列表,2026-08-01T19:29:01+08:00
002664,SZ,东方财富行情中心代码列表,2026-08-01T19:29:01+08:00
301088,SZ,东方财富行情中心代码列表,2026-08-01T19:29:01+08:00
603616,SH,东方财富行情中心代码列表,2026-08-01T19:29:01+08:00
600203,SH,东方财富行情中心代码列表,2026-08-01T19:29:01+08:00
002117,SZ,东方财富行情中心代码列表,2026-08-01T19:29:01+08:00
301505,SZ,东方财富行情中心代码列表,2026-08-01T19:29:01+08:00
301449,SZ,东方财富行情中心代码列表,2026-08-01T19:29:01+08:00
300887,SZ,东方财富行情中心代码列表,2026-08-01T19:29:01+08:00
300032,SZ,东方财富行情中心代码列表,2026-08-01T19:29:01+08:00
600506,SH,东方财富行情中心代码列表,2026-08-01T19:29:01+08:00
688395,SH,东方财富行情中心代码列表,2026-08-01T19:29:01+08:00
688512,SH,东方财富行情中心代码列表,2026-08-01T19:29:01+08:00
300159,SZ,东方财富行情中心代码列表,2026-08-01T19:29:01+08:00
300581,SZ,东方财富行情中心代码列表,2026-08-01T19:29:01+08:00
688221,SH,东方财富行情中心代码列表,2026-08-01T19:29:01+08:00
300693,SZ,东方财富行情中心代码列表,2026-08-01T19:29:01+08:00
688363,SH,东方财富行情中心代码列表,2026-08-01T19:29:01+08:00
000931,SZ,东方财富行情中心代码列表,2026-08-01T19:29:01+08:00
688388,SH,东方财富行情中心代码列表,2026-08-01T19:29:01+08:00
603176,SH,东方财富行情中心代码列表,2026-08-01T19:29:01+08:00
301136,SZ,东方财富行情中心代码列表,2026-08-01T19:29:01+08:00
600699,SH,东方财富行情中心代码列表,2026-08-01T19:29:01+08:00
301606,SZ,东方财富行情中心代码列表,2026-08-01T19:29:01+08:00
301399,SZ,东方财富行情中心代码列表,2026-08-01T19:29:01+08:00
002412,SZ,东方财富行情中心代码列表,2026-08-01T19:29:01+08:00
000576,SZ,东方财富行情中心代码列表,2026-08-01T19:29:01+08:00
605589,SH,东方财富行情中心代码列表,2026-08-01T19:29:01+08:00
300600,SZ,东方财富行情中心代码列表,2026-08-01T19:29:01+08:00
300413,SZ,东方财富行情中心代码列表,2026-08-01T19:29:01+08:00
000601,SZ,东方财富行情中心代码列表,2026-08-01T19:29:01+08:00
301212,SZ,东方财富行情中心代码列表,2026-08-01T19:29:01+08:00
688499,SH,东方财富行情中心代码列表,2026-08-01T19:29:01+08:00
300859,SZ,东方财富行情中心代码列表,2026-08-01T19:29:01+08:00
300940,SZ,东方财富行情中心代码列表,2026-08-01T19:29:01+08:00
601116,SH,东方财富行情中心代码列表,2026-08-01T19:29:01+08:00
002997,SZ,东方财富行情中心代码列表,2026-08-01T19:29:01+08:00
301081,SZ,东方财富行情中心代码列表,2026-08-01T19:29:01+08:00
002547,SZ,东方财富行情中心代码列表,2026-08-01T19:29:01+08:00
002407,SZ,东方财富行情中心代码列表,2026-08-01T19:29:01+08:00
300665,SZ,东方财富行情中心代码列表,2026-08-01T19:29:01+08:00
603197,SH,东方财富行情中心代码列表,2026-08-01T19:29:01+08:00
600851,SH,东方财富行情中心代码列表,2026-08-01T19:29:01+08:00
301633,SZ,东方财富行情中心代码列表,2026-08-01T19:29:01+08:00
603893,SH,东方财富行情中心代码列表,2026-08-01T19:29:01+08:00
301010,SZ,东方财富行情中心代码列表,2026-08-01T19:29:01+08:00
002530,SZ,东方财富行情中心代码列表,2026-08-01T19:29:01+08:00
688035,SH,东方财富行情中心代码列表,2026-08-01T19:29:01+08:00
001282,SZ,东方财富行情中心代码列表,2026-08-01T19:29:01+08:00
002297,SZ,东方财富行情中心代码列表,2026-08-01T19:29:01+08:00
688646,SH,东方财富行情中心代码列表,2026-08-01T19:29:01+08:00
300228,SZ,东方财富行情中心代码列表,2026-08-01T19:29:01+08:00
002023,SZ,东方财富行情中心代码列表,2026-08-01T19:29:01+08:00
300774,SZ,东方财富行情中心代码列表,2026-08-01T19:29:01+08:00
300146,SZ,东方财富行情中心代码列表,2026-08-01T19:29:01+08:00
300135,SZ,东方财富行情中心代码列表,2026-08-01T19:29:01+08:00
300513,SZ,东方财富行情中心代码列表,2026-08-01T19:29:01+08:00
688501,SH,东方财富行情中心代码列表,2026-08-01T19:29:01+08:00
300466,SZ,东方财富行情中心代码列表,2026-08-01T19:29:01+08:00
600654,SH,东方财富行情中心代码列表,2026-08-01T19:29:01+08:00
688633,SH,东方财富行情中心代码列表,2026-08-01T19:29:01+08:00
002150,SZ,东方财富行情中心代码列表,2026-08-01T19:29:01+08:00
603688,SH,东方财富行情中心代码列表,2026-08-01T19:29:01+08:00
002577,SZ,东方财富行情中心代码列表,2026-08-01T19:29:01+08:00
603322,SH,东方财富行情中心代码列表,2026-08-01T19:29:01+08:00
300240,SZ,东方财富行情中心代码列表,2026-08-01T19:29:01+08:00
300155,SZ,东方财富行情中心代码列表,2026-08-01T19:29:01+08:00
301551,SZ,东方财富行情中心代码列表,2026-08-01T19:29:01+08:00
002371,SZ,东方财富行情中心代码列表,2026-08-01T19:29:01+08:00
002458,SZ,东方财富行情中心代码列表,2026-08-01T19:29:01+08:00
688790,SH,东方财富行情中心代码列表,2026-08-01T19:29:01+08:00
603776,SH,东方财富行情中心代码列表,2026-08-01T19:29:01+08:00
002515,SZ,东方财富行情中心代码列表,2026-08-01T19:29:01+08:00
000909,SZ,东方财富行情中心代码列表,2026-08-01T19:29:01+08:00
300232,SZ,东方财富行情中心代码列表,2026-08-01T19:29:01+08:00
300176,SZ,东方财富行情中心代码列表,2026-08-01T19:29:01+08:00
600640,SH,东方财富行情中心代码列表,2026-08-01T19:29:01+08:00
688186,SH,东方财富行情中心代码列表,2026-08-01T19:29:01+08:00
300484,SZ,东方财富行情中心代码列表,2026-08-01T19:29:01+08:00
301589,SZ,东方财富行情中心代码列表,2026-08-01T19:29:01+08:00
000663,SZ,东方财富行情中心代码列表,2026-08-01T19:29:01+08:00
300417,SZ,东方财富行情中心代码列表,2026-08-01T19:29:01+08:00
301290,SZ,东方财富行情中心代码列表,2026-08-01T19:29:01+08:00
688420,SH,东方财富行情中心代码列表,2026-08-01T19:29:01+08:00
300226,SZ,东方财富行情中心代码列表,2026-08-01T19:29:01+08:00
688296,SH,东方财富行情中心代码列表,2026-08-01T19:29:01+08:00
688001,SH,东方财富行情中心代码列表,2026-08-01T19:29:01+08:00
603773,SH,东方财富行情中心代码列表,2026-08-01T19:29:01+08:00
688709,SH,东方财富行情中心代码列表,2026-08-01T19:29:01+08:00
300973,SZ,东方财富行情中心代码列表,2026-08-01T19:29:01+08:00
002576,SZ,东方财富行情中心代码列表,2026-08-01T19:29:01+08:00
603838,SH,东方财富行情中心代码列表,2026-08-01T19:29:01+08:00
300165,SZ,东方财富行情中心代码列表,2026-08-01T19:29:01+08:00
300684,SZ,东方财富行情中心代码列表,2026-08-01T19:29:01+08:00
301687,SZ,东方财富行情中心代码列表,2026-08-01T19:29:01+08:00
000725,SZ,东方财富行情中心代码列表,2026-08-01T19:29:01+08:00
000969,SZ,东方财富行情中心代码列表,2026-08-01T19:29:01+08:00
688525,SH,东方财富行情中心代码列表,2026-08-01T19:29:01+08:00
688238,SH,东方财富行情中心代码列表,2026-08-01T19:29:01+08:00
002905,SZ,东方财富行情中心代码列表,2026-08-01T19:29:01+08:00
300041,SZ,东方财富行情中心代码列表,2026-08-01T19:29:01+08:00
300099,SZ,东方财富行情中心代码列表,2026-08-01T19:29:01+08:00
300602,SZ,东方财富行情中心代码列表,2026-08-01T19:29:01+08:00
600490,SH,东方财富行情中心代码列表,2026-08-01T19:29:01+08:00
000519,SZ,东方财富行情中心代码列表,2026-08-01T19:29:01+08:00
600737,SH,东方财富行情中心代码列表,2026-08-01T19:29:01+08:00
002063,SZ,东方财富行情中心代码列表,2026-08-01T19:29:01+08:00
300086,SZ,东方财富行情中心代码列表,2026-08-01T19:29:01+08:00
301503,SZ,东方财富行情中心代码列表,2026-08-01T19:29:01+08:00
300867,SZ,东方财富行情中心代码列表,2026-08-01T19:29:01+08:00
600558,SH,东方财富行情中心代码列表,2026-08-01T19:29:01+08:00
688199,SH,东方财富行情中心代码列表,2026-08-01T19:29:01+08:00
605118,SH,东方财富行情中心代码列表,2026-08-01T19:29:01+08:00
603887,SH,东方财富行情中心代码列表,2026-08-01T19:29:01+08:00
603307,SH,东方财富行情中心代码列表,2026-08-01T19:29:01+08:00
688179,SH,东方财富行情中心代码列表,2026-08-01T19:29:01+08:00
605298,SH,东方财富行情中心代码列表,2026-08-01T19:29:01+08:00
601698,SH,东方财富行情中心代码列表,2026-08-01T19:29:01+08:00
688182,SH,东方财富行情中心代码列表,2026-08-01T19:29:01+08:00
603045,SH,东方财富行情中心代码列表,2026-08-01T19:29:01+08:00
688793,SH,东方财富行情中心代码列表,2026-08-01T19:29:01+08:00
688101,SH,东方财富行情中心代码列表,2026-08-01T19:29:01+08:00
300563,SZ,东方财富行情中心代码列表,2026-08-01T19:29:01+08:00
300471,SZ,东方财富行情中心代码列表,2026-08-01T19:29:01+08:00
002962,SZ,东方财富行情中心代码列表,2026-08-01T19:29:01+08:00
605001,SH,东方财富行情中心代码列表,2026-08-01T19:29:01+08:00
300106,SZ,东方财富行情中心代码列表,2026-08-01T19:29:01+08:00
001395,SZ,东方财富行情中心代码列表,2026-08-01T19:29:01+08:00
600848,SH,东方财富行情中心代码列表,2026-08-01T19:29:01+08:00
301106,SZ,东方财富行情中心代码列表,2026-08-01T19:29:01+08:00
001356,SZ,东方财富行情中心代码列表,2026-08-01T19:29:01+08:00
600719,SH,东方财富行情中心代码列表,2026-08-01T19:29:01+08:00
688468,SH,东方财富行情中心代码列表,2026-08-01T19:29:01+08:00
688800,SH,东方财富行情中心代码列表,2026-08-01T19:29:01+08:00
600644,SH,东方财富行情中心代码列表,2026-08-01T19:29:01+08:00
002042,SZ,东方财富行情中心代码列表,2026-08-01T19:29:01+08:00
603370,SH,东方财富行情中心代码列表,2026-08-01T19:29:01+08:00
002579,SZ,东方财富行情中心代码列表,2026-08-01T19:29:01+08:00
688345,SH,东方财富行情中心代码列表,2026-08-01T19:29:01+08:00
300241,SZ,东方财富行情中心代码列表,2026-08-01T19:29:01+08:00
001365,SZ,东方财富行情中心代码列表,2026-08-01T19:29:01+08:00
300535,SZ,东方财富行情中心代码列表,2026-08-01T19:29:01+08:00
301150,SZ,东方财富行情中心代码列表,2026-08-01T19:29:01+08:00
600543,SH,东方财富行情中心代码列表,2026-08-01T19:29:01+08:00
002908,SZ,东方财富行情中心代码列表,2026-08-01T19:29:01+08:00
002622,SZ,东方财富行情中心代码列表,2026-08-01T19:29:01+08:00
001378,SZ,东方财富行情中心代码列表,2026-08-01T19:29:01+08:00
000551,SZ,东方财富行情中心代码列表,2026-08-01T19:29:01+08:00
688380,SH,东方财富行情中心代码列表,2026-08-01T19:29:01+08:00
603677,SH,东方财富行情中心代码列表,2026-08-01T19:29:01+08:00
603257,SH,东方财富行情中心代码列表,2026-08-01T19:29:01+08:00
300719,SZ,东方财富行情中心代码列表,2026-08-01T19:29:01+08:00
002778,SZ,东方财富行情中心代码列表,2026-08-01T19:29:01+08:00
300267,SZ,东方财富行情中心代码列表,2026-08-01T19:29:01+08:00
603040,SH,东方财富行情中心代码列表,2026-08-01T19:29:01+08:00
301552,SZ,东方财富行情中心代码列表,2026-08-01T19:29:01+08:00
002799,SZ,东方财富行情中心代码列表,2026-08-01T19:29:01+08:00
301500,SZ,东方财富行情中心代码列表,2026-08-01T19:29:01+08:00
600818,SH,东方财富行情中心代码列表,2026-08-01T19:29:01+08:00
605058,SH,东方财富行情中心代码列表,2026-08-01T19:29:01+08:00
600693,SH,东方财富行情中心代码列表,2026-08-01T19:29:01+08:00
688648,SH,东方财富行情中心代码列表,2026-08-01T19:29:01+08:00
301066,SZ,东方财富行情中心代码列表,2026-08-01T19:29:01+08:00
002155,SZ,东方财富行情中心代码列表,2026-08-01T19:29:01+08:00
600366,SH,东方财富行情中心代码列表,2026-08-01T19:29:01+08:00
002205,SZ,东方财富行情中心代码列表,2026-08-01T19:29:01+08:00
300227,SZ,东方财富行情中心代码列表,2026-08-01T19:29:01+08:00
688484,SH,东方财富行情中心代码列表,2026-08-01T19:29:01+08:00
000558,SZ,东方财富行情中心代码列表,2026-08-01T19:29:01+08:00
002842,SZ,东方财富行情中心代码列表,2026-08-01T19:29:01+08:00
002324,SZ,东方财富行情中心代码列表,2026-08-01T19:29:01+08:00
002823,SZ,东方财富行情中心代码列表,2026-08-01T19:29:01+08:00
600362,SH,东方财富行情中心代码列表,2026-08-01T19:29:01+08:00
688193,SH,东方财富行情中心代码列表,2026-08-01T19:29:01+08:00
688517,SH,东方财富行情中心代码列表,2026-08-01T19:29:01+08:00
002456,SZ,东方财富行情中心代码列表,2026-08-01T19:29:01+08:00
600825,SH,东方财富行情中心代码列表,2026-08-01T19:29:01+08:00
300317,SZ,东方财富行情中心代码列表,2026-08-01T19:29:01+08:00
300319,SZ,东方财富行情中心代码列表,2026-08-01T19:29:01+08:00
300619,SZ,东方财富行情中心代码列表,2026-08-01T19:29:01+08:00
300534,SZ,东方财富行情中心代码列表,2026-08-01T19:29:01+08:00
688610,SH,东方财富行情中心代码列表,2026-08-01T19:29:01+08:00
301598,SZ,东方财富行情中心代码列表,2026-08-01T19:29:01+08:00
300350,SZ,东方财富行情中心代码列表,2026-08-01T19:29:01+08:00
300590,SZ,东方财富行情中心代码列表,2026-08-01T19:29:01+08:00
603206,SH,东方财富行情中心代码列表,2026-08-01T19:29:01+08:00
600088,SH,东方财富行情中心代码列表,2026-08-01T19:29:01+08:00
301616,SZ,东方财富行情中心代码列表,2026-08-01T19:29:01+08:00
002397,SZ,东方财富行情中心代码列表,2026-08-01T19:29:01+08:00
300678,SZ,东方财富行情中心代码列表,2026-08-01T19:29:01+08:00
688612,SH,东方财富行情中心代码列表,2026-08-01T19:29:01+08:00
300399,SZ,东方财富行情中心代码列表,2026-08-01T19:29:01+08:00
688526,SH,东方财富行情中心代码列表,2026-08-01T19:29:01+08:00
000887,SZ,东方财富行情中心代码列表,2026-08-01T19:29:01+08:00
000524,SZ,东方财富行情中心代码列表,2026-08-01T19:29:01+08:00
001696,SZ,东方财富行情中心代码列表,2026-08-01T19:29:01+08:00
688107,SH,东方财富行情中心代码列表,2026-08-01T19:29:01+08:00
301325,SZ,东方财富行情中心代码列表,2026-08-01T19:29:01+08:00
603058,SH,东方财富行情中心代码列表,2026-08-01T19:29:01+08:00
300727,SZ,东方财富行情中心代码列表,2026-08-01T19:29:01+08:00
301276,SZ,东方财富行情中心代码列表,2026-08-01T19:29:01+08:00
300710,SZ,东方财富行情中心代码列表,2026-08-01T19:29:01+08:00
301560,SZ,东方财富行情中心代码列表,2026-08-01T19:29:01+08:00
688161,SH,东方财富行情中心代码列表,2026-08-01T19:29:01+08:00
603633,SH,东方财富行情中心代码列表,2026-08-01T19:29:01+08:00
001211,SZ,东方财富行情中心代码列表,2026-08-01T19:29:01+08:00
603607,SH,东方财富行情中心代码列表,2026-08-01T19:29:01+08:00
603458,SH,东方财富行情中心代码列表,2026-08-01T19:29:01+08:00
300109,SZ,东方财富行情中心代码列表,2026-08-01T19:29:01+08:00
688037,SH,东方财富行情中心代码列表,2026-08-01T19:29:01+08:00
002602,SZ,东方财富行情中心代码列表,2026-08-01T19:29:01+08:00
300956,SZ,东方财富行情中心代码列表,2026-08-01T19:29:01+08:00
300382,SZ,东方财富行情中心代码列表,2026-08-01T19:29:01+08:00
688616,SH,东方财富行情中心代码列表,2026-08-01T19:29:01+08:00
000953,SZ,东方财富行情中心代码列表,2026-08-01T19:29:01+08:00
688687,SH,东方财富行情中心代码列表,2026-08-01T19:29:01+08:00
603131,SH,东方财富行情中心代码列表,2026-08-01T19:29:01+08:00
300098,SZ,东方财富行情中心代码列表,2026-08-01T19:29:01+08:00
300393,SZ,东方财富行情中心代码列表,2026-08-01T19:29:01+08:00
002903,SZ,东方财富行情中心代码列表,2026-08-01T19:29:01+08:00
300306,SZ,东方财富行情中心代码列表,2026-08-01T19:29:01+08:00
300328,SZ,东方财富行情中心代码列表,2026-08-01T19:29:01+08:00
300449,SZ,东方财富行情中心代码列表,2026-08-01T19:29:01+08:00
000955,SZ,东方财富行情中心代码列表,2026-08-01T19:29:01+08:00
301320,SZ,东方财富行情中心代码列表,2026-08-01T19:29:01+08:00
300942,SZ,东方财富行情中心代码列表,2026-08-01T19:29:01+08:00
300460,SZ,东方财富行情中心代码列表,2026-08-01T19:29:01+08:00
301509,SZ,东方财富行情中心代码列表,2026-08-01T19:29:01+08:00
300776,SZ,东方财富行情中心代码列表,2026-08-01T19:29:01+08:00
600593,SH,东方财富行情中心代码列表,2026-08-01T19:29:01+08:00
002656,SZ,东方财富行情中心代码列表,2026-08-01T19:29:01+08:00
002549,SZ,东方财富行情中心代码列表,2026-08-01T19:29:01+08:00
000639,SZ,东方财富行情中心代码列表,2026-08-01T19:29:01+08:00
000607,SZ,东方财富行情中心代码列表,2026-08-01T19:29:01+08:00
688697,SH,东方财富行情中心代码列表,2026-08-01T19:29:01+08:00
600671,SH,东方财富行情中心代码列表,2026-08-01T19:29:01+08:00
002973,SZ,东方财富行情中心代码列表,2026-08-01T19:29:01+08:00
300016,SZ,东方财富行情中心代码列表,2026-08-01T19:29:01+08:00
600721,SH,东方财富行情中心代码列表,2026-08-01T19:29:01+08:00
002928,SZ,东方财富行情中心代码列表,2026-08-01T19:29:01+08:00
600637,SH,东方财富行情中心代码列表,2026-08-01T19:29:01+08:00
002410,SZ,东方财富行情中心代码列表,2026-08-01T19:29:01+08:00
688700,SH,东方财富行情中心代码列表,2026-08-01T19:29:01+08:00
300473,SZ,东方财富行情中心代码列表,2026-08-01T19:29:01+08:00
001215,SZ,东方财富行情中心代码列表,2026-08-01T19:29:01+08:00
000590,SZ,东方财富行情中心代码列表,2026-08-01T19:29:01+08:00
603421,SH,东方财富行情中心代码列表,2026-08-01T19:29:01+08:00
603861,SH,东方财富行情中心代码列表,2026-08-01T19:29:01+08:00
300709,SZ,东方财富行情中心代码列表,2026-08-01T19:29:01+08:00
301120,SZ,东方财富行情中心代码列表,2026-08-01T19:29:01+08:00
300784,SZ,东方财富行情中心代码列表,2026-08-01T19:29:01+08:00
301256,SZ,东方财富行情中心代码列表,2026-08-01T19:29:01+08:00
000810,SZ,东方财富行情中心代码列表,2026-08-01T19:29:01+08:00
002095,SZ,东方财富行情中心代码列表,2026-08-01T19:29:01+08:00
603520,SH,东方财富行情中心代码列表,2026-08-01T19:29:01+08:00
300970,SZ,东方财富行情中心代码列表,2026-08-01T19:29:01+08:00
001366,SZ,东方财富行情中心代码列表,2026-08-01T19:29:01+08:00
600658,SH,东方财富行情中心代码列表,2026-08-01T19:29:01+08:00
002305,SZ,东方财富行情中心代码列表,2026-08-01T19:29:01+08:00
300365,SZ,东方财富行情中心代码列表,2026-08-01T19:29:01+08:00
300808,SZ,东方财富行情中心代码列表,2026-08-01T19:29:01+08:00
000948,SZ,东方财富行情中心代码列表,2026-08-01T19:29:01+08:00
600973,SH,东方财富行情中心代码列表,2026-08-01T19:29:01+08:00
002232,SZ,东方财富行情中心代码列表,2026-08-01T19:29:01+08:00
300698,SZ,东方财富行情中心代码列表,2026-08-01T19:29:01+08:00
300879,SZ,东方财富行情中心代码列表,2026-08-01T19:29:01+08:00
688533,SH,东方财富行情中心代码列表,2026-08-01T19:29:01+08:00
603010,SH,东方财富行情中心代码列表,2026-08-01T19:29:01+08:00
001332,SZ,东方财富行情中心代码列表,2026-08-01T19:29:01+08:00
300817,SZ,东方财富行情中心代码列表,2026-08-01T19:29:01+08:00
002953,SZ,东方财富行情中心代码列表,2026-08-01T19:29:01+08:00
300318,SZ,东方财富行情中心代码列表,2026-08-01T19:29:01+08:00
301383,SZ,东方财富行情中心代码列表,2026-08-01T19:29:01+08:00
688600,SH,东方财富行情中心代码列表,2026-08-01T19:29:01+08:00
000536,SZ,东方财富行情中心代码列表,2026-08-01T19:29:01+08:00
300411,SZ,东方财富行情中心代码列表,2026-08-01T19:29:01+08:00
300932,SZ,东方财富行情中心代码列表,2026-08-01T19:29:01+08:00
300561,SZ,东方财富行情中心代码列表,2026-08-01T19:29:01+08:00
301099,SZ,东方财富行情中心代码列表,2026-08-01T19:29:01+08:00
301531,SZ,东方财富行情中心代码列表,2026-08-01T19:29:01+08:00
300625,SZ,东方财富行情中心代码列表,2026-08-01T19:29:01+08:00
002373,SZ,东方财富行情中心代码列表,2026-08-01T19:29:01+08:00
600497,SH,东方财富行情中心代码列表,2026-08-01T19:29:01+08:00
002707,SZ,东方财富行情中心代码列表,2026-08-01T19:29:01+08:00
002173,SZ,东方财富行情中心代码列表,2026-08-01T19:29:01+08:00
605155,SH,东方财富行情中心代码列表,2026-08-01T19:29:01+08:00
605365,SH,东方财富行情中心代码列表,2026-08-01T19:29:01+08:00
603901,SH,东方财富行情中心代码列表,2026-08-01T19:29:01+08:00
603168,SH,东方财富行情中心代码列表,2026-08-01T19:29:01+08:00
002465,SZ,东方财富行情中心代码列表,2026-08-01T19:29:01+08:00
688151,SH,东方财富行情中心代码列表,2026-08-01T19:29:01+08:00
600776,SH,东方财富行情中心代码列表,2026-08-01T19:29:01+08:00
688656,SH,东方财富行情中心代码列表,2026-08-01T19:29:01+08:00
300837,SZ,东方财富行情中心代码列表,2026-08-01T19:29:01+08:00
002696,SZ,东方财富行情中心代码列表,2026-08-01T19:29:01+08:00
002519,SZ,东方财富行情中心代码列表,2026-08-01T19:29:01+08:00
300348,SZ,东方财富行情中心代码列表,2026-08-01T19:29:01+08:00
003015,SZ,东方财富行情中心代码列表,2026-08-01T19:29:01+08:00
301107,SZ,东方财富行情中心代码列表,2026-08-01T19:29:01+08:00
300358,SZ,东方财富行情中心代码列表,2026-08-01T19:29:01+08:00
600590,SH,东方财富行情中心代码列表,2026-08-01T19:29:01+08:00
300637,SZ,东方财富行情中心代码列表,2026-08-01T19:29:01+08:00
600353,SH,东方财富行情中心代码列表,2026-08-01T19:29:01+08:00
300597,SZ,东方财富行情中心代码列表,2026-08-01T19:29:01+08:00
000596,SZ,东方财富行情中心代码列表,2026-08-01T19:29:01+08:00
300223,SZ,东方财富行情中心代码列表,2026-08-01T19:29:01+08:00
002795,SZ,东方财富行情中心代码列表,2026-08-01T19:29:01+08:00
300081,SZ,东方财富行情中心代码列表,2026-08-01T19:29:01+08:00
688290,SH,东方财富行情中心代码列表,2026-08-01T19:29:01+08:00
603706,SH,东方财富行情中心代码列表,2026-08-01T19:29:01+08:00
301287,SZ,东方财富行情中心代码列表,2026-08-01T19:29:01+08:00
603020,SH,东方财富行情中心代码列表,2026-08-01T19:29:01+08:00
002719,SZ,东方财富行情中心代码列表,2026-08-01T19:29:01+08:00
002873,SZ,东方财富行情中心代码列表,2026-08-01T19:29:01+08:00
300024,SZ,东方财富行情中心代码列表,2026-08-01T19:29:01+08:00
000751,SZ,东方财富行情中心代码列表,2026-08-01T19:29:01+08:00
301272,SZ,东方财富行情中心代码列表,2026-08-01T19:29:01+08:00
688613,SH,东方财富行情中心代码列表,2026-08-01T19:29:01+08:00
300743,SZ,东方财富行情中心代码列表,2026-08-01T19:29:01+08:00
301181,SZ,东方财富行情中心代码列表,2026-08-01T19:29:01+08:00
301148,SZ,东方财富行情中心代码列表,2026-08-01T19:29:01+08:00
600071,SH,东方财富行情中心代码列表,2026-08-01T19:29:01+08:00
300037,SZ,东方财富行情中心代码列表,2026-08-01T19:29:01+08:00
300190,SZ,东方财富行情中心代码列表,2026-08-01T19:29:01+08:00
300490,SZ,东方财富行情中心代码列表,2026-08-01T19:29:01+08:00
603085,SH,东方财富行情中心代码列表,2026-08-01T19:29:01+08:00
300712,SZ,东方财富行情中心代码列表,2026-08-01T19:29:01+08:00
688802,SH,东方财富行情中心代码列表,2026-08-01T19:29:01+08:00
301525,SZ,东方财富行情中心代码列表,2026-08-01T19:29:01+08:00
603818,SH,东方财富行情中心代码列表,2026-08-01T19:29:01+08:00
300062,SZ,东方财富行情中心代码列表,2026-08-01T19:29:01+08:00
300696,SZ,东方财富行情中心代码列表,2026-08-01T19:29:01+08:00
300841,SZ,东方财富行情中心代码列表,2026-08-01T19:29:01+08:00
301122,SZ,东方财富行情中心代码列表,2026-08-01T19:29:01+08:00
300822,SZ,东方财富行情中心代码列表,2026-08-01T19:29:01+08:00
603266,SH,东方财富行情中心代码列表,2026-08-01T19:29:01+08:00
301036,SZ,东方财富行情中心代码列表,2026-08-01T19:29:01+08:00
002706,SZ,东方财富行情中心代码列表,2026-08-01T19:29:01+08:00
603320,SH,东方财富行情中心代码列表,2026-08-01T19:29:01+08:00
002782,SZ,东方财富行情中心代码列表,2026-08-01T19:29:01+08:00
002357,SZ,东方财富行情中心代码列表,2026-08-01T19:29:01+08:00
300865,SZ,东方财富行情中心代码列表,2026-08-01T19:29:01+08:00
002103,SZ,东方财富行情中心代码列表,2026-08-01T19:29:01+08:00
000159,SZ,东方财富行情中心代码列表,2026-08-01T19:29:01+08:00
688373,SH,东方财富行情中心代码列表,2026-08-01T19:29:01+08:00
002849,SZ,东方财富行情中心代码列表,2026-08-01T19:29:01+08:00
002591,SZ,东方财富行情中心代码列表,2026-08-01T19:29:01+08:00
000692,SZ,东方财富行情中心代码列表,2026-08-01T19:29:01+08:00
300296,SZ,东方财富行情中心代码列表,2026-08-01T19:29:01+08:00
605366,SH,东方财富行情中心代码列表,2026-08-01T19:29:01+08:00
300797,SZ,东方财富行情中心代码列表,2026-08-01T19:29:01+08:00
603011,SH,东方财富行情中心代码列表,2026-08-01T19:29:01+08:00
002453,SZ,东方财富行情中心代码列表,2026-08-01T19:29:01+08:00
002806,SZ,东方财富行情中心代码列表,2026-08-01T19:29:01+08:00
002927,SZ,东方财富行情中心代码列表,2026-08-01T19:29:01+08:00
002544,SZ,东方财富行情中心代码列表,2026-08-01T19:29:01+08:00
002946,SZ,东方财富行情中心代码列表,2026-08-01T19:29:01+08:00
002886,SZ,东方财富行情中心代码列表,2026-08-01T19:29:01+08:00
603828,SH,东方财富行情中心代码列表,2026-08-01T19:29:01+08:00
605222,SH,东方财富行情中心代码列表,2026-08-01T19:29:01+08:00
003027,SZ,东方财富行情中心代码列表,2026-08-01T19:29:01+08:00
600226,SH,东方财富行情中心代码列表,2026-08-01T19:29:01+08:00
603196,SH,东方财富行情中心代码列表,2026-08-01T19:29:01+08:00
603088,SH,东方财富行情中心代码列表,2026-08-01T19:29:01+08:00
600563,SH,东方财富行情中心代码列表,2026-08-01T19:29:01+08:00
688173,SH,东方财富行情中心代码列表,2026-08-01T19:29:01+08:00
600521,SH,东方财富行情中心代码列表,2026-08-01T19:29:01+08:00
002800,SZ,东方财富行情中心代码列表,2026-08-01T19:29:01+08:00
002045,SZ,东方财富行情中心代码列表,2026-08-01T19:29:01+08:00
600100,SH,东方财富行情中心代码列表,2026-08-01T19:29:01+08:00
603162,SH,东方财富行情中心代码列表,2026-08-01T19:29:01+08:00
002237,SZ,东方财富行情中心代码列表,2026-08-01T19:29:01+08:00
301328,SZ,东方财富行情中心代码列表,2026-08-01T19:29:01+08:00
688300,SH,东方财富行情中心代码列表,2026-08-01T19:29:01+08:00
002174,SZ,东方财富行情中心代码列表,2026-08-01T19:29:01+08:00
001296,SZ,东方财富行情中心代码列表,2026-08-01T19:29:01+08:00
688298,SH,东方财富行情中心代码列表,2026-08-01T19:29:01+08:00
688566,SH,东方财富行情中心代码列表,2026-08-01T19:29:01+08:00
688302,SH,东方财富行情中心代码列表,2026-08-01T19:29:01+08:00
600734,SH,东方财富行情中心代码列表,2026-08-01T19:29:01+08:00
600149,SH,东方财富行情中心代码列表,2026-08-01T19:29:01+08:00
300334,SZ,东方财富行情中心代码列表,2026-08-01T19:29:01+08:00
002482,SZ,东方财富行情中心代码列表,2026-08-01T19:29:01+08:00
301262,SZ,东方财富行情中心代码列表,2026-08-01T19:29:01+08:00
301201,SZ,东方财富行情中心代码列表,2026-08-01T19:29:01+08:00
002728,SZ,东方财富行情中心代码列表,2026-08-01T19:29:01+08:00
000504,SZ,东方财富行情中心代码列表,2026-08-01T19:29:01+08:00
603917,SH,东方财富行情中心代码列表,2026-08-01T19:29:01+08:00
300433,SZ,东方财富行情中心代码列表,2026-08-01T19:29:01+08:00
603711,SH,东方财富行情中心代码列表,2026-08-01T19:29:01+08:00
002273,SZ,东方财富行情中心代码列表,2026-08-01T19:29:01+08:00
300373,SZ,东方财富行情中心代码列表,2026-08-01T19:29:01+08:00
601001,SH,东方财富行情中心代码列表,2026-08-01T19:29:01+08:00
688133,SH,东方财富行情中心代码列表,2026-08-01T19:29:01+08:00
300042,SZ,东方财富行情中心代码列表,2026-08-01T19:29:01+08:00
603331,SH,东方财富行情中心代码列表,2026-08-01T19:29:01+08:00
002254,SZ,东方财富行情中心代码列表,2026-08-01T19:29:01+08:00
301397,SZ,东方财富行情中心代码列表,2026-08-01T19:29:01+08:00
002730,SZ,东方财富行情中心代码列表,2026-08-01T19:29:01+08:00
603305,SH,东方财富行情中心代码列表,2026-08-01T19:29:01+08:00
301065,SZ,东方财富行情中心代码列表,2026-08-01T19:29:01+08:00
301308,SZ,东方财富行情中心代码列表,2026-08-01T19:29:01+08:00
002922,SZ,东方财富行情中心代码列表,2026-08-01T19:29:01+08:00
000766,SZ,东方财富行情中心代码列表,2026-08-01T19:29:01+08:00
001319,SZ,东方财富行情中心代码列表,2026-08-01T19:29:01+08:00
605555,SH,东方财富行情中心代码列表,2026-08-01T19:29:01+08:00
600550,SH,东方财富行情中心代码列表,2026-08-01T19:29:01+08:00
603012,SH,东方财富行情中心代码列表,2026-08-01T19:29:01+08:00
605258,SH,东方财富行情中心代码列表,2026-08-01T19:29:01+08:00
002306,SZ,东方财富行情中心代码列表,2026-08-01T19:29:01+08:00
600775,SH,东方财富行情中心代码列表,2026-08-01T19:29:01+08:00
002907,SZ,东方财富行情中心代码列表,2026-08-01T19:29:01+08:00
002643,SZ,东方财富行情中心代码列表,2026-08-01T19:29:01+08:00
002715,SZ,东方财富行情中心代码列表,2026-08-01T19:29:01+08:00
002247,SZ,东方财富行情中心代码列表,2026-08-01T19:29:01+08:00
603929,SH,东方财富行情中心代码列表,2026-08-01T19:29:01+08:00
600373,SH,东方财富行情中心代码列表,2026-08-01T19:29:01+08:00
601958,SH,东方财富行情中心代码列表,2026-08-01T19:29:01+08:00
603102,SH,东方财富行情中心代码列表,2026-08-01T19:29:01+08:00
000539,SZ,东方财富行情中心代码列表,2026-08-01T19:29:01+08:00
300791,SZ,东方财富行情中心代码列表,2026-08-01T19:29:01+08:00
001257,SZ,东方财富行情中心代码列表,2026-08-01T19:29:01+08:00
603699,SH,东方财富行情中心代码列表,2026-08-01T19:29:01+08:00
301049,SZ,东方财富行情中心代码列表,2026-08-01T19:29:01+08:00
002629,SZ,东方财富行情中心代码列表,2026-08-01T19:29:01+08:00
688350,SH,东方财富行情中心代码列表,2026-08-01T19:29:01+08:00
300701,SZ,东方财富行情中心代码列表,2026-08-01T19:29:01+08:00
300375,SZ,东方财富行情中心代码列表,2026-08-01T19:29:01+08:00
603256,SH,东方财富行情中心代码列表,2026-08-01T19:29:01+08:00
300320,SZ,东方财富行情中心代码列表,2026-08-01T19:29:01+08:00
003038,SZ,东方财富行情中心代码列表,2026-08-01T19:29:01+08:00
605376,SH,东方财富行情中心代码列表,2026-08-01T19:29:01+08:00
300681,SZ,东方财富行情中心代码列表,2026-08-01T19:29:01+08:00
688202,SH,东方财富行情中心代码列表,2026-08-01T19:29:01+08:00
301286,SZ,东方财富行情中心代码列表,2026-08-01T19:29:01+08:00
002598,SZ,东方财富行情中心代码列表,2026-08-01T19:29:01+08:00
605056,SH,东方财富行情中心代码列表,2026-08-01T19:29:01+08:00
300057,SZ,东方财富行情中心代码列表,2026-08-01T19:29:01+08:00
600436,SH,东方财富行情中心代码列表,2026-08-01T19:29:01+08:00
002755,SZ,东方财富行情中心代码列表,2026-08-01T19:29:01+08:00
000006,SZ,东方财富行情中心代码列表,2026-08-01T19:29:01+08:00
600604,SH,东方财富行情中心代码列表,2026-08-01T19:29:01+08:00
301020,SZ,东方财富行情中心代码列表,2026-08-01T19:29:01+08:00
002334,SZ,东方财富行情中心代码列表,2026-08-01T19:29:01+08:00
603259,SH,东方财富行情中心代码列表,2026-08-01T19:29:01+08:00
688543,SH,东方财富行情中心代码列表,2026-08-01T19:29:01+08:00
688516,SH,东方财富行情中心代码列表,2026-08-01T19:29:01+08:00
002822,SZ,东方财富行情中心代码列表,2026-08-01T19:29:01+08:00
688755,SH,东方财富行情中心代码列表,2026-08-01T19:29:01+08:00
600615,SH,东方财富行情中心代码列表,2026-08-01T19:29:01+08:00
600310,SH,东方财富行情中心代码列表,2026-08-01T19:29:01+08:00
603868,SH,东方财富行情中心代码列表,2026-08-01T19:29:01+08:00
688536,SH,东方财富行情中心代码列表,2026-08-01T19:29:01+08:00
002617,SZ,东方财富行情中心代码列表,2026-08-01T19:29:01+08:00
603280,SH,东方财富行情中心代码列表,2026-08-01T19:29:01+08:00
688108,SH,东方财富行情中心代码列表,2026-08-01T19:29:01+08:00
002114,SZ,东方财富行情中心代码列表,2026-08-01T19:29:01+08:00
600271,SH,东方财富行情中心代码列表,2026-08-01T19:29:01+08:00
603790,SH,东方财富行情中心代码列表,2026-08-01T19:29:01+08:00
600520,SH,东方财富行情中心代码列表,2026-08-01T19:29:01+08:00
002877,SZ,东方财富行情中心代码列表,2026-08-01T19:29:01+08:00
002438,SZ,东方财富行情中心代码列表,2026-08-01T19:29:01+08:00
601789,SH,东方财富行情中心代码列表,2026-08-01T19:29:01+08:00
002987,SZ,东方财富行情中心代码列表,2026-08-01T19:29:01+08:00
301087,SZ,东方财富行情中心代码列表,2026-08-01T19:29:01+08:00
002596,SZ,东方财富行情中心代码列表,2026-08-01T19:29:01+08:00
301390,SZ,东方财富行情中心代码列表,2026-08-01T19:29:01+08:00
688015,SH,东方财富行情中心代码列表,2026-08-01T19:29:01+08:00
002413,SZ,东方财富行情中心代码列表,2026-08-01T19:29:01+08:00
600151,SH,东方财富行情中心代码列表,2026-08-01T19:29:01+08:00
600881,SH,东方财富行情中心代码列表,2026-08-01T19:29:01+08:00
688608,SH,东方财富行情中心代码列表,2026-08-01T19:29:01+08:00
688428,SH,东方财富行情中心代码列表,2026-08-01T19:29:01+08:00
002635,SZ,东方财富行情中心代码列表,2026-08-01T19:29:01+08:00
001396,SZ,东方财富行情中心代码列表,2026-08-01T19:29:01+08:00
300349,SZ,东方财富行情中心代码列表,2026-08-01T19:29:01+08:00
301277,SZ,东方财富行情中心代码列表,2026-08-01T19:29:01+08:00
301559,SZ,东方财富行情中心代码列表,2026-08-01T19:29:01+08:00
002820,SZ,东方财富行情中心代码列表,2026-08-01T19:29:01+08:00
600857,SH,东方财富行情中心代码列表,2026-08-01T19:29:01+08:00
002218,SZ,东方财富行情中心代码列表,2026-08-01T19:29:01+08:00
603890,SH,东方财富行情中心代码列表,2026-08-01T19:29:01+08:00
300527,SZ,东方财富行情中心代码列表,2026-08-01T19:29:01+08:00
001209,SZ,东方财富行情中心代码列表,2026-08-01T19:29:01+08:00
300957,SZ,东方财富行情中心代码列表,2026-08-01T19:29:01+08:00
002446,SZ,东方财富行情中心代码列表,2026-08-01T19:29:01+08:00
688052,SH,东方财富行情中心代码列表,2026-08-01T19:29:01+08:00
301063,SZ,东方财富行情中心代码列表,2026-08-01T19:29:01+08:00
001210,SZ,东方财富行情中心代码列表,2026-08-01T19:29:01+08:00
600793,SH,东方财富行情中心代码列表,2026-08-01T19:29:01+08:00
603500,SH,东方财富行情中心代码列表,2026-08-01T19:29:01+08:00
001239,SZ,东方财富行情中心代码列表,2026-08-01T19:29:01+08:00
603090,SH,东方财富行情中心代码列表,2026-08-01T19:29:01+08:00
002955,SZ,东方财富行情中心代码列表,2026-08-01T19:29:01+08:00
002917,SZ,东方财富行情中心代码列表,2026-08-01T19:29:01+08:00
300263,SZ,东方财富行情中心代码列表,2026-08-01T19:29:01+08:00
300509,SZ,东方财富行情中心代码列表,2026-08-01T19:29:01+08:00
301131,SZ,东方财富行情中心代码列表,2026-08-01T19:29:01+08:00
600158,SH,东方财富行情中心代码列表,2026-08-01T19:29:01+08:00
002495,SZ,东方财富行情中心代码列表,2026-08-01T19:29:01+08:00
000657,SZ,东方财富行情中心代码列表,2026-08-01T19:29:01+08:00
300725,SZ,东方财富行情中心代码列表,2026-08-01T19:29:01+08:00
002960,SZ,东方财富行情中心代码列表,2026-08-01T19:29:01+08:00
002574,SZ,东方财富行情中心代码列表,2026-08-01T19:29:01+08:00
301359,SZ,东方财富行情中心代码列表,2026-08-01T19:29:01+08:00
301355,SZ,东方财富行情中心代码列表,2026-08-01T19:29:01+08:00
603222,SH,东方财富行情中心代码列表,2026-08-01T19:29:01+08:00
688798,SH,东方财富行情中心代码列表,2026-08-01T19:29:01+08:00
688203,SH,东方财富行情中心代码列表,2026-08-01T19:29:01+08:00
300406,SZ,东方财富行情中心代码列表,2026-08-01T19:29:01+08:00
603882,SH,东方财富行情中心代码列表,2026-08-01T19:29:01+08:00
002363,SZ,东方财富行情中心代码列表,2026-08-01T19:29:01+08:00
603577,SH,东方财富行情中心代码列表,2026-08-01T19:29:01+08:00
301628,SZ,东方财富行情中心代码列表,2026-08-01T19:29:01+08:00
301192,SZ,东方财富行情中心代码列表,2026-08-01T19:29:01+08:00
688217,SH,东方财富行情中心代码列表,2026-08-01T19:29:01+08:00
301029,SZ,东方财富行情中心代码列表,2026-08-01T19:29:01+08:00
688722,SH,东方财富行情中心代码列表,2026-08-01T19:29:01+08:00
002763,SZ,东方财富行情中心代码列表,2026-08-01T19:29:01+08:00
605167,SH,东方财富行情中心代码列表,2026-08-01T19:29:01+08:00
300206,SZ,东方财富行情中心代码列表,2026-08-01T19:29:01+08:00
688598,SH,东方财富行情中心代码列表,2026-08-01T19:29:01+08:00
600371,SH,东方财富行情中心代码列表,2026-08-01T19:29:01+08:00
000989,SZ,东方财富行情中心代码列表,2026-08-01T19:29:01+08:00
300703,SZ,东方财富行情中心代码列表,2026-08-01T19:29:01+08:00
301429,SZ,东方财富行情中心代码列表,2026-08-01T19:29:01+08:00
300507,SZ,东方财富行情中心代码列表,2026-08-01T19:29:01+08:00
301575,SZ,东方财富行情中心代码列表,2026-08-01T19:29:01+08:00
603183,SH,东方财富行情中心代码列表,2026-08-01T19:29:01+08:00
600724,SH,东方财富行情中心代码列表,2026-08-01T19:29:01+08:00
002933,SZ,东方财富行情中心代码列表,2026-08-01T19:29:01+08:00
688006,SH,东方财富行情中心代码列表,2026-08-01T19:29:01+08:00
603918,SH,东方财富行情中心代码列表,2026-08-01T19:29:01+08:00
600078,SH,东方财富行情中心代码列表,2026-08-01T19:29:01+08:00
300839,SZ,东方财富行情中心代码列表,2026-08-01T19:29:01+08:00
301149,SZ,东方财富行情中心代码列表,2026-08-01T19:29:01+08:00
002891,SZ,东方财富行情中心代码列表,2026-08-01T19:29:01+08:00
300268,SZ,东方财富行情中心代码列表,2026-08-01T19:29:01+08:00
688189,SH,东方财富行情中心代码列表,2026-08-01T19:29:01+08:00
600843,SH,东方财富行情中心代码列表,2026-08-01T19:29:01+08:00
300292,SZ,东方财富行情中心代码列表,2026-08-01T19:29:01+08:00
000609,SZ,东方财富行情中心代码列表,2026-08-01T19:29:01+08:00
300414,SZ,东方财富行情中心代码列表,2026-08-01T19:29:01+08:00
301269,SZ,东方财富行情中心代码列表,2026-08-01T19:29:01+08:00
601231,SH,东方财富行情中心代码列表,2026-08-01T19:29:01+08:00
301361,SZ,东方财富行情中心代码列表,2026-08-01T19:29:01+08:00
603768,SH,东方财富行情中心代码列表,2026-08-01T19:29:01+08:00
301293,SZ,东方财富行情中心代码列表,2026-08-01T19:29:01+08:00
300200,SZ,东方财富行情中心代码列表,2026-08-01T19:29:01+08:00
600229,SH,东方财富行情中心代码列表,2026-08-01T19:29:01+08:00
300305,SZ,东方财富行情中心代码列表,2026-08-01T19:29:01+08:00
002144,SZ,东方财富行情中心代码列表,2026-08-01T19:29:01+08:00
301203,SZ,东方财富行情中心代码列表,2026-08-01T19:29:01+08:00
000021,SZ,东方财富行情中心代码列表,2026-08-01T19:29:01+08:00
688775,SH,东方财富行情中心代码列表,2026-08-01T19:29:01+08:00
003029,SZ,东方财富行情中心代码列表,2026-08-01T19:29:01+08:00
600239,SH,东方财富行情中心代码列表,2026-08-01T19:29:01+08:00
300435,SZ,东方财富行情中心代码列表,2026-08-01T19:29:01+08:00
000068,SZ,东方财富行情中心代码列表,2026-08-01T19:29:01+08:00
002870,SZ,东方财富行情中心代码列表,2026-08-01T19:29:01+08:00
603379,SH,东方财富行情中心代码列表,2026-08-01T19:29:01+08:00
688270,SH,东方财富行情中心代码列表,2026-08-01T19:29:01+08:00
688330,SH,东方财富行情中心代码列表,2026-08-01T19:29:01+08:00
301516,SZ,东方财富行情中心代码列表,2026-08-01T19:29:01+08:00
688488,SH,东方财富行情中心代码列表,2026-08-01T19:29:01+08:00
300045,SZ,东方财富行情中心代码列表,2026-08-01T19:29:01+08:00
300643,SZ,东方财富行情中心代码列表,2026-08-01T19:29:01+08:00
600382,SH,东方财富行情中心代码列表,2026-08-01T19:29:01+08:00
000880,SZ,东方财富行情中心代码列表,2026-08-01T19:29:01+08:00
300077,SZ,东方财富行情中心代码列表,2026-08-01T19:29:01+08:00
001287,SZ,东方财富行情中心代码列表,2026-08-01T19:29:01+08:00
002735,SZ,东方财富行情中心代码列表,2026-08-01T19:29:01+08:00
688597,SH,东方财富行情中心代码列表,2026-08-01T19:29:01+08:00
002845,SZ,东方财富行情中心代码列表,2026-08-01T19:29:01+08:00
301071,SZ,东方财富行情中心代码列表,2026-08-01T19:29:01+08:00
002788,SZ,东方财富行情中心代码列表,2026-08-01T19:29:01+08:00
300053,SZ,东方财富行情中心代码列表,2026-08-01T19:29:01+08:00
603016,SH,东方财富行情中心代码列表,2026-08-01T19:29:01+08:00
001256,SZ,东方财富行情中心代码列表,2026-08-01T19:29:01+08:00
603095,SH,东方财富行情中心代码列表,2026-08-01T19:29:01+08:00
688565,SH,东方财富行情中心代码列表,2026-08-01T19:29:01+08:00
301587,SZ,东方财富行情中心代码列表,2026-08-01T19:29:01+08:00
300759,SZ,东方财富行情中心代码列表,2026-08-01T19:29:01+08:00
300101,SZ,东方财富行情中心代码列表,2026-08-01T19:29:01+08:00
002081,SZ,东方财富行情中心代码列表,2026-08-01T19:29:01+08:00
000757,SZ,东方财富行情中心代码列表,2026-08-01T19:29:01+08:00
002729,SZ,东方财富行情中心代码列表,2026-08-01T19:29:01+08:00
300272,SZ,东方财富行情中心代码列表,2026-08-01T19:29:01+08:00
000156,SZ,东方财富行情中心代码列表,2026-08-01T19:29:01+08:00
300121,SZ,东方财富行情中心代码列表,2026-08-01T19:29:01+08:00
600397,SH,东方财富行情中心代码列表,2026-08-01T19:29:01+08:00
002660,SZ,东方财富行情中心代码列表,2026-08-01T19:29:01+08:00
300351,SZ,东方财富行情中心代码列表,2026-08-01T19:29:01+08:00
300193,SZ,东方财富行情中心代码列表,2026-08-01T19:29:01+08:00
002026,SZ,东方财富行情中心代码列表,2026-08-01T19:29:01+08:00
601226,SH,东方财富行情中心代码列表,2026-08-01T19:29:01+08:00
600135,SH,东方财富行情中心代码列表,2026-08-01T19:29:01+08:00
002094,SZ,东方财富行情中心代码列表,2026-08-01T19:29:01+08:00
301566,SZ,东方财富行情中心代码列表,2026-08-01T19:29:01+08:00
300511,SZ,东方财富行情中心代码列表,2026-08-01T19:29:01+08:00
300290,SZ,东方财富行情中心代码列表,2026-08-01T19:29:01+08:00
603387,SH,东方财富行情中心代码列表,2026-08-01T19:29:01+08:00
002256,SZ,东方财富行情中心代码列表,2026-08-01T19:29:01+08:00
688528,SH,东方财富行情中心代码列表,2026-08-01T19:29:01+08:00
605006,SH,东方财富行情中心代码列表,2026-08-01T19:29:01+08:00
002234,SZ,东方财富行情中心代码列表,2026-08-01T19:29:01+08:00
002869,SZ,东方财富行情中心代码列表,2026-08-01T19:29:01+08:00
300752,SZ,东方财富行情中心代码列表,2026-08-01T19:29:01+08:00
002443,SZ,东方财富行情中心代码列表,2026-08-01T19:29:01+08:00
002864,SZ,东方财富行情中心代码列表,2026-08-01T19:29:01+08:00
688653,SH,东方财富行情中心代码列表,2026-08-01T19:29:01+08:00
002952,SZ,东方财富行情中心代码列表,2026-08-01T19:29:01+08:00
301581,SZ,东方财富行情中心代码列表,2026-08-01T19:29:01+08:00
600219,SH,东方财富行情中心代码列表,2026-08-01T19:29:01+08:00
002175,SZ,东方财富行情中心代码列表,2026-08-01T19:29:01+08:00
000599,SZ,东方财富行情中心代码列表,2026-08-01T19:29:01+08:00
688130,SH,东方财富行情中心代码列表,2026-08-01T19:29:01+08:00
300882,SZ,东方财富行情中心代码列表,2026-08-01T19:29:01+08:00
688658,SH,东方财富行情中心代码列表,2026-08-01T19:29:01+08:00
600872,SH,东方财富行情中心代码列表,2026-08-01T19:29:01+08:00
300055,SZ,东方财富行情中心代码列表,2026-08-01T19:29:01+08:00
000856,SZ,东方财富行情中心代码列表,2026-08-01T19:29:01+08:00
002685,SZ,东方财富行情中心代码列表,2026-08-01T19:29:01+08:00
603488,SH,东方财富行情中心代码列表,2026-08-01T19:29:01+08:00
688239,SH,东方财富行情中心代码列表,2026-08-01T19:29:01+08:00
600187,SH,东方财富行情中心代码列表,2026-08-01T19:29:01+08:00
003028,SZ,东方财富行情中心代码列表,2026-08-01T19:29:01+08:00
603886,SH,东方财富行情中心代码列表,2026-08-01T19:29:01+08:00
688712,SH,东方财富行情中心代码列表,2026-08-01T19:29:01+08:00
688297,SH,东方财富行情中心代码列表,2026-08-01T19:29:01+08:00
688180,SH,东方财富行情中心代码列表,2026-08-01T19:29:01+08:00
688085,SH,东方财富行情中心代码列表,2026-08-01T19:29:01+08:00
603030,SH,东方财富行情中心代码列表,2026-08-01T19:29:01+08:00
002166,SZ,东方财富行情中心代码列表,2026-08-01T19:29:01+08:00
688576,SH,东方财富行情中心代码列表,2026-08-01T19:29:01+08:00
600230,SH,东方财富行情中心代码列表,2026-08-01T19:29:01+08:00
000796,SZ,东方财富行情中心代码列表,2026-08-01T19:29:01+08:00
600561,SH,东方财富行情中心代码列表,2026-08-01T19:29:01+08:00
001316,SZ,东方财富行情中心代码列表,2026-08-01T19:29:01+08:00
300945,SZ,东方财富行情中心代码列表,2026-08-01T19:29:01+08:00
600084,SH,东方财富行情中心代码列表,2026-08-01T19:29:01+08:00
603983,SH,东方财富行情中心代码列表,2026-08-01T19:29:01+08:00
301585,SZ,东方财富行情中心代码列表,2026-08-01T19:29:01+08:00
002006,SZ,东方财富行情中心代码列表,2026-08-01T19:29:01+08:00
300160,SZ,东方财富行情中心代码列表,2026-08-01T19:29:01+08:00
688377,SH,东方财富行情中心代码列表,2026-08-01T19:29:01+08:00
002623,SZ,东方财富行情中心代码列表,2026-08-01T19:29:01+08:00
002201,SZ,东方财富行情中心代码列表,2026-08-01T19:29:01+08:00
300783,SZ,东方财富行情中心代码列表,2026-08-01T19:29:01+08:00
600007,SH,东方财富行情中心代码列表,2026-08-01T19:29:01+08:00
300126,SZ,东方财富行情中心代码列表,2026-08-01T19:29:01+08:00
002496,SZ,东方财富行情中心代码列表,2026-08-01T19:29:01+08:00
000090,SZ,东方财富行情中心代码列表,2026-08-01T19:29:01+08:00
002516,SZ,东方财富行情中心代码列表,2026-08-01T19:29:01+08:00
600854,SH,东方财富行情中心代码列表,2026-08-01T19:29:01+08:00
301298,SZ,东方财富行情中心代码列表,2026-08-01T19:29:01+08:00
603527,SH,东方财富行情中心代码列表,2026-08-01T19:29:01+08:00
300732,SZ,东方财富行情中心代码列表,2026-08-01T19:29:01+08:00
603181,SH,东方财富行情中心代码列表,2026-08-01T19:29:01+08:00
002863,SZ,东方财富行情中心代码列表,2026-08-01T19:29:01+08:00
002678,SZ,东方财富行情中心代码列表,2026-08-01T19:29:01+08:00
300566,SZ,东方财富行情中心代码列表,2026-08-01T19:29:01+08:00
301112,SZ,东方财富行情中心代码列表,2026-08-01T19:29:01+08:00
000701,SZ,东方财富行情中心代码列表,2026-08-01T19:29:01+08:00
301520,SZ,东方财富行情中心代码列表,2026-08-01T19:29:01+08:00
001335,SZ,东方财富行情中心代码列表,2026-08-01T19:29:01+08:00
688520,SH,东方财富行情中心代码列表,2026-08-01T19:29:01+08:00
600505,SH,东方财富行情中心代码列表,2026-08-01T19:29:01+08:00
002202,SZ,东方财富行情中心代码列表,2026-08-01T19:29:01+08:00
603125,SH,东方财富行情中心代码列表,2026-08-01T19:29:01+08:00
002476,SZ,东方财富行情中心代码列表,2026-08-01T19:29:01+08:00
603955,SH,东方财富行情中心代码列表,2026-08-01T19:29:01+08:00
000429,SZ,东方财富行情中心代码列表,2026-08-01T19:29:01+08:00
688309,SH,东方财富行情中心代码列表,2026-08-01T19:29:01+08:00
688247,SH,东方财富行情中心代码列表,2026-08-01T19:29:01+08:00
601002,SH,东方财富行情中心代码列表,2026-08-01T19:29:01+08:00
600172,SH,东方财富行情中心代码列表,2026-08-01T19:29:01+08:00
002721,SZ,东方财富行情中心代码列表,2026-08-01T19:29:01+08:00
300212,SZ,东方财富行情中心代码列表,2026-08-01T19:29:01+08:00
600697,SH,东方财富行情中心代码列表,2026-08-01T19:29:01+08:00
300355,SZ,东方财富行情中心代码列表,2026-08-01T19:29:01+08:00
300152,SZ,东方财富行情中心代码列表,2026-08-01T19:29:01+08:00
002355,SZ,东方财富行情中心代码列表,2026-08-01T19:29:01+08:00
000055,SZ,东方财富行情中心代码列表,2026-08-01T19:29:01+08:00
300886,SZ,东方财富行情中心代码列表,2026-08-01T19:29:01+08:00
300132,SZ,东方财富行情中心代码列表,2026-08-01T19:29:01+08:00
002322,SZ,东方财富行情中心代码列表,2026-08-01T19:29:01+08:00
001333,SZ,东方财富行情中心代码列表,2026-08-01T19:29:01+08:00
300883,SZ,东方财富行情中心代码列表,2026-08-01T19:29:01+08:00
300958,SZ,东方财富行情中心代码列表,2026-08-01T19:29:01+08:00
688659,SH,东方财富行情中心代码列表,2026-08-01T19:29:01+08:00
002383,SZ,东方财富行情中心代码列表,2026-08-01T19:29:01+08:00
301270,SZ,东方财富行情中心代码列表,2026-08-01T19:29:01+08:00
002676,SZ,东方财富行情中心代码列表,2026-08-01T19:29:01+08:00
600691,SH,东方财富行情中心代码列表,2026-08-01T19:29:01+08:00
003023,SZ,东方财富行情中心代码列表,2026-08-01T19:29:01+08:00
300385,SZ,东方财富行情中心代码列表,2026-08-01T19:29:01+08:00
002836,SZ,东方财富行情中心代码列表,2026-08-01T19:29:01+08:00
688825,SH,东方财富行情中心代码列表,2026-08-01T19:29:01+08:00
002733,SZ,东方财富行情中心代码列表,2026-08-01T19:29:01+08:00
002494,SZ,东方财富行情中心代码列表,2026-08-01T19:29:01+08:00
301177,SZ,东方财富行情中心代码列表,2026-08-01T19:29:01+08:00
603178,SH,东方财富行情中心代码列表,2026-08-01T19:29:01+08:00
300735,SZ,东方财富行情中心代码列表,2026-08-01T19:29:01+08:00
300820,SZ,东方财富行情中心代码列表,2026-08-01T19:29:01+08:00
002159,SZ,东方财富行情中心代码列表,2026-08-01T19:29:01+08:00
688439,SH,东方财富行情中心代码列表,2026-08-01T19:29:01+08:00
601108,SH,东方财富行情中心代码列表,2026-08-01T19:29:01+08:00
000410,SZ,东方财富行情中心代码列表,2026-08-01T19:29:01+08:00
002786,SZ,东方财富行情中心代码列表,2026-08-01T19:29:01+08:00
002249,SZ,东方财富行情中心代码列表,2026-08-01T19:29:01+08:00
301622,SZ,东方财富行情中心代码列表,2026-08-01T19:29:01+08:00
001255,SZ,东方财富行情中心代码列表,2026-08-01T19:29:01+08:00
001318,SZ,东方财富行情中心代码列表,2026-08-01T19:29:01+08:00
600684,SH,东方财富行情中心代码列表,2026-08-01T19:29:01+08:00
688707,SH,东方财富行情中心代码列表,2026-08-01T19:29:01+08:00
301515,SZ,东方财富行情中心代码列表,2026-08-01T19:29:01+08:00
300205,SZ,东方财富行情中心代码列表,2026-08-01T19:29:01+08:00
002398,SZ,东方财富行情中心代码列表,2026-08-01T19:29:01+08:00
002030,SZ,东方财富行情中心代码列表,2026-08-01T19:29:01+08:00
003002,SZ,东方财富行情中心代码列表,2026-08-01T19:29:01+08:00
001388,SZ,东方财富行情中心代码列表,2026-08-01T19:29:01+08:00
600287,SH,东方财富行情中心代码列表,2026-08-01T19:29:01+08:00
002455,SZ,东方财富行情中心代码列表,2026-08-01T19:29:01+08:00
301283,SZ,东方财富行情中心代码列表,2026-08-01T19:29:01+08:00
000488,SZ,东方财富行情中心代码列表,2026-08-01T19:29:01+08:00
688105,SH,东方财富行情中心代码列表,2026-08-01T19:29:01+08:00
603113,SH,东方财富行情中心代码列表,2026-08-01T19:29:01+08:00
002562,SZ,东方财富行情中心代码列表,2026-08-01T19:29:01+08:00
300707,SZ,东方财富行情中心代码列表,2026-08-01T19:29:01+08:00
002846,SZ,东方财富行情中心代码列表,2026-08-01T19:29:01+08:00
000908,SZ,东方财富行情中心代码列表,2026-08-01T19:29:01+08:00
603648,SH,东方财富行情中心代码列表,2026-08-01T19:29:01+08:00
002077,SZ,东方财富行情中心代码列表,2026-08-01T19:29:01+08:00
301069,SZ,东方财富行情中心代码列表,2026-08-01T19:29:01+08:00
301170,SZ,东方财富行情中心代码列表,2026-08-01T19:29:01+08:00
003008,SZ,东方财富行情中心代码列表,2026-08-01T19:29:01+08:00
300905,SZ,东方财富行情中心代码列表,2026-08-01T19:29:01+08:00
001269,SZ,东方财富行情中心代码列表,2026-08-01T19:29:01+08:00
002538,SZ,东方财富行情中心代码列表,2026-08-01T19:29:01+08:00
601928,SH,东方财富行情中心代码列表,2026-08-01T19:29:01+08:00
603273,SH,东方财富行情中心代码列表,2026-08-01T19:29:01+08:00
301089,SZ,东方财富行情中心代码列表,2026-08-01T19:29:01+08:00
603681,SH,东方财富行情中心代码列表,2026-08-01T19:29:01+08:00
300864,SZ,东方财富行情中心代码列表,2026-08-01T19:29:01+08:00
002238,SZ,东方财富行情中心代码列表,2026-08-01T19:29:01+08:00
603999,SH,东方财富行情中心代码列表,2026-08-01T19:29:01+08:00
688589,SH,东方财富行情中心代码列表,2026-08-01T19:29:01+08:00
603385,SH,东方财富行情中心代码列表,2026-08-01T19:29:01+08:00
600108,SH,东方财富行情中心代码列表,2026-08-01T19:29:01+08:00
003017,SZ,东方财富行情中心代码列表,2026-08-01T19:29:01+08:00
300697,SZ,东方财富行情中心代码列表,2026-08-01T19:29:01+08:00
300579,SZ,东方财富行情中心代码列表,2026-08-01T19:29:01+08:00
603080,SH,东方财富行情中心代码列表,2026-08-01T19:29:01+08:00
002295,SZ,东方财富行情中心代码列表,2026-08-01T19:29:01+08:00
003035,SZ,东方财富行情中心代码列表,2026-08-01T19:29:01+08:00
000952,SZ,东方财富行情中心代码列表,2026-08-01T19:29:01+08:00
603986,SH,东方财富行情中心代码列表,2026-08-01T19:29:01+08:00
300982,SZ,东方财富行情中心代码列表,2026-08-01T19:29:01+08:00
000702,SZ,东方财富行情中心代码列表,2026-08-01T19:29:01+08:00
300514,SZ,东方财富行情中心代码列表,2026-08-01T19:29:01+08:00
300967,SZ,东方财富行情中心代码列表,2026-08-01T19:29:01+08:00
002809,SZ,东方财富行情中心代码列表,2026-08-01T19:29:01+08:00
600097,SH,东方财富行情中心代码列表,2026-08-01T19:29:01+08:00
002760,SZ,东方财富行情中心代码列表,2026-08-01T19:29:01+08:00
600531,SH,东方财富行情中心代码列表,2026-08-01T19:29:01+08:00
301016,SZ,东方财富行情中心代码列表,2026-08-01T19:29:01+08:00
002419,SZ,东方财富行情中心代码列表,2026-08-01T19:29:01+08:00
002506,SZ,东方财富行情中心代码列表,2026-08-01T19:29:01+08:00
300404,SZ,东方财富行情中心代码列表,2026-08-01T19:29:01+08:00
002925,SZ,东方财富行情中心代码列表,2026-08-01T19:29:01+08:00
301216,SZ,东方财富行情中心代码列表,2026-08-01T19:29:01+08:00
600500,SH,东方财富行情中心代码列表,2026-08-01T19:29:01+08:00
603023,SH,东方财富行情中心代码列表,2026-08-01T19:29:01+08:00
301586,SZ,东方财富行情中心代码列表,2026-08-01T19:29:01+08:00
300653,SZ,东方财富行情中心代码列表,2026-08-01T19:29:01+08:00
002717,SZ,东方财富行情中心代码列表,2026-08-01T19:29:01+08:00
000920,SZ,东方财富行情中心代码列表,2026-08-01T19:29:01+08:00
688077,SH,东方财富行情中心代码列表,2026-08-01T19:29:01+08:00
300125,SZ,东方财富行情中心代码列表,2026-08-01T19:29:01+08:00
300647,SZ,东方财富行情中心代码列表,2026-08-01T19:29:01+08:00
002183,SZ,东方财富行情中心代码列表,2026-08-01T19:29:01+08:00
000610,SZ,东方财富行情中心代码列表,2026-08-01T19:29:01+08:00
300851,SZ,东方财富行情中心代码列表,2026-08-01T19:29:01+08:00
002663,SZ,东方财富行情中心代码列表,2026-08-01T19:29:01+08:00
603982,SH,东方财富行情中心代码列表,2026-08-01T19:29:01+08:00
600643,SH,东方财富行情中心代码列表,2026-08-01T19:29:01+08:00
688157,SH,东方财富行情中心代码列表,2026-08-01T19:29:01+08:00
301372,SZ,东方财富行情中心代码列表,2026-08-01T19:29:01+08:00
000803,SZ,东方财富行情中心代码列表,2026-08-01T19:29:01+08:00
600503,SH,东方财富行情中心代码列表,2026-08-01T19:29:01+08:00
002278,SZ,东方财富行情中心代码列表,2026-08-01T19:29:01+08:00
600055,SH,东方财富行情中心代码列表,2026-08-01T19:29:01+08:00
300019,SZ,东方财富行情中心代码列表,2026-08-01T19:29:01+08:00
002179,SZ,东方财富行情中心代码列表,2026-08-01T19:29:01+08:00
300173,SZ,东方财富行情中心代码列表,2026-08-01T19:29:01+08:00
301386,SZ,东方财富行情中心代码列表,2026-08-01T19:29:01+08:00
600212,SH,东方财富行情中心代码列表,2026-08-01T19:29:01+08:00
603097,SH,东方财富行情中心代码列表,2026-08-01T19:29:01+08:00
688357,SH,东方财富行情中心代码列表,2026-08-01T19:29:01+08:00
000630,SZ,东方财富行情中心代码列表,2026-08-01T19:29:01+08:00
605377,SH,东方财富行情中心代码列表,2026-08-01T19:29:01+08:00
002471,SZ,东方财富行情中心代码列表,2026-08-01T19:29:01+08:00
688137,SH,东方财富行情中心代码列表,2026-08-01T19:29:01+08:00
603198,SH,东方财富行情中心代码列表,2026-08-01T19:29:01+08:00
688321,SH,东方财富行情中心代码列表,2026-08-01T19:29:01+08:00
300947,SZ,东方财富行情中心代码列表,2026-08-01T19:29:01+08:00
603073,SH,东方财富行情中心代码列表,2026-08-01T19:29:01+08:00
688408,SH,东方财富行情中心代码列表,2026-08-01T19:29:01+08:00
688505,SH,东方财富行情中心代码列表,2026-08-01T19:29:01+08:00
601608,SH,东方财富行情中心代码列表,2026-08-01T19:29:01+08:00
300376,SZ,东方财富行情中心代码列表,2026-08-01T19:29:01+08:00
300370,SZ,东方财富行情中心代码列表,2026-08-01T19:29:01+08:00
002356,SZ,东方财富行情中心代码列表,2026-08-01T19:29:01+08:00
002219,SZ,东方财富行情中心代码列表,2026-08-01T19:29:01+08:00
000637,SZ,东方财富行情中心代码列表,2026-08-01T19:29:01+08:00
688583,SH,东方财富行情中心代码列表,2026-08-01T19:29:01+08:00
300347,SZ,东方财富行情中心代码列表,2026-08-01T19:29:01+08:00
600189,SH,东方财富行情中心代码列表,2026-08-01T19:29:01+08:00
600255,SH,东方财富行情中心代码列表,2026-08-01T19:29:01+08:00
002932,SZ,东方财富行情中心代码列表,2026-08-01T19:29:01+08:00
300326,SZ,东方财富行情中心代码列表,2026-08-01T19:29:01+08:00
688622,SH,东方财富行情中心代码列表,2026-08-01T19:29:01+08:00
300332,SZ,东方财富行情中心代码列表,2026-08-01T19:29:01+08:00
002524,SZ,东方财富行情中心代码列表,2026-08-01T19:29:01+08:00
000767,SZ,东方财富行情中心代码列表,2026-08-01T19:29:01+08:00
603301,SH,东方财富行情中心代码列表,2026-08-01T19:29:01+08:00
001277,SZ,东方财富行情中心代码列表,2026-08-01T19:29:01+08:00
603656,SH,东方财富行情中心代码列表,2026-08-01T19:29:01+08:00
301381,SZ,东方财富行情中心代码列表,2026-08-01T19:29:01+08:00
000659,SZ,东方财富行情中心代码列表,2026-08-01T19:29:01+08:00
002136,SZ,东方财富行情中心代码列表,2026-08-01T19:29:01+08:00
601872,SH,东方财富行情中心代码列表,2026-08-01T19:29:01+08:00
301446,SZ,东方财富行情中心代码列表,2026-08-01T19:29:01+08:00
002887,SZ,东方财富行情中心代码列表,2026-08-01T19:29:01+08:00
002285,SZ,东方财富行情中心代码列表,2026-08-01T19:29:01+08:00
300928,SZ,东方财富行情中心代码列表,2026-08-01T19:29:01+08:00
600232,SH,东方财富行情中心代码列表,2026-08-01T19:29:01+08:00
603429,SH,东方财富行情中心代码列表,2026-08-01T19:29:01+08:00
600965,SH,东方财富行情中心代码列表,2026-08-01T19:29:01+08:00
300011,SZ,东方财富行情中心代码列表,2026-08-01T19:29:01+08:00
002909,SZ,东方财富行情中心代码列表,2026-08-01T19:29:01+08:00
600718,SH,东方财富行情中心代码列表,2026-08-01T19:29:01+08:00
000809,SZ,东方财富行情中心代码列表,2026-08-01T19:29:01+08:00
300821,SZ,东方财富行情中心代码列表,2026-08-01T19:29:01+08:00
300713,SZ,东方财富行情中心代码列表,2026-08-01T19:29:01+08:00
002382,SZ,东方财富行情中心代码列表,2026-08-01T19:29:01+08:00
605033,SH,东方财富行情中心代码列表,2026-08-01T19:29:01+08:00
300736,SZ,东方财富行情中心代码列表,2026-08-01T19:29:01+08:00
600340,SH,东方财富行情中心代码列表,2026-08-01T19:29:01+08:00
002251,SZ,东方财富行情中心代码列表,2026-08-01T19:29:01+08:00
688625,SH,东方财富行情中心代码列表,2026-08-01T19:29:01+08:00
603116,SH,东方财富行情中心代码列表,2026-08-01T19:29:01+08:00
002080,SZ,东方财富行情中心代码列表,2026-08-01T19:29:01+08:00
688728,SH,东方财富行情中心代码列表,2026-08-01T19:29:01+08:00
600835,SH,东方财富行情中心代码列表,2026-08-01T19:29:01+08:00
603213,SH,东方财富行情中心代码列表,2026-08-01T19:29:01+08:00
300422,SZ,东方财富行情中心代码列表,2026-08-01T19:29:01+08:00
001379,SZ,东方财富行情中心代码列表,2026-08-01T19:29:01+08:00
002075,SZ,东方财富行情中心代码列表,2026-08-01T19:29:01+08:00
600246,SH,东方财富行情中心代码列表,2026-08-01T19:29:01+08:00
300708,SZ,东方财富行情中心代码列表,2026-08-01T19:29:01+08:00
603159,SH,东方财富行情中心代码列表,2026-08-01T19:29:01+08:00
600883,SH,东方财富行情中心代码列表,2026-08-01T19:29:01+08:00
300988,SZ,东方财富行情中心代码列表,2026-08-01T19:29:01+08:00
301595,SZ,东方财富行情中心代码列表,2026-08-01T19:29:01+08:00
600560,SH,东方财富行情中心代码列表,2026-08-01T19:29:01+08:00
002627,SZ,东方财富行情中心代码列表,2026-08-01T19:29:01+08:00
688075,SH,东方财富行情中心代码列表,2026-08-01T19:29:01+08:00
300441,SZ,东方财富行情中心代码列表,2026-08-01T19:29:01+08:00
002360,SZ,东方财富行情中心代码列表,2026-08-01T19:29:01+08:00
300257,SZ,东方财富行情中心代码列表,2026-08-01T19:29:01+08:00
688776,SH,东方财富行情中心代码列表,2026-08-01T19:29:01+08:00
603239,SH,东方财富行情中心代码列表,2026-08-01T19:29:01+08:00
300303,SZ,东方财富行情中心代码列表,2026-08-01T19:29:01+08:00
600233,SH,东方财富行情中心代码列表,2026-08-01T19:29:01+08:00
605066,SH,东方财富行情中心代码列表,2026-08-01T19:29:01+08:00
002918,SZ,东方财富行情中心代码列表,2026-08-01T19:29:01+08:00
300545,SZ,东方财富行情中心代码列表,2026-08-01T19:29:01+08:00
688568,SH,东方财富行情中心代码列表,2026-08-01T19:29:01+08:00
601999,SH,东方财富行情中心代码列表,2026-08-01T19:29:01+08:00
002681,SZ,东方财富行情中心代码列表,2026-08-01T19:29:01+08:00
300542,SZ,东方财富行情中心代码列表,2026-08-01T19:29:01+08:00
603755,SH,东方财富行情中心代码列表,2026-08-01T19:29:01+08:00
688548,SH,东方财富行情中心代码列表,2026-08-01T19:29:01+08:00
002739,SZ,东方财富行情中心代码列表,2026-08-01T19:29:01+08:00
601700,SH,东方财富行情中心代码列表,2026-08-01T19:29:01+08:00
600386,SH,东方财富行情中心代码列表,2026-08-01T19:29:01+08:00
002630,SZ,东方财富行情中心代码列表,2026-08-01T19:29:01+08:00
002328,SZ,东方财富行情中心代码列表,2026-08-01T19:29:01+08:00
002110,SZ,东方财富行情中心代码列表,2026-08-01T19:29:01+08:00
300314,SZ,东方财富行情中心代码列表,2026-08-01T19:29:01+08:00
002865,SZ,东方财富行情中心代码列表,2026-08-01T19:29:01+08:00
603489,SH,东方财富行情中心代码列表,2026-08-01T19:29:01+08:00
000691,SZ,东方财富行情中心代码列表,2026-08-01T19:29:01+08:00
600318,SH,东方财富行情中心代码列表,2026-08-01T19:29:01+08:00
300995,SZ,东方财富行情中心代码列表,2026-08-01T19:29:01+08:00
300056,SZ,东方财富行情中心代码列表,2026-08-01T19:29:01+08:00
300337,SZ,东方财富行情中心代码列表,2026-08-01T19:29:01+08:00
301519,SZ,东方财富行情中心代码列表,2026-08-01T19:29:01+08:00
603297,SH,东方财富行情中心代码列表,2026-08-01T19:29:01+08:00
002522,SZ,东方财富行情中心代码列表,2026-08-01T19:29:01+08:00
603813,SH,东方财富行情中心代码列表,2026-08-01T19:29:01+08:00
002548,SZ,东方财富行情中心代码列表,2026-08-01T19:29:01+08:00
002193,SZ,东方财富行情中心代码列表,2026-08-01T19:29:01+08:00
002337,SZ,东方财富行情中心代码列表,2026-08-01T19:29:01+08:00
600584,SH,东方财富行情中心代码列表,2026-08-01T19:29:01+08:00
300021,SZ,东方财富行情中心代码列表,2026-08-01T19:29:01+08:00
002583,SZ,东方财富行情中心代码列表,2026-08-01T19:29:01+08:00
300085,SZ,东方财富行情中心代码列表,2026-08-01T19:29:01+08:00
603909,SH,东方财富行情中心代码列表,2026-08-01T19:29:01+08:00
300338,SZ,东方财富行情中心代码列表,2026-08-01T19:29:01+08:00
605259,SH,东方财富行情中心代码列表,2026-08-01T19:29:01+08:00
300793,SZ,东方财富行情中心代码列表,2026-08-01T19:29:01+08:00
300848,SZ,东方财富行情中心代码列表,2026-08-01T19:29:01+08:00
301162,SZ,东方财富行情中心代码列表,2026-08-01T19:29:01+08:00
301141,SZ,东方财富行情中心代码列表,2026-08-01T19:29:01+08:00
601118,SH,东方财富行情中心代码列表,2026-08-01T19:29:01+08:00
603697,SH,东方财富行情中心代码列表,2026-08-01T19:29:01+08:00
688119,SH,东方财富行情中心代码列表,2026-08-01T19:29:01+08:00
003025,SZ,东方财富行情中心代码列表,2026-08-01T19:29:01+08:00
600547,SH,东方财富行情中心代码列表,2026-08-01T19:29:01+08:00
603978,SH,东方财富行情中心代码列表,2026-08-01T19:29:01+08:00
600577,SH,东方财富行情中心代码列表,2026-08-01T19:29:01+08:00
600280,SH,东方财富行情中心代码列表,2026-08-01T19:29:01+08:00
002949,SZ,东方财富行情中心代码列表,2026-08-01T19:29:01+08:00
002005,SZ,东方财富行情中心代码列表,2026-08-01T19:29:01+08:00
003003,SZ,东方财富行情中心代码列表,2026-08-01T19:29:01+08:00
002405,SZ,东方财富行情中心代码列表,2026-08-01T19:29:01+08:00
300858,SZ,东方财富行情中心代码列表,2026-08-01T19:29:01+08:00
300423,SZ,东方财富行情中心代码列表,2026-08-01T19:29:01+08:00
300289,SZ,东方财富行情中心代码列表,2026-08-01T19:29:01+08:00
002628,SZ,东方财富行情中心代码列表,2026-08-01T19:29:01+08:00
603188,SH,东方财富行情中心代码列表,2026-08-01T19:29:01+08:00
301513,SZ,东方财富行情中心代码列表,2026-08-01T19:29:01+08:00
603182,SH,东方财富行情中心代码列表,2026-08-01T19:29:01+08:00
605007,SH,东方财富行情中心代码列表,2026-08-01T19:29:01+08:00
600960,SH,东方财富行情中心代码列表,2026-08-01T19:29:01+08:00
300233,SZ,东方财富行情中心代码列表,2026-08-01T19:29:01+08:00
002790,SZ,东方财富行情中心代码列表,2026-08-01T19:29:01+08:00
600903,SH,东方财富行情中心代码列表,2026-08-01T19:29:01+08:00
600679,SH,东方财富行情中心代码列表,2026-08-01T19:29:01+08:00
300978,SZ,东方财富行情中心代码列表,2026-08-01T19:29:01+08:00
605086,SH,东方财富行情中心代码列表,2026-08-01T19:29:01+08:00
601827,SH,东方财富行情中心代码列表,2026-08-01T19:29:01+08:00
601199,SH,东方财富行情中心代码列表,2026-08-01T19:29:01+08:00
002510,SZ,东方财富行情中心代码列表,2026-08-01T19:29:01+08:00
300633,SZ,东方财富行情中心代码列表,2026-08-01T19:29:01+08:00
600996,SH,东方财富行情中心代码列表,2026-08-01T19:29:01+08:00
600595,SH,东方财富行情中心代码列表,2026-08-01T19:29:01+08:00
301080,SZ,东方财富行情中心代码列表,2026-08-01T19:29:01+08:00
603617,SH,东方财富行情中心代码列表,2026-08-01T19:29:01+08:00
600523,SH,东方财富行情中心代码列表,2026-08-01T19:29:01+08:00
600738,SH,东方财富行情中心代码列表,2026-08-01T19:29:01+08:00
688681,SH,东方财富行情中心代码列表,2026-08-01T19:29:01+08:00
603378,SH,东方财富行情中心代码列表,2026-08-01T19:29:01+08:00
600982,SH,东方财富行情中心代码列表,2026-08-01T19:29:01+08:00
300218,SZ,东方财富行情中心代码列表,2026-08-01T19:29:01+08:00
000901,SZ,东方财富行情中心代码列表,2026-08-01T19:29:01+08:00
300517,SZ,东方财富行情中心代码列表,2026-08-01T19:29:01+08:00
002146,SZ,东方财富行情中心代码列表,2026-08-01T19:29:01+08:00
301033,SZ,东方财富行情中心代码列表,2026-08-01T19:29:01+08:00
002876,SZ,东方财富行情中心代码列表,2026-08-01T19:29:01+08:00
002632,SZ,东方财富行情中心代码列表,2026-08-01T19:29:01+08:00
002395,SZ,东方财富行情中心代码列表,2026-08-01T19:29:01+08:00
688131,SH,东方财富行情中心代码列表,2026-08-01T19:29:01+08:00
603977,SH,东方财富行情中心代码列表,2026-08-01T19:29:01+08:00
605011,SH,东方财富行情中心代码列表,2026-08-01T19:29:01+08:00
300087,SZ,东方财富行情中心代码列表,2026-08-01T19:29:01+08:00
000668,SZ,东方财富行情中心代码列表,2026-08-01T19:29:01+08:00
300814,SZ,东方财富行情中心代码列表,2026-08-01T19:29:01+08:00
002783,SZ,东方财富行情中心代码列表,2026-08-01T19:29:01+08:00
688310,SH,东方财富行情中心代码列表,2026-08-01T19:29:01+08:00
600778,SH,东方财富行情中心代码列表,2026-08-01T19:29:01+08:00
002611,SZ,东方财富行情中心代码列表,2026-08-01T19:29:01+08:00
603290,SH,东方财富行情中心代码列表,2026-08-01T19:29:01+08:00
002533,SZ,东方财富行情中心代码列表,2026-08-01T19:29:01+08:00
688596,SH,东方财富行情中心代码列表,2026-08-01T19:29:01+08:00
000936,SZ,东方财富行情中心代码列表,2026-08-01T19:29:01+08:00
300521,SZ,东方财富行情中心代码列表,2026-08-01T19:29:01+08:00
000037,SZ,东方财富行情中心代码列表,2026-08-01T19:29:01+08:00
002968,SZ,东方财富行情中心代码列表,2026-08-01T19:29:01+08:00
002693,SZ,东方财富行情中心代码列表,2026-08-01T19:29:01+08:00
300381,SZ,东方财富行情中心代码列表,2026-08-01T19:29:01+08:00
002345,SZ,东方财富行情中心代码列表,2026-08-01T19:29:01+08:00
688276,SH,东方财富行情中心代码列表,2026-08-01T19:29:01+08:00
300692,SZ,东方财富行情中心代码列表,2026-08-01T19:29:01+08:00
600208,SH,东方财富行情中心代码列表,2026-08-01T19:29:01+08:00
002445,SZ,东方财富行情中心代码列表,2026-08-01T19:29:01+08:00
600298,SH,东方财富行情中心代码列表,2026-08-01T19:29:01+08:00
688123,SH,东方财富行情中心代码列表,2026-08-01T19:29:01+08:00
002923,SZ,东方财富行情中心代码列表,2026-08-01T19:29:01+08:00
002866,SZ,东方财富行情中心代码列表,2026-08-01T19:29:01+08:00
002535,SZ,东方财富行情中心代码列表,2026-08-01T19:29:01+08:00
000985,SZ,东方财富行情中心代码列表,2026-08-01T19:29:01+08:00
002483,SZ,东方财富行情中心代码列表,2026-08-01T19:29:01+08:00
600460,SH,东方财富行情中心代码列表,2026-08-01T19:29:01+08:00
688518,SH,东方财富行情中心代码列表,2026-08-01T19:29:01+08:00
301300,SZ,东方财富行情中心代码列表,2026-08-01T19:29:01+08:00
000888,SZ,东方财富行情中心代码列表,2026-08-01T19:29:01+08:00
605136,SH,东方财富行情中心代码列表,2026-08-01T19:29:01+08:00
603686,SH,东方财富行情中心代码列表,2026-08-01T19:29:01+08:00
601798,SH,东方财富行情中心代码列表,2026-08-01T19:29:01+08:00
603396,SH,东方财富行情中心代码列表,2026-08-01T19:29:01+08:00
600202,SH,东方财富行情中心代码列表,2026-08-01T19:29:01+08:00
002093,SZ,东方财富行情中心代码列表,2026-08-01T19:29:01+08:00
300568,SZ,东方财富行情中心代码列表,2026-08-01T19:29:01+08:00
605111,SH,东方财富行情中心代码列表,2026-08-01T19:29:01+08:00
600540,SH,东方财富行情中心代码列表,2026-08-01T19:29:01+08:00
000903,SZ,东方财富行情中心代码列表,2026-08-01T19:29:01+08:00
300555,SZ,东方财富行情中心代码列表,2026-08-01T19:29:01+08:00
688326,SH,东方财富行情中心代码列表,2026-08-01T19:29:01+08:00
300072,SZ,东方财富行情中心代码列表,2026-08-01T19:29:01+08:00
300758,SZ,东方财富行情中心代码列表,2026-08-01T19:29:01+08:00
002615,SZ,东方财富行情中心代码列表,2026-08-01T19:29:01+08:00
600101,SH,东方财富行情中心代码列表,2026-08-01T19:29:01+08:00
600981,SH,东方财富行情中心代码列表,2026-08-01T19:29:01+08:00
603199,SH,东方财富行情中心代码列表,2026-08-01T19:29:01+08:00
600620,SH,东方财富行情中心代码列表,2026-08-01T19:29:01+08:00
600110,SH,东方财富行情中心代码列表,2026-08-01T19:29:01+08:00
688067,SH,东方财富行情中心代码列表,2026-08-01T19:29:01+08:00
001231,SZ,东方财富行情中心代码列表,2026-08-01T19:29:01+08:00
301103,SZ,东方财富行情中心代码列表,2026-08-01T19:29:01+08:00
300960,SZ,东方财富行情中心代码列表,2026-08-01T19:29:01+08:00
600198,SH,东方财富行情中心代码列表,2026-08-01T19:29:01+08:00
603927,SH,东方财富行情中心代码列表,2026-08-01T19:29:01+08:00
003040,SZ,东方财富行情中心代码列表,2026-08-01T19:29:01+08:00
688737,SH,东方财富行情中心代码列表,2026-08-01T19:29:01+08:00
300610,SZ,东方财富行情中心代码列表,2026-08-01T19:29:01+08:00
688680,SH,东方财富行情中心代码列表,2026-08-01T19:29:01+08:00
300136,SZ,东方财富行情中心代码列表,2026-08-01T19:29:01+08:00
001212,SZ,东方财富行情中心代码列表,2026-08-01T19:29:01+08:00
300119,SZ,东方财富行情中心代码列表,2026-08-01T19:29:01+08:00
603367,SH,东方财富行情中心代码列表,2026-08-01T19:29:01+08:00
000997,SZ,东方财富行情中心代码列表,2026-08-01T19:29:01+08:00
000821,SZ,东方财富行情中心代码列表,2026-08-01T19:29:01+08:00
002551,SZ,东方财富行情中心代码列表,2026-08-01T19:29:01+08:00
002981,SZ,东方财富行情中心代码列表,2026-08-01T19:29:01+08:00
300196,SZ,东方财富行情中心代码列表,2026-08-01T19:29:01+08:00
600611,SH,东方财富行情中心代码列表,2026-08-01T19:29:01+08:00
600207,SH,东方财富行情中心代码列表,2026-08-01T19:29:01+08:00
001237,SZ,东方财富行情中心代码列表,2026-08-01T19:29:01+08:00
605180,SH,东方财富行情中心代码列表,2026-08-01T19:29:01+08:00
600037,SH,东方财富行情中心代码列表,2026-08-01T19:29:01+08:00
688581,SH,东方财富行情中心代码列表,2026-08-01T19:29:01+08:00
301220,SZ,东方财富行情中心代码列表,2026-08-01T19:29:01+08:00
600359,SH,东方财富行情中心代码列表,2026-08-01T19:29:01+08:00
002367,SZ,东方财富行情中心代码列表,2026-08-01T19:29:01+08:00
001216,SZ,东方财富行情中心代码列表,2026-08-01T19:29:01+08:00
002079,SZ,东方财富行情中心代码列表,2026-08-01T19:29:01+08:00
300203,SZ,东方财富行情中心代码列表,2026-08-01T19:29:01+08:00
002017,SZ,东方财富行情中心代码列表,2026-08-01T19:29:01+08:00
600774,SH,东方财富行情中心代码列表,2026-08-01T19:29:01+08:00
603201,SH,东方财富行情中心代码列表,2026-08-01T19:29:01+08:00
301116,SZ,东方财富行情中心代码列表,2026-08-01T19:29:01+08:00
002122,SZ,东方财富行情中心代码列表,2026-08-01T19:29:01+08:00
603126,SH,东方财富行情中心代码列表,2026-08-01T19:29:01+08:00
002892,SZ,东方财富行情中心代码列表,2026-08-01T19:29:01+08:00
000705,SZ,东方财富行情中心代码列表,2026-08-01T19:29:01+08:00
002442,SZ,东方财富行情中心代码列表,2026-08-01T19:29:01+08:00
002225,SZ,东方财富行情中心代码列表,2026-08-01T19:29:01+08:00
300686,SZ,东方财富行情中心代码列表,2026-08-01T19:29:01+08:00
605133,SH,东方财富行情中心代码列表,2026-08-01T19:29:01+08:00
300492,SZ,东方财富行情中心代码列表,2026-08-01T19:29:01+08:00
301039,SZ,东方财富行情中心代码列表,2026-08-01T19:29:01+08:00
000911,SZ,东方财富行情中心代码列表,2026-08-01T19:29:01+08:00
605500,SH,东方财富行情中心代码列表,2026-08-01T19:29:01+08:00
300371,SZ,东方财富行情中心代码列表,2026-08-01T19:29:01+08:00
600316,SH,东方财富行情中心代码列表,2026-08-01T19:29:01+08:00
001234,SZ,东方财富行情中心代码列表,2026-08-01T19:29:01+08:00
688176,SH,东方财富行情中心代码列表,2026-08-01T19:29:01+08:00
301101,SZ,东方财富行情中心代码列表,2026-08-01T19:29:01+08:00
601778,SH,东方财富行情中心代码列表,2026-08-01T19:29:01+08:00
601718,SH,东方财富行情中心代码列表,2026-08-01T19:29:01+08:00
601369,SH,东方财富行情中心代码列表,2026-08-01T19:29:01+08:00
000404,SZ,东方财富行情中心代码列表,2026-08-01T19:29:01+08:00
002633,SZ,东方财富行情中心代码列表,2026-08-01T19:29:01+08:00
002452,SZ,东方财富行情中心代码列表,2026-08-01T19:29:01+08:00
601677,SH,东方财富行情中心代码列表,2026-08-01T19:29:01+08:00
600477,SH,东方财富行情中心代码列表,2026-08-01T19:29:01+08:00
600802,SH,东方财富行情中心代码列表,2026-08-01T19:29:01+08:00
300266,SZ,东方财富行情中心代码列表,2026-08-01T19:29:01+08:00
002086,SZ,东方财富行情中心代码列表,2026-08-01T19:29:01+08:00
601599,SH,东方财富行情中心代码列表,2026-08-01T19:29:01+08:00
605567,SH,东方财富行情中心代码列表,2026-08-01T19:29:01+08:00
600833,SH,东方财富行情中心代码列表,2026-08-01T19:29:01+08:00
002107,SZ,东方财富行情中心代码列表,2026-08-01T19:29:01+08:00
002024,SZ,东方财富行情中心代码列表,2026-08-01T19:29:01+08:00
000656,SZ,东方财富行情中心代码列表,2026-08-01T19:29:01+08:00
603908,SH,东方财富行情中心代码列表,2026-08-01T19:29:01+08:00
600171,SH,东方财富行情中心代码列表,2026-08-01T19:29:01+08:00
300298,SZ,东方财富行情中心代码列表,2026-08-01T19:29:01+08:00
002307,SZ,东方财富行情中心代码列表,2026-08-01T19:29:01+08:00
600882,SH,东方财富行情中心代码列表,2026-08-01T19:29:01+08:00
002370,SZ,东方财富行情中心代码列表,2026-08-01T19:29:01+08:00
601179,SH,东方财富行情中心代码列表,2026-08-01T19:29:01+08:00
600855,SH,东方财富行情中心代码列表,2026-08-01T19:29:01+08:00
300546,SZ,东方财富行情中心代码列表,2026-08-01T19:29:01+08:00
301207,SZ,东方财富行情中心代码列表,2026-08-01T19:29:01+08:00
002276,SZ,东方财富行情中心代码列表,2026-08-01T19:29:01+08:00
300457,SZ,东方财富行情中心代码列表,2026-08-01T19:29:01+08:00
605016,SH,东方财富行情中心代码列表,2026-08-01T19:29:01+08:00
600807,SH,东方财富行情中心代码列表,2026-08-01T19:29:01+08:00
300737,SZ,东方财富行情中心代码列表,2026-08-01T19:29:01+08:00
300515,SZ,东方财富行情中心代码列表,2026-08-01T19:29:01+08:00
002825,SZ,东方财富行情中心代码列表,2026-08-01T19:29:01+08:00
300039,SZ,东方财富行情中心代码列表,2026-08-01T19:29:01+08:00
300569,SZ,东方财富行情中心代码列表,2026-08-01T19:29:01+08:00
002732,SZ,东方财富行情中心代码列表,2026-08-01T19:29:01+08:00
301092,SZ,东方财富行情中心代码列表,2026-08-01T19:29:01+08:00
300771,SZ,东方财富行情中心代码列表,2026-08-01T19:29:01+08:00
002817,SZ,东方财富行情中心代码列表,2026-08-01T19:29:01+08:00
601133,SH,东方财富行情中心代码列表,2026-08-01T19:29:01+08:00
002134,SZ,东方财富行情中心代码列表,2026-08-01T19:29:01+08:00
002746,SZ,东方财富行情中心代码列表,2026-08-01T19:29:01+08:00
002971,SZ,东方财富行情中心代码列表,2026-08-01T19:29:01+08:00
000548,SZ,东方财富行情中心代码列表,2026-08-01T19:29:01+08:00
600272,SH,东方财富行情中心代码列表,2026-08-01T19:29:01+08:00
603567,SH,东方财富行情中心代码列表,2026-08-01T19:29:01+08:00
000635,SZ,东方财富行情中心代码列表,2026-08-01T19:29:01+08:00
600337,SH,东方财富行情中心代码列表,2026-08-01T19:29:01+08:00
300091,SZ,东方财富行情中心代码列表,2026-08-01T19:29:01+08:00
301156,SZ,东方财富行情中心代码列表,2026-08-01T19:29:01+08:00
301309,SZ,东方财富行情中心代码列表,2026-08-01T19:29:01+08:00
002228,SZ,东方财富行情中心代码列表,2026-08-01T19:29:01+08:00
002171,SZ,东方财富行情中心代码列表,2026-08-01T19:29:01+08:00
300066,SZ,东方财富行情中心代码列表,2026-08-01T19:29:01+08:00
300437,SZ,东方财富行情中心代码列表,2026-08-01T19:29:01+08:00
605138,SH,东方财富行情中心代码列表,2026-08-01T19:29:01+08:00
000605,SZ,东方财富行情中心代码列表,2026-08-01T19:29:01+08:00
002127,SZ,东方财富行情中心代码列表,2026-08-01T19:29:01+08:00
688267,SH,东方财富行情中心代码列表,2026-08-01T19:29:01+08:00
001322,SZ,东方财富行情中心代码列表,2026-08-01T19:29:01+08:00
688552,SH,东方财富行情中心代码列表,2026-08-01T19:29:01+08:00
300395,SZ,东方财富行情中心代码列表,2026-08-01T19:29:01+08:00
000546,SZ,东方财富行情中心代码列表,2026-08-01T19:29:01+08:00
002590,SZ,东方财富行情中心代码列表,2026-08-01T19:29:01+08:00
002321,SZ,东方财富行情中心代码列表,2026-08-01T19:29:01+08:00
000718,SZ,东方财富行情中心代码列表,2026-08-01T19:29:01+08:00
300813,SZ,东方财富行情中心代码列表,2026-08-01T19:29:01+08:00
002054,SZ,东方财富行情中心代码列表,2026-08-01T19:29:01+08:00
600959,SH,东方财富行情中心代码列表,2026-08-01T19:29:01+08:00
300847,SZ,东方财富行情中心代码列表,2026-08-01T19:29:01+08:00
002501,SZ,东方财富行情中心代码列表,2026-08-01T19:29:01+08:00
002813,SZ,东方财富行情中心代码列表,2026-08-01T19:29:01+08:00
603948,SH,东方财富行情中心代码列表,2026-08-01T19:29:01+08:00
002449,SZ,东方财富行情中心代码列表,2026-08-01T19:29:01+08:00
301498,SZ,东方财富行情中心代码列表,2026-08-01T19:29:01+08:00
688584,SH,东方财富行情中心代码列表,2026-08-01T19:29:01+08:00
002062,SZ,东方财富行情中心代码列表,2026-08-01T19:29:01+08:00
300180,SZ,东方财富行情中心代码列表,2026-08-01T19:29:01+08:00
000736,SZ,东方财富行情中心代码列表,2026-08-01T19:29:01+08:00
301229,SZ,东方财富行情中心代码列表,2026-08-01T19:29:01+08:00
600331,SH,东方财富行情中心代码列表,2026-08-01T19:29:01+08:00
002702,SZ,东方财富行情中心代码列表,2026-08-01T19:29:01+08:00
002802,SZ,东方财富行情中心代码列表,2026-08-01T19:29:01+08:00
600749,SH,东方财富行情中心代码列表,2026-08-01T19:29:01+08:00
600501,SH,东方财富行情中心代码列表,2026-08-01T19:29:01+08:00
600121,SH,东方财富行情中心代码列表,2026-08-01T19:29:01+08:00
000919,SZ,东方财富行情中心代码列表,2026-08-01T19:29:01+08:00
600265,SH,东方财富行情中心代码列表,2026-08-01T19:29:01+08:00
301323,SZ,东方财富行情中心代码列表,2026-08-01T19:29:01+08:00
002160,SZ,东方财富行情中心代码列表,2026-08-01T19:29:01+08:00
002121,SZ,东方财富行情中心代码列表,2026-08-01T19:29:01+08:00
603900,SH,东方财富行情中心代码列表,2026-08-01T19:29:01+08:00
301082,SZ,东方财富行情中心代码列表,2026-08-01T19:29:01+08:00
300175,SZ,东方财富行情中心代码列表,2026-08-01T19:29:01+08:00
002669,SZ,东方财富行情中心代码列表,2026-08-01T19:29:01+08:00
002377,SZ,东方财富行情中心代码列表,2026-08-01T19:29:01+08:00
600119,SH,东方财富行情中心代码列表,2026-08-01T19:29:01+08:00
688116,SH,东方财富行情中心代码列表,2026-08-01T19:29:01+08:00
002677,SZ,东方财富行情中心代码列表,2026-08-01T19:29:01+08:00
300172,SZ,东方财富行情中心代码列表,2026-08-01T19:29:01+08:00
603300,SH,东方财富行情中心代码列表,2026-08-01T19:29:01+08:00
603136,SH,东方财富行情中心代码列表,2026-08-01T19:29:01+08:00
600685,SH,东方财富行情中心代码列表,2026-08-01T19:29:01+08:00
688252,SH,东方财富行情中心代码列表,2026-08-01T19:29:01+08:00
688091,SH,东方财富行情中心代码列表,2026-08-01T19:29:01+08:00
002451,SZ,东方财富行情中心代码列表,2026-08-01T19:29:01+08:00
600133,SH,东方财富行情中心代码列表,2026-08-01T19:29:01+08:00
002824,SZ,东方财富行情中心代码列表,2026-08-01T19:29:01+08:00
301266,SZ,东方财富行情中心代码列表,2026-08-01T19:29:01+08:00
600150,SH,东方财富行情中心代码列表,2026-08-01T19:29:01+08:00
605162,SH,东方财富行情中心代码列表,2026-08-01T19:29:01+08:00
601233,SH,东方财富行情中心代码列表,2026-08-01T19:29:01+08:00
300516,SZ,东方财富行情中心代码列表,2026-08-01T19:29:01+08:00
603001,SH,东方财富行情中心代码列表,2026-08-01T19:29:01+08:00
301680,SZ,东方财富行情中心代码列表,2026-08-01T19:29:01+08:00
601011,SH,东方财富行情中心代码列表,2026-08-01T19:29:01+08:00
603906,SH,东方财富行情中心代码列表,2026-08-01T19:29:01+08:00
002076,SZ,东方财富行情中心代码列表,2026-08-01T19:29:01+08:00
603230,SH,东方财富行情中心代码列表,2026-08-01T19:29:01+08:00
002461,SZ,东方财富行情中心代码列表,2026-08-01T19:29:01+08:00
600785,SH,东方财富行情中心代码列表,2026-08-01T19:29:01+08:00
603896,SH,东方财富行情中心代码列表,2026-08-01T19:29:01+08:00
002289,SZ,东方财富行情中心代码列表,2026-08-01T19:29:01+08:00
300346,SZ,东方财富行情中心代码列表,2026-08-01T19:29:01+08:00
603586,SH,东方财富行情中心代码列表,2026-08-01T19:29:01+08:00
300167,SZ,东方财富行情中心代码列表,2026-08-01T19:29:01+08:00
002109,SZ,东方财富行情中心代码列表,2026-08-01T19:29:01+08:00
000537,SZ,东方财富行情中心代码列表,2026-08-01T19:29:01+08:00
603444,SH,东方财富行情中心代码列表,2026-08-01T19:29:01+08:00
603583,SH,东方财富行情中心代码列表,2026-08-01T19:29:01+08:00
300446,SZ,东方财富行情中心代码列表,2026-08-01T19:29:01+08:00
600841,SH,东方财富行情中心代码列表,2026-08-01T19:29:01+08:00
002028,SZ,东方财富行情中心代码列表,2026-08-01T19:29:01+08:00
002603,SZ,东方财富行情中心代码列表,2026-08-01T19:29:01+08:00
600758,SH,东方财富行情中心代码列表,2026-08-01T19:29:01+08:00
600606,SH,东方财富行情中心代码列表,2026-08-01T19:29:01+08:00
600120,SH,东方财富行情中心代码列表,2026-08-01T19:29:01+08:00
300664,SZ,东方财富行情中心代码列表,2026-08-01T19:29:01+08:00
300256,SZ,东方财富行情中心代码列表,2026-08-01T19:29:01+08:00
002689,SZ,东方财富行情中心代码列表,2026-08-01T19:29:01+08:00
002323,SZ,东方财富行情中心代码列表,2026-08-01T19:29:01+08:00
002890,SZ,东方财富行情中心代码列表,2026-08-01T19:29:01+08:00
300187,SZ,东方财富行情中心代码列表,2026-08-01T19:29:01+08:00
002679,SZ,东方财富行情中心代码列表,2026-08-01T19:29:01+08:00
600051,SH,东方财富行情中心代码列表,2026-08-01T19:29:01+08:00
002600,SZ,东方财富行情中心代码列表,2026-08-01T19:29:01+08:00
002392,SZ,东方财富行情中心代码列表,2026-08-01T19:29:01+08:00
603321,SH,东方财富行情中心代码列表,2026-08-01T19:29:01+08:00
003042,SZ,东方财富行情中心代码列表,2026-08-01T19:29:01+08:00
601933,SH,东方财富行情中心代码列表,2026-08-01T19:29:01+08:00
002198,SZ,东方财富行情中心代码列表,2026-08-01T19:29:01+08:00
601991,SH,东方财富行情中心代码列表,2026-08-01T19:29:01+08:00
603037,SH,东方财富行情中心代码列表,2026-08-01T19:29:01+08:00
601515,SH,东方财富行情中心代码列表,2026-08-01T19:29:01+08:00
000852,SZ,东方财富行情中心代码列表,2026-08-01T19:29:01+08:00
600448,SH,东方财富行情中心代码列表,2026-08-01T19:29:01+08:00
002793,SZ,东方财富行情中心代码列表,2026-08-01T19:29:01+08:00
002187,SZ,东方财富行情中心代码列表,2026-08-01T19:29:01+08:00
688370,SH,东方财富行情中心代码列表,2026-08-01T19:29:01+08:00
002526,SZ,东方财富行情中心代码列表,2026-08-01T19:29:01+08:00
688190,SH,东方财富行情中心代码列表,2026-08-01T19:29:01+08:00
603829,SH,东方财富行情中心代码列表,2026-08-01T19:29:01+08:00
000063,SZ,东方财富行情中心代码列表,2026-08-01T19:29:01+08:00
001283,SZ,东方财富行情中心代码列表,2026-08-01T19:29:01+08:00
002694,SZ,东方财富行情中心代码列表,2026-08-01T19:29:01+08:00
001300,SZ,东方财富行情中心代码列表,2026-08-01T19:29:01+08:00
603588,SH,东方财富行情中心代码列表,2026-08-01T19:29:01+08:00
600469,SH,东方财富行情中心代码列表,2026-08-01T19:29:01+08:00
600433,SH,东方财富行情中心代码列表,2026-08-01T19:29:01+08:00
002724,SZ,东方财富行情中心代码列表,2026-08-01T19:29:01+08:00
300675,SZ,东方财富行情中心代码列表,2026-08-01T19:29:01+08:00
600104,SH,东方财富行情中心代码列表,2026-08-01T19:29:01+08:00
688106,SH,东方财富行情中心代码列表,2026-08-01T19:29:01+08:00
002725,SZ,东方财富行情中心代码列表,2026-08-01T19:29:01+08:00
603022,SH,东方财富行情中心代码列表,2026-08-01T19:29:01+08:00
603357,SH,东方财富行情中心代码列表,2026-08-01T19:29:01+08:00
001896,SZ,东方财富行情中心代码列表,2026-08-01T19:29:01+08:00
605339,SH,东方财富行情中心代码列表,2026-08-01T19:29:01+08:00
001285,SZ,东方财富行情中心代码列表,2026-08-01T19:29:01+08:00
002422,SZ,东方财富行情中心代码列表,2026-08-01T19:29:01+08:00
301053,SZ,东方财富行情中心代码列表,2026-08-01T19:29:01+08:00
600814,SH,东方财富行情中心代码列表,2026-08-01T19:29:01+08:00
603041,SH,东方财富行情中心代码列表,2026-08-01T19:29:01+08:00
301050,SZ,东方财富行情中心代码列表,2026-08-01T19:29:01+08:00
300398,SZ,东方财富行情中心代码列表,2026-08-01T19:29:01+08:00
605158,SH,东方财富行情中心代码列表,2026-08-01T19:29:01+08:00
600533,SH,东方财富行情中心代码列表,2026-08-01T19:29:01+08:00
600067,SH,东方财富行情中心代码列表,2026-08-01T19:29:01+08:00
301215,SZ,东方财富行情中心代码列表,2026-08-01T19:29:01+08:00
002206,SZ,东方财富行情中心代码列表,2026-08-01T19:29:01+08:00
002780,SZ,东方财富行情中心代码列表,2026-08-01T19:29:01+08:00
600535,SH,东方财富行情中心代码列表,2026-08-01T19:29:01+08:00
603496,SH,东方财富行情中心代码列表,2026-08-01T19:29:01+08:00
600293,SH,东方财富行情中心代码列表,2026-08-01T19:29:01+08:00
002190,SZ,东方财富行情中心代码列表,2026-08-01T19:29:01+08:00
600877,SH,东方财富行情中心代码列表,2026-08-01T19:29:01+08:00
600780,SH,东方财富行情中心代码列表,2026-08-01T19:29:01+08:00
603229,SH,东方财富行情中心代码列表,2026-08-01T19:29:01+08:00
600303,SH,东方财富行情中心代码列表,2026-08-01T19:29:01+08:00
300929,SZ,东方财富行情中心代码列表,2026-08-01T19:29:01+08:00
002489,SZ,东方财富行情中心代码列表,2026-08-01T19:29:01+08:00
002156,SZ,东方财富行情中心代码列表,2026-08-01T19:29:01+08:00
002560,SZ,东方财富行情中心代码列表,2026-08-01T19:29:01+08:00
600481,SH,东方财富行情中心代码列表,2026-08-01T19:29:01+08:00
002151,SZ,东方财富行情中心代码列表,2026-08-01T19:29:01+08:00
002513,SZ,东方财富行情中心代码列表,2026-08-01T19:29:01+08:00
600365,SH,东方财富行情中心代码列表,2026-08-01T19:29:01+08:00
688027,SH,东方财富行情中心代码列表,2026-08-01T19:29:01+08:00
600459,SH,东方财富行情中心代码列表,2026-08-01T19:29:01+08:00
603409,SH,东方财富行情中心代码列表,2026-08-01T19:29:01+08:00
600444,SH,东方财富行情中心代码列表,2026-08-01T19:29:01+08:00
600735,SH,东方财富行情中心代码列表,2026-08-01T19:29:01+08:00
600858,SH,东方财富行情中心代码列表,2026-08-01T19:29:01+08:00
300239,SZ,东方财富行情中心代码列表,2026-08-01T19:29:01+08:00
605123,SH,东方财富行情中心代码列表,2026-08-01T19:29:01+08:00
603036,SH,东方财富行情中心代码列表,2026-08-01T19:29:01+08:00
603291,SH,东方财富行情中心代码列表,2026-08-01T19:29:01+08:00
003037,SZ,东方财富行情中心代码列表,2026-08-01T19:29:01+08:00
600706,SH,东方财富行情中心代码列表,2026-08-01T19:29:01+08:00
600552,SH,东方财富行情中心代码列表,2026-08-01T19:29:01+08:00
603369,SH,东方财富行情中心代码列表,2026-08-01T19:29:01+08:00
300690,SZ,东方财富行情中心代码列表,2026-08-01T19:29:01+08:00
002104,SZ,东方财富行情中心代码列表,2026-08-01T19:29:01+08:00
600221,SH,东方财富行情中心代码列表,2026-08-01T19:29:01+08:00
688269,SH,东方财富行情中心代码列表,2026-08-01T19:29:01+08:00
301613,SZ,东方财富行情中心代码列表,2026-08-01T19:29:01+08:00
000567,SZ,东方财富行情中心代码列表,2026-08-01T19:29:01+08:00
300861,SZ,东方财富行情中心代码列表,2026-08-01T19:29:01+08:00
002589,SZ,东方财富行情中心代码列表,2026-08-01T19:29:01+08:00
000958,SZ,东方财富行情中心代码列表,2026-08-01T19:29:01+08:00
688569,SH,东方财富行情中心代码列表,2026-08-01T19:29:01+08:00
605388,SH,东方财富行情中心代码列表,2026-08-01T19:29:01+08:00
600080,SH,东方财富行情中心代码列表,2026-08-01T19:29:01+08:00
002279,SZ,东方财富行情中心代码列表,2026-08-01T19:29:01+08:00
300871,SZ,东方财富行情中心代码列表,2026-08-01T19:29:01+08:00
600990,SH,东方财富行情中心代码列表,2026-08-01T19:29:01+08:00
603885,SH,东方财富行情中心代码列表,2026-08-01T19:29:01+08:00
002224,SZ,东方财富行情中心代码列表,2026-08-01T19:29:01+08:00
301296,SZ,东方财富行情中心代码列表,2026-08-01T19:29:01+08:00
600616,SH,东方财富行情中心代码列表,2026-08-01T19:29:01+08:00
600792,SH,东方财富行情中心代码列表,2026-08-01T19:29:01+08:00
688021,SH,东方财富行情中心代码列表,2026-08-01T19:29:01+08:00
600626,SH,东方财富行情中心代码列表,2026-08-01T19:29:01+08:00
605333,SH,东方财富行情中心代码列表,2026-08-01T19:29:01+08:00
605268,SH,东方财富行情中心代码列表,2026-08-01T19:29:01+08:00
688570,SH,东方财富行情中心代码列表,2026-08-01T19:29:01+08:00
603318,SH,东方财富行情中心代码列表,2026-08-01T19:29:01+08:00
600551,SH,东方财富行情中心代码列表,2026-08-01T19:29:01+08:00
600148,SH,东方财富行情中心代码列表,2026-08-01T19:29:01+08:00
002269,SZ,东方财富行情中心代码列表,2026-08-01T19:29:01+08:00
002051,SZ,东方财富行情中心代码列表,2026-08-01T19:29:01+08:00
000926,SZ,东方财富行情中心代码列表,2026-08-01T19:29:01+08:00
300990,SZ,东方财富行情中心代码列表,2026-08-01T19:29:01+08:00
605369,SH,东方财富行情中心代码列表,2026-08-01T19:29:01+08:00
300230,SZ,东方财富行情中心代码列表,2026-08-01T19:29:01+08:00
688331,SH,东方财富行情中心代码列表,2026-08-01T19:29:01+08:00
603363,SH,东方财富行情中心代码列表,2026-08-01T19:29:01+08:00
300284,SZ,东方财富行情中心代码列表,2026-08-01T19:29:01+08:00
600622,SH,东方财富行情中心代码列表,2026-08-01T19:29:01+08:00
605080,SH,东方财富行情中心代码列表,2026-08-01T19:29:01+08:00
601366,SH,东方财富行情中心代码列表,2026-08-01T19:29:01+08:00
300158,SZ,东方财富行情中心代码列表,2026-08-01T19:29:01+08:00
600136,SH,东方财富行情中心代码列表,2026-08-01T19:29:01+08:00
688573,SH,东方财富行情中心代码列表,2026-08-01T19:29:01+08:00
605599,SH,东方财富行情中心代码列表,2026-08-01T19:29:01+08:00
600820,SH,东方财富行情中心代码列表,2026-08-01T19:29:01+08:00
600054,SH,东方财富行情中心代码列表,2026-08-01T19:29:01+08:00
688185,SH,东方财富行情中心代码列表,2026-08-01T19:29:01+08:00
300775,SZ,东方财富行情中心代码列表,2026-08-01T19:29:01+08:00
000570,SZ,东方财富行情中心代码列表,2026-08-01T19:29:01+08:00
000882,SZ,东方财富行情中心代码列表,2026-08-01T19:29:01+08:00
000564,SZ,东方财富行情中心代码列表,2026-08-01T19:29:01+08:00
603758,SH,东方财富行情中心代码列表,2026-08-01T19:29:01+08:00
000521,SZ,东方财富行情中心代码列表,2026-08-01T19:29:01+08:00
600594,SH,东方财富行情中心代码列表,2026-08-01T19:29:01+08:00
000905,SZ,东方财富行情中心代码列表,2026-08-01T19:29:01+08:00
301227,SZ,东方财富行情中心代码列表,2026-08-01T19:29:01+08:00
688759,SH,东方财富行情中心代码列表,2026-08-01T19:29:01+08:00
000417,SZ,东方财富行情中心代码列表,2026-08-01T19:29:01+08:00
600557,SH,东方财富行情中心代码列表,2026-08-01T19:29:01+08:00
600933,SH,东方财富行情中心代码列表,2026-08-01T19:29:01+08:00
002867,SZ,东方财富行情中心代码列表,2026-08-01T19:29:01+08:00
300584,SZ,东方财富行情中心代码列表,2026-08-01T19:29:01+08:00
300439,SZ,东方财富行情中心代码列表,2026-08-01T19:29:01+08:00
001313,SZ,东方财富行情中心代码列表,2026-08-01T19:29:01+08:00
300450,SZ,东方财富行情中心代码列表,2026-08-01T19:29:01+08:00
603214,SH,东方财富行情中心代码列表,2026-08-01T19:29:01+08:00
002167,SZ,东方财富行情中心代码列表,2026-08-01T19:29:01+08:00
600111,SH,东方财富行情中心代码列表,2026-08-01T19:29:01+08:00
688175,SH,东方财富行情中心代码列表,2026-08-01T19:29:01+08:00
300826,SZ,东方财富行情中心代码列表,2026-08-01T19:29:01+08:00
002982,SZ,东方财富行情中心代码列表,2026-08-01T19:29:01+08:00
002404,SZ,东方财富行情中心代码列表,2026-08-01T19:29:01+08:00
603282,SH,东方财富行情中心代码列表,2026-08-01T19:29:01+08:00
002263,SZ,东方财富行情中心代码列表,2026-08-01T19:29:01+08:00
002570,SZ,东方财富行情中心代码列表,2026-08-01T19:29:01+08:00
301032,SZ,东方财富行情中心代码列表,2026-08-01T19:29:01+08:00
002088,SZ,东方财富行情中心代码列表,2026-08-01T19:29:01+08:00
300118,SZ,东方财富行情中心代码列表,2026-08-01T19:29:01+08:00
002057,SZ,东方财富行情中心代码列表,2026-08-01T19:29:01+08:00
000631,SZ,东方财富行情中心代码列表,2026-08-01T19:29:01+08:00
603075,SH,东方财富行情中心代码列表,2026-08-01T19:29:01+08:00
603869,SH,东方财富行情中心代码列表,2026-08-01T19:29:01+08:00
600467,SH,东方财富行情中心代码列表,2026-08-01T19:29:01+08:00
600032,SH,东方财富行情中心代码列表,2026-08-01T19:29:01+08:00
301533,SZ,东方财富行情中心代码列表,2026-08-01T19:29:01+08:00
000910,SZ,东方财富行情中心代码列表,2026-08-01T19:29:01+08:00
600526,SH,东方财富行情中心代码列表,2026-08-01T19:29:01+08:00
600284,SH,东方财富行情中心代码列表,2026-08-01T19:29:01+08:00
603968,SH,东方财富行情中心代码列表,2026-08-01T19:29:01+08:00
300975,SZ,东方财富行情中心代码列表,2026-08-01T19:29:01+08:00
601696,SH,东方财富行情中心代码列表,2026-08-01T19:29:01+08:00
600955,SH,东方财富行情中心代码列表,2026-08-01T19:29:01+08:00
002578,SZ,东方财富行情中心代码列表,2026-08-01T19:29:01+08:00
002124,SZ,东方财富行情中心代码列表,2026-08-01T19:29:01+08:00
000557,SZ,东方财富行情中心代码列表,2026-08-01T19:29:01+08:00
000520,SZ,东方财富行情中心代码列表,2026-08-01T19:29:01+08:00
603390,SH,东方财富行情中心代码列表,2026-08-01T19:29:01+08:00
000788,SZ,东方财富行情中心代码列表,2026-08-01T19:29:01+08:00
603070,SH,东方财富行情中心代码列表,2026-08-01T19:29:01+08:00
601996,SH,东方财富行情中心代码列表,2026-08-01T19:29:01+08:00
600010,SH,东方财富行情中心代码列表,2026-08-01T19:29:01+08:00
002210,SZ,东方财富行情中心代码列表,2026-08-01T19:29:01+08:00
601010,SH,东方财富行情中心代码列表,2026-08-01T19:29:01+08:00
001336,SZ,东方财富行情中心代码列表,2026-08-01T19:29:01+08:00
603033,SH,东方财富行情中心代码列表,2026-08-01T19:29:01+08:00
300552,SZ,东方财富行情中心代码列表,2026-08-01T19:29:01+08:00
000928,SZ,东方财富行情中心代码列表,2026-08-01T19:29:01+08:00
000758,SZ,东方财富行情中心代码列表,2026-08-01T19:29:01+08:00
600115,SH,东方财富行情中心代码列表,2026-08-01T19:29:01+08:00
301137,SZ,东方财富行情中心代码列表,2026-08-01T19:29:01+08:00
603350,SH,东方财富行情中心代码列表,2026-08-01T19:29:01+08:00
603578,SH,东方财富行情中心代码列表,2026-08-01T19:29:01+08:00
600029,SH,东方财富行情中心代码列表,2026-08-01T19:29:01+08:00
002485,SZ,东方财富行情中心代码列表,2026-08-01T19:29:01+08:00
000717,SZ,东方财富行情中心代码列表,2026-08-01T19:29:01+08:00
000560,SZ,东方财富行情中心代码列表,2026-08-01T19:29:01+08:00
605116,SH,东方财富行情中心代码列表,2026-08-01T19:29:01+08:00
301602,SZ,东方财富行情中心代码列表,2026-08-01T19:29:01+08:00
603856,SH,东方财富行情中心代码列表,2026-08-01T19:29:01+08:00
600218,SH,东方财富行情中心代码列表,2026-08-01T19:29:01+08:00
000756,SZ,东方财富行情中心代码列表,2026-08-01T19:29:01+08:00
600338,SH,东方财富行情中心代码列表,2026-08-01T19:29:01+08:00
301658,SZ,东方财富行情中心代码列表,2026-08-01T19:29:01+08:00
002480,SZ,东方财富行情中心代码列表,2026-08-01T19:29:01+08:00
600330,SH,东方财富行情中心代码列表,2026-08-01T19:29:01+08:00
601121,SH,东方财富行情中心代码列表,2026-08-01T19:29:01+08:00
301078,SZ,东方财富行情中心代码列表,2026-08-01T19:29:01+08:00
002486,SZ,东方财富行情中心代码列表,2026-08-01T19:29:01+08:00
600689,SH,东方财富行情中心代码列表,2026-08-01T19:29:01+08:00
300424,SZ,东方财富行情中心代码列表,2026-08-01T19:29:01+08:00
002587,SZ,东方财富行情中心代码列表,2026-08-01T19:29:01+08:00
300906,SZ,东方财富行情中心代码列表,2026-08-01T19:29:01+08:00
600021,SH,东方财富行情中心代码列表,2026-08-01T19:29:01+08:00
000514,SZ,东方财富行情中心代码列表,2026-08-01T19:29:01+08:00
301367,SZ,东方财富行情中心代码列表,2026-08-01T19:29:01+08:00
002333,SZ,东方财富行情中心代码列表,2026-08-01T19:29:01+08:00
600336,SH,东方财富行情中心代码列表,2026-08-01T19:29:01+08:00
002047,SZ,东方财富行情中心代码列表,2026-08-01T19:29:01+08:00
001367,SZ,东方财富行情中心代码列表,2026-08-01T19:29:01+08:00
600916,SH,东方财富行情中心代码列表,2026-08-01T19:29:01+08:00
600779,SH,东方财富行情中心代码列表,2026-08-01T19:29:01+08:00
001202,SZ,东方财富行情中心代码列表,2026-08-01T19:29:01+08:00
001312,SZ,东方财富行情中心代码列表,2026-08-01T19:29:01+08:00
002967,SZ,东方财富行情中心代码列表,2026-08-01T19:29:01+08:00
600751,SH,东方财富行情中心代码列表,2026-08-01T19:29:01+08:00
000096,SZ,东方财富行情中心代码列表,2026-08-01T19:29:01+08:00
600251,SH,东方财富行情中心代码列表,2026-08-01T19:29:01+08:00
688041,SH,东方财富行情中心代码列表,2026-08-01T19:29:01+08:00
301278,SZ,东方财富行情中心代码列表,2026-08-01T19:29:01+08:00
600165,SH,东方财富行情中心代码列表,2026-08-01T19:29:01+08:00
301258,SZ,东方财富行情中心代码列表,2026-08-01T19:29:01+08:00
603703,SH,东方财富行情中心代码列表,2026-08-01T19:29:01+08:00
601127,SH,东方财富行情中心代码列表,2026-08-01T19:29:01+08:00
688033,SH,东方财富行情中心代码列表,2026-08-01T19:29:01+08:00
002991,SZ,东方财富行情中心代码列表,2026-08-01T19:29:01+08:00
601187,SH,东方财富行情中心代码列表,2026-08-01T19:29:01+08:00
300904,SZ,东方财富行情中心代码列表,2026-08-01T19:29:01+08:00
300425,SZ,东方财富行情中心代码列表,2026-08-01T19:29:01+08:00
300008,SZ,东方财富行情中心代码列表,2026-08-01T19:29:01+08:00
000153,SZ,东方财富行情中心代码列表,2026-08-01T19:29:01+08:00
601111,SH,东方财富行情中心代码列表,2026-08-01T19:29:01+08:00
000036,SZ,东方财富行情中心代码列表,2026-08-01T19:29:01+08:00
000906,SZ,东方财富行情中心代码列表,2026-08-01T19:29:01+08:00
688606,SH,东方财富行情中心代码列表,2026-08-01T19:29:01+08:00
000797,SZ,东方财富行情中心代码列表,2026-08-01T19:29:01+08:00
001208,SZ,东方财富行情中心代码列表,2026-08-01T19:29:01+08:00
603172,SH,东方财富行情中心代码列表,2026-08-01T19:29:01+08:00
600850,SH,东方财富行情中心代码列表,2026-08-01T19:29:01+08:00
300869,SZ,东方财富行情中心代码列表,2026-08-01T19:29:01+08:00
605008,SH,东方财富行情中心代码列表,2026-08-01T19:29:01+08:00
300327,SZ,东方财富行情中心代码列表,2026-08-01T19:29:01+08:00
600979,SH,东方财富行情中心代码列表,2026-08-01T19:29:01+08:00
000060,SZ,东方财富行情中心代码列表,2026-08-01T19:29:01+08:00
001308,SZ,东方财富行情中心代码列表,2026-08-01T19:29:01+08:00
600546,SH,东方财富行情中心代码列表,2026-08-01T19:29:01+08:00
300096,SZ,东方财富行情中心代码列表,2026-08-01T19:29:01+08:00
002614,SZ,东方财富行情中心代码列表,2026-08-01T19:29:01+08:00
000407,SZ,东方财富行情中心代码列表,2026-08-01T19:29:01+08:00
000878,SZ,东方财富行情中心代码列表,2026-08-01T19:29:01+08:00
301311,SZ,东方财富行情中心代码列表,2026-08-01T19:29:01+08:00
301186,SZ,东方财富行情中心代码列表,2026-08-01T19:29:01+08:00
688750,SH,东方财富行情中心代码列表,2026-08-01T19:29:01+08:00
301056,SZ,东方财富行情中心代码列表,2026-08-01T19:29:01+08:00
002069,SZ,东方财富行情中心代码列表,2026-08-01T19:29:01+08:00
603029,SH,东方财富行情中心代码列表,2026-08-01T19:29:01+08:00
603025,SH,东方财富行情中心代码列表,2026-08-01T19:29:01+08:00
603109,SH,东方财富行情中心代码列表,2026-08-01T19:29:01+08:00
688128,SH,东方财富行情中心代码列表,2026-08-01T19:29:01+08:00
002041,SZ,东方财富行情中心代码列表,2026-08-01T19:29:01+08:00
002531,SZ,东方财富行情中心代码列表,2026-08-01T19:29:01+08:00
603105,SH,东方财富行情中心代码列表,2026-08-01T19:29:01+08:00
688739,SH,东方财富行情中心代码列表,2026-08-01T19:29:01+08:00
600715,SH,东方财富行情中心代码列表,2026-08-01T19:29:01+08:00
600138,SH,东方财富行情中心代码列表,2026-08-01T19:29:01+08:00
002662,SZ,东方财富行情中心代码列表,2026-08-01T19:29:01+08:00
000151,SZ,东方财富行情中心代码列表,2026-08-01T19:29:01+08:00
000078,SZ,东方财富行情中心代码列表,2026-08-01T19:29:01+08:00
603066,SH,东方财富行情中心代码列表,2026-08-01T19:29:01+08:00
600853,SH,东方财富行情中心代码列表,2026-08-01T19:29:01+08:00
603344,SH,东方财富行情中心代码列表,2026-08-01T19:29:01+08:00
600682,SH,东方财富行情中心代码列表,2026-08-01T19:29:01+08:00
600830,SH,东方财富行情中心代码列表,2026-08-01T19:29:01+08:00
301456,SZ,东方财富行情中心代码列表,2026-08-01T19:29:01+08:00
301507,SZ,东方财富行情中心代码列表,2026-08-01T19:29:01+08:00
603739,SH,东方财富行情中心代码列表,2026-08-01T19:29:01+08:00
688339,SH,东方财富行情中心代码列表,2026-08-01T19:29:01+08:00
600313,SH,东方财富行情中心代码列表,2026-08-01T19:29:01+08:00
600736,SH,东方财富行情中心代码列表,2026-08-01T19:29:01+08:00
001376,SZ,东方财富行情中心代码列表,2026-08-01T19:29:01+08:00
688197,SH,东方财富行情中心代码列表,2026-08-01T19:29:01+08:00
002277,SZ,东方财富行情中心代码列表,2026-08-01T19:29:01+08:00
605577,SH,东方财富行情中心代码列表,2026-08-01T19:29:01+08:00
000020,SZ,东方财富行情中心代码列表,2026-08-01T19:29:01+08:00
000752,SZ,东方财富行情中心代码列表,2026-08-01T19:29:01+08:00
603456,SH,东方财富行情中心代码列表,2026-08-01T19:29:01+08:00
688100,SH,东方财富行情中心代码列表,2026-08-01T19:29:01+08:00
301282,SZ,东方财富行情中心代码列表,2026-08-01T19:29:01+08:00
600984,SH,东方财富行情中心代码列表,2026-08-01T19:29:01+08:00
603678,SH,东方财富行情中心代码列表,2026-08-01T19:29:01+08:00
603727,SH,东方财富行情中心代码列表,2026-08-01T19:29:01+08:00
301239,SZ,东方财富行情中心代码列表,2026-08-01T19:29:01+08:00
688198,SH,东方财富行情中心代码列表,2026-08-01T19:29:01+08:00
601198,SH,东方财富行情中心代码列表,2026-08-01T19:29:01+08:00
603638,SH,东方财富行情中心代码列表,2026-08-01T19:29:01+08:00
300285,SZ,东方财富行情中心代码列表,2026-08-01T19:29:01+08:00
600195,SH,东方财富行情中心代码列表,2026-08-01T19:29:01+08:00
000698,SZ,东方财富行情中心代码列表,2026-08-01T19:29:01+08:00
600281,SH,东方财富行情中心代码列表,2026-08-01T19:29:01+08:00
600966,SH,东方财富行情中心代码列表,2026-08-01T19:29:01+08:00
300838,SZ,东方财富行情中心代码列表,2026-08-01T19:29:01+08:00
002366,SZ,东方财富行情中心代码列表,2026-08-01T19:29:01+08:00
002642,SZ,东方财富行情中心代码列表,2026-08-01T19:29:01+08:00
002469,SZ,东方财富行情中心代码列表,2026-08-01T19:29:01+08:00
000697,SZ,东方财富行情中心代码列表,2026-08-01T19:29:01+08:00
000833,SZ,东方财富行情中心代码列表,2026-08-01T19:29:01+08:00
301058,SZ,东方财富行情中心代码列表,2026-08-01T19:29:01+08:00
002872,SZ,东方财富行情中心代码列表,2026-08-01T19:29:01+08:00
300463,SZ,东方财富行情中心代码列表,2026-08-01T19:29:01+08:00
000545,SZ,东方财富行情中心代码列表,2026-08-01T19:29:01+08:00
603087,SH,东方财富行情中心代码列表,2026-08-01T19:29:01+08:00
603351,SH,东方财富行情中心代码列表,2026-08-01T19:29:01+08:00
000402,SZ,东方财富行情中心代码列表,2026-08-01T19:29:01+08:00
300482,SZ,东方财富行情中心代码列表,2026-08-01T19:29:01+08:00
300512,SZ,东方财富行情中心代码列表,2026-08-01T19:29:01+08:00
600249,SH,东方财富行情中心代码列表,2026-08-01T19:29:01+08:00
688575,SH,东方财富行情中心代码列表,2026-08-01T19:29:01+08:00
001218,SZ,东方财富行情中心代码列表,2026-08-01T19:29:01+08:00
002133,SZ,东方财富行情中心代码列表,2026-08-01T19:29:01+08:00
301518,SZ,东方财富行情中心代码列表,2026-08-01T19:29:01+08:00
002640,SZ,东方财富行情中心代码列表,2026-08-01T19:29:01+08:00
002682,SZ,东方财富行情中心代码列表,2026-08-01T19:29:01+08:00
002950,SZ,东方财富行情中心代码列表,2026-08-01T19:29:01+08:00
688236,SH,东方财富行情中心代码列表,2026-08-01T19:29:01+08:00
002645,SZ,东方财富行情中心代码列表,2026-08-01T19:29:01+08:00
601566,SH,东方财富行情中心代码列表,2026-08-01T19:29:01+08:00
301665,SZ,东方财富行情中心代码列表,2026-08-01T19:29:01+08:00
002427,SZ,东方财富行情中心代码列表,2026-08-01T19:29:01+08:00
605166,SH,东方财富行情中心代码列表,2026-08-01T19:29:01+08:00
688348,SH,东方财富行情中心代码列表,2026-08-01T19:29:01+08:00
603096,SH,东方财富行情中心代码列表,2026-08-01T19:29:01+08:00
601588,SH,东方财富行情中心代码列表,2026-08-01T19:29:01+08:00
300834,SZ,东方财富行情中心代码列表,2026-08-01T19:29:01+08:00
605286,SH,东方财富行情中心代码列表,2026-08-01T19:29:01+08:00
600795,SH,东方财富行情中心代码列表,2026-08-01T19:29:01+08:00
000720,SZ,东方财富行情中心代码列表,2026-08-01T19:29:01+08:00
002883,SZ,东方财富行情中心代码列表,2026-08-01T19:29:01+08:00
688317,SH,东方财富行情中心代码列表,2026-08-01T19:29:01+08:00
600817,SH,东方财富行情中心代码列表,2026-08-01T19:29:01+08:00
301003,SZ,东方财富行情中心代码列表,2026-08-01T19:29:01+08:00
002992,SZ,东方财富行情中心代码列表,2026-08-01T19:29:01+08:00
301291,SZ,东方财富行情中心代码列表,2026-08-01T19:29:01+08:00
000949,SZ,东方财富行情中心代码列表,2026-08-01T19:29:01+08:00
688220,SH,东方财富行情中心代码列表,2026-08-01T19:29:01+08:00
300962,SZ,东方财富行情中心代码列表,2026-08-01T19:29:01+08:00
000612,SZ,东方财富行情中心代码列表,2026-08-01T19:29:01+08:00
300729,SZ,东方财富行情中心代码列表,2026-08-01T19:29:01+08:00
002840,SZ,东方财富行情中心代码列表,2026-08-01T19:29:01+08:00
603381,SH,东方财富行情中心代码列表,2026-08-01T19:29:01+08:00
600805,SH,东方财富行情中心代码列表,2026-08-01T19:29:01+08:00
600257,SH,东方财富行情中心代码列表,2026-08-01T19:29:01+08:00
603205,SH,东方财富行情中心代码列表,2026-08-01T19:29:01+08:00
688196,SH,东方财富行情中心代码列表,2026-08-01T19:29:01+08:00
688390,SH,东方财富行情中心代码列表,2026-08-01T19:29:01+08:00
600681,SH,东方财富行情中心代码列表,2026-08-01T19:29:01+08:00
601868,SH,东方财富行情中心代码列表,2026-08-01T19:29:01+08:00
603507,SH,东方财富行情中心代码列表,2026-08-01T19:29:01+08:00
603325,SH,东方财富行情中心代码列表,2026-08-01T19:29:01+08:00
002888,SZ,东方财富行情中心代码列表,2026-08-01T19:29:01+08:00
600128,SH,东方财富行情中心代码列表,2026-08-01T19:29:01+08:00
002492,SZ,东方财富行情中心代码列表,2026-08-01T19:29:01+08:00
603708,SH,东方财富行情中心代码列表,2026-08-01T19:29:01+08:00
002491,SZ,东方财富行情中心代码列表,2026-08-01T19:29:01+08:00
301091,SZ,东方财富行情中心代码列表,2026-08-01T19:29:01+08:00
603169,SH,东方财富行情中心代码列表,2026-08-01T19:29:01+08:00
600123,SH,东方财富行情中心代码列表,2026-08-01T19:29:01+08:00
600106,SH,东方财富行情中心代码列表,2026-08-01T19:29:01+08:00
001299,SZ,东方财富行情中心代码列表,2026-08-01T19:29:01+08:00
300540,SZ,东方财富行情中心代码列表,2026-08-01T19:29:01+08:00
600283,SH,东方财富行情中心代码列表,2026-08-01T19:29:01+08:00
002194,SZ,东方财富行情中心代码列表,2026-08-01T19:29:01+08:00
002606,SZ,东方财富行情中心代码列表,2026-08-01T19:29:01+08:00
605003,SH,东方财富行情中心代码列表,2026-08-01T19:29:01+08:00
600925,SH,东方财富行情中心代码列表,2026-08-01T19:29:01+08:00
688329,SH,东方财富行情中心代码列表,2026-08-01T19:29:01+08:00
300993,SZ,东方财富行情中心代码列表,2026-08-01T19:29:01+08:00
300142,SZ,东方财富行情中心代码列表,2026-08-01T19:29:01+08:00
000573,SZ,东方财富行情中心代码列表,2026-08-01T19:29:01+08:00
000069,SZ,东方财富行情中心代码列表,2026-08-01T19:29:01+08:00
603334,SH,东方财富行情中心代码列表,2026-08-01T19:29:01+08:00
002399,SZ,东方财富行情中心代码列表,2026-08-01T19:29:01+08:00
600235,SH,东方财富行情中心代码列表,2026-08-01T19:29:01+08:00
601016,SH,东方财富行情中心代码列表,2026-08-01T19:29:01+08:00
600408,SH,东方财富行情中心代码列表,2026-08-01T19:29:01+08:00
002541,SZ,东方财富行情中心代码列表,2026-08-01T19:29:01+08:00
603289,SH,东方财富行情中心代码列表,2026-08-01T19:29:01+08:00
600113,SH,东方财富行情中心代码列表,2026-08-01T19:29:01+08:00
600480,SH,东方财富行情中心代码列表,2026-08-01T19:29:01+08:00
002059,SZ,东方财富行情中心代码列表,2026-08-01T19:29:01+08:00
603018,SH,东方财富行情中心代码列表,2026-08-01T19:29:01+08:00
603059,SH,东方财富行情中心代码列表,2026-08-01T19:29:01+08:00
002339,SZ,东方财富行情中心代码列表,2026-08-01T19:29:01+08:00
300107,SZ,东方财富行情中心代码列表,2026-08-01T19:29:01+08:00
603606,SH,东方财富行情中心代码列表,2026-08-01T19:29:01+08:00
688285,SH,东方财富行情中心代码列表,2026-08-01T19:29:01+08:00
688726,SH,东方财富行情中心代码列表,2026-08-01T19:29:01+08:00
600327,SH,东方财富行情中心代码列表,2026-08-01T19:29:01+08:00
600888,SH,东方财富行情中心代码列表,2026-08-01T19:29:01+08:00
300144,SZ,东方财富行情中心代码列表,2026-08-01T19:29:01+08:00
000688,SZ,东方财富行情中心代码列表,2026-08-01T19:29:01+08:00
600236,SH,东方财富行情中心代码列表,2026-08-01T19:29:01+08:00
603078,SH,东方财富行情中心代码列表,2026-08-01T19:29:01+08:00
301501,SZ,东方财富行情中心代码列表,2026-08-01T19:29:01+08:00
603680,SH,东方财富行情中心代码列表,2026-08-01T19:29:01+08:00
002097,SZ,东方财富行情中心代码列表,2026-08-01T19:29:01+08:00
600969,SH,东方财富行情中心代码列表,2026-08-01T19:29:01+08:00
300896,SZ,东方财富行情中心代码列表,2026-08-01T19:29:01+08:00
002100,SZ,东方财富行情中心代码列表,2026-08-01T19:29:01+08:00
605277,SH,东方财富行情中心代码列表,2026-08-01T19:29:01+08:00
600630,SH,东方财富行情中心代码列表,2026-08-01T19:29:01+08:00
300800,SZ,东方财富行情中心代码列表,2026-08-01T19:29:01+08:00
002639,SZ,东方财富行情中心代码列表,2026-08-01T19:29:01+08:00
603922,SH,东方财富行情中心代码列表,2026-08-01T19:29:01+08:00
603014,SH,东方财富行情中心代码列表,2026-08-01T19:29:01+08:00
002671,SZ,东方财富行情中心代码列表,2026-08-01T19:29:01+08:00
300796,SZ,东方财富行情中心代码列表,2026-08-01T19:29:01+08:00
300080,SZ,东方财富行情中心代码列表,2026-08-01T19:29:01+08:00
301073,SZ,东方财富行情中心代码列表,2026-08-01T19:29:01+08:00
002582,SZ,东方财富行情中心代码列表,2026-08-01T19:29:01+08:00
603293,SH,东方财富行情中心代码列表,2026-08-01T19:29:01+08:00
002186,SZ,东方财富行情中心代码列表,2026-08-01T19:29:01+08:00
300950,SZ,东方财富行情中心代码列表,2026-08-01T19:29:01+08:00
300122,SZ,东方财富行情中心代码列表,2026-08-01T19:29:01+08:00
300890,SZ,东方财富行情中心代码列表,2026-08-01T19:29:01+08:00
002304,SZ,东方财富行情中心代码列表,2026-08-01T19:29:01+08:00
301421,SZ,东方财富行情中心代码列表,2026-08-01T19:29:01+08:00
002554,SZ,东方财富行情中心代码列表,2026-08-01T19:29:01+08:00
000753,SZ,东方财富行情中心代码列表,2026-08-01T19:29:01+08:00
002221,SZ,东方财富行情中心代码列表,2026-08-01T19:29:01+08:00
300105,SZ,东方财富行情中心代码列表,2026-08-01T19:29:01+08:00
002098,SZ,东方财富行情中心代码列表,2026-08-01T19:29:01+08:00
000790,SZ,东方财富行情中心代码列表,2026-08-01T19:29:01+08:00
300588,SZ,东方财富行情中心代码列表,2026-08-01T19:29:01+08:00
001201,SZ,东方财富行情中心代码列表,2026-08-01T19:29:01+08:00
600683,SH,东方财富行情中心代码列表,2026-08-01T19:29:01+08:00
002616,SZ,东方财富行情中心代码列表,2026-08-01T19:29:01+08:00
603566,SH,东方财富行情中心代码列表,2026-08-01T19:29:01+08:00
603262,SH,东方财富行情中心代码列表,2026-08-01T19:29:01+08:00
002470,SZ,东方财富行情中心代码列表,2026-08-01T19:29:01+08:00
001222,SZ,东方财富行情中心代码列表,2026-08-01T19:29:01+08:00
300247,SZ,东方财富行情中心代码列表,2026-08-01T19:29:01+08:00
688559,SH,东方财富行情中心代码列表,2026-08-01T19:29:01+08:00
688148,SH,东方财富行情中心代码列表,2026-08-01T19:29:01+08:00
600409,SH,东方财富行情中心代码列表,2026-08-01T19:29:01+08:00
300827,SZ,东方财富行情中心代码列表,2026-08-01T19:29:01+08:00
600583,SH,东方财富行情中心代码列表,2026-08-01T19:29:01+08:00
600828,SH,东方财富行情中心代码列表,2026-08-01T19:29:01+08:00
603992,SH,东方财富行情中心代码列表,2026-08-01T19:29:01+08:00
603173,SH,东方财富行情中心代码列表,2026-08-01T19:29:01+08:00
601188,SH,东方财富行情中心代码列表,2026-08-01T19:29:01+08:00
000995,SZ,东方财富行情中心代码列表,2026-08-01T19:29:01+08:00
603111,SH,东方财富行情中心代码列表,2026-08-01T19:29:01+08:00
000045,SZ,东方财富行情中心代码列表,2026-08-01T19:29:01+08:00
000026,SZ,东方财富行情中心代码列表,2026-08-01T19:29:01+08:00
301667,SZ,东方财富行情中心代码列表,2026-08-01T19:29:01+08:00
300755,SZ,东方财富行情中心代码列表,2026-08-01T19:29:01+08:00
002033,SZ,东方财富行情中心代码列表,2026-08-01T19:29:01+08:00
300259,SZ,东方财富行情中心代码列表,2026-08-01T19:29:01+08:00
301335,SZ,东方财富行情中心代码列表,2026-08-01T19:29:01+08:00
000530,SZ,东方财富行情中心代码列表,2026-08-01T19:29:01+08:00
300769,SZ,东方财富行情中心代码列表,2026-08-01T19:29:01+08:00
002521,SZ,东方财富行情中心代码列表,2026-08-01T19:29:01+08:00
000655,SZ,东方财富行情中心代码列表,2026-08-01T19:29:01+08:00
688432,SH,东方财富行情中心代码列表,2026-08-01T19:29:01+08:00
600876,SH,东方财富行情中心代码列表,2026-08-01T19:29:01+08:00
001338,SZ,东方财富行情中心代码列表,2026-08-01T19:29:01+08:00
603180,SH,东方财富行情中心代码列表,2026-08-01T19:29:01+08:00
601669,SH,东方财富行情中心代码列表,2026-08-01T19:29:01+08:00
600479,SH,东方财富行情中心代码列表,2026-08-01T19:29:01+08:00
002556,SZ,东方财富行情中心代码列表,2026-08-01T19:29:01+08:00
600796,SH,东方财富行情中心代码列表,2026-08-01T19:29:01+08:00
002154,SZ,东方财富行情中心代码列表,2026-08-01T19:29:01+08:00
600975,SH,东方财富行情中心代码列表,2026-08-01T19:29:01+08:00
600613,SH,东方财富行情中心代码列表,2026-08-01T19:29:01+08:00
002106,SZ,东方财富行情中心代码列表,2026-08-01T19:29:01+08:00
301268,SZ,东方财富行情中心代码列表,2026-08-01T19:29:01+08:00
000408,SZ,东方财富行情中心代码列表,2026-08-01T19:29:01+08:00
600610,SH,东方财富行情中心代码列表,2026-08-01T19:29:01+08:00
605266,SH,东方财富行情中心代码列表,2026-08-01T19:29:01+08:00
603271,SH,东方财富行情中心代码列表,2026-08-01T19:29:01+08:00
600645,SH,东方财富行情中心代码列表,2026-08-01T19:29:01+08:00
605169,SH,东方财富行情中心代码列表,2026-08-01T19:29:01+08:00
002298,SZ,东方财富行情中心代码列表,2026-08-01T19:29:01+08:00
688275,SH,东方财富行情中心代码列表,2026-08-01T19:29:01+08:00
605399,SH,东方财富行情中心代码列表,2026-08-01T19:29:01+08:00
000798,SZ,东方财富行情中心代码列表,2026-08-01T19:29:01+08:00
002163,SZ,东方财富行情中心代码列表,2026-08-01T19:29:01+08:00
603668,SH,东方财富行情中心代码列表,2026-08-01T19:29:01+08:00
688282,SH,东方财富行情中心代码列表,2026-08-01T19:29:01+08:00
605077,SH,东方财富行情中心代码列表,2026-08-01T19:29:01+08:00
300705,SZ,东方财富行情中心代码列表,2026-08-01T19:29:01+08:00
002666,SZ,东方财富行情中心代码列表,2026-08-01T19:29:01+08:00
600733,SH,东方财富行情中心代码列表,2026-08-01T19:29:01+08:00
603435,SH,东方财富行情中心代码列表,2026-08-01T19:29:01+08:00
605009,SH,东方财富行情中心代码列表,2026-08-01T19:29:01+08:00
600446,SH,东方财富行情中心代码列表,2026-08-01T19:29:01+08:00
603317,SH,东方财富行情中心代码列表,2026-08-01T19:29:01+08:00
000739,SZ,东方财富行情中心代码列表,2026-08-01T19:29:01+08:00
300368,SZ,东方财富行情中心代码列表,2026-08-01T19:29:01+08:00
300468,SZ,东方财富行情中心代码列表,2026-08-01T19:29:01+08:00
300224,SZ,东方财富行情中心代码列表,2026-08-01T19:29:01+08:00
601969,SH,东方财富行情中心代码列表,2026-08-01T19:29:01+08:00
600261,SH,东方财富行情中心代码列表,2026-08-01T19:29:01+08:00
300127,SZ,东方财富行情中心代码列表,2026-08-01T19:29:01+08:00
002688,SZ,东方财富行情中心代码列表,2026-08-01T19:29:01+08:00
600579,SH,东方财富行情中心代码列表,2026-08-01T19:29:01+08:00
002385,SZ,东方财富行情中心代码列表,2026-08-01T19:29:01+08:00
603811,SH,东方财富行情中心代码列表,2026-08-01T19:29:01+08:00
603938,SH,东方财富行情中心代码列表,2026-08-01T19:29:01+08:00
301206,SZ,东方财富行情中心代码列表,2026-08-01T19:29:01+08:00
603515,SH,东方财富行情中心代码列表,2026-08-01T19:29:01+08:00
605050,SH,东方财富行情中心代码列表,2026-08-01T19:29:01+08:00
301508,SZ,东方财富行情中心代码列表,2026-08-01T19:29:01+08:00
000615,SZ,东方财富行情中心代码列表,2026-08-01T19:29:01+08:00
001229,SZ,东方财富行情中心代码列表,2026-08-01T19:29:01+08:00
603225,SH,东方财富行情中心代码列表,2026-08-01T19:29:01+08:00
300855,SZ,东方财富行情中心代码列表,2026-08-01T19:29:01+08:00
300618,SZ,东方财富行情中心代码列表,2026-08-01T19:29:01+08:00
601106,SH,东方财富行情中心代码列表,2026-08-01T19:29:01+08:00
002996,SZ,东方财富行情中心代码列表,2026-08-01T19:29:01+08:00
603333,SH,东方财富行情中心代码列表,2026-08-01T19:29:01+08:00
601388,SH,东方财富行情中心代码列表,2026-08-01T19:29:01+08:00
000501,SZ,东方财富行情中心代码列表,2026-08-01T19:29:01+08:00
002381,SZ,东方财富行情中心代码列表,2026-08-01T19:29:01+08:00
603628,SH,东方财富行情中心代码列表,2026-08-01T19:29:01+08:00
600099,SH,东方财富行情中心代码列表,2026-08-01T19:29:01+08:00
300595,SZ,东方财富行情中心代码列表,2026-08-01T19:29:01+08:00
603609,SH,东方财富行情中心代码列表,2026-08-01T19:29:01+08:00
603596,SH,东方财富行情中心代码列表,2026-08-01T19:29:01+08:00
603089,SH,东方财富行情中心代码列表,2026-08-01T19:29:01+08:00
601279,SH,东方财富行情中心代码列表,2026-08-01T19:29:01+08:00
001393,SZ,东方财富行情中心代码列表,2026-08-01T19:29:01+08:00
000735,SZ,东方财富行情中心代码列表,2026-08-01T19:29:01+08:00
002314,SZ,东方财富行情中心代码列表,2026-08-01T19:29:01+08:00
300927,SZ,东方财富行情中心代码列表,2026-08-01T19:29:01+08:00
002105,SZ,东方财富行情中心代码列表,2026-08-01T19:29:01+08:00
001311,SZ,东方财富行情中心代码列表,2026-08-01T19:29:01+08:00
002172,SZ,东方财富行情中心代码列表,2026-08-01T19:29:01+08:00
002859,SZ,东方财富行情中心代码列表,2026-08-01T19:29:01+08:00
002608,SZ,东方财富行情中心代码列表,2026-08-01T19:29:01+08:00
000426,SZ,东方财富行情中心代码列表,2026-08-01T19:29:01+08:00
600197,SH,东方财富行情中心代码列表,2026-08-01T19:29:01+08:00
002977,SZ,东方财富行情中心代码列表,2026-08-01T19:29:01+08:00
600586,SH,东方财富行情中心代码列表,2026-08-01T19:29:01+08:00
688396,SH,东方财富行情中心代码列表,2026-08-01T19:29:01+08:00
688602,SH,东方财富行情中心代码列表,2026-08-01T19:29:01+08:00
600771,SH,东方财富行情中心代码列表,2026-08-01T19:29:01+08:00
000516,SZ,东方财富行情中心代码列表,2026-08-01T19:29:01+08:00
002053,SZ,东方财富行情中心代码列表,2026-08-01T19:29:01+08:00
600527,SH,东方财富行情中心代码列表,2026-08-01T19:29:01+08:00
300467,SZ,东方财富行情中心代码列表,2026-08-01T19:29:01+08:00
603613,SH,东方财富行情中心代码列表,2026-08-01T19:29:01+08:00
002893,SZ,东方财富行情中心代码列表,2026-08-01T19:29:01+08:00
603615,SH,东方财富行情中心代码列表,2026-08-01T19:29:01+08:00
600798,SH,东方财富行情中心代码列表,2026-08-01T19:29:01+08:00
002573,SZ,东方财富行情中心代码列表,2026-08-01T19:29:01+08:00
601890,SH,东方财富行情中心代码列表,2026-08-01T19:29:01+08:00
600865,SH,东方财富行情中心代码列表,2026-08-01T19:29:01+08:00
002637,SZ,东方财富行情中心代码列表,2026-08-01T19:29:01+08:00
002189,SZ,东方财富行情中心代码列表,2026-08-01T19:29:01+08:00
600351,SH,东方财富行情中心代码列表,2026-08-01T19:29:01+08:00
601949,SH,东方财富行情中心代码列表,2026-08-01T19:29:01+08:00
603787,SH,东方财富行情中心代码列表,2026-08-01T19:29:01+08:00
601015,SH,东方财富行情中心代码列表,2026-08-01T19:29:01+08:00
301370,SZ,东方财富行情中心代码列表,2026-08-01T19:29:01+08:00
605020,SH,东方财富行情中心代码列表,2026-08-01T19:29:01+08:00
600463,SH,东方财富行情中心代码列表,2026-08-01T19:29:01+08:00
002661,SZ,东方财富行情中心代码列表,2026-08-01T19:29:01+08:00
600790,SH,东方财富行情中心代码列表,2026-08-01T19:29:01+08:00
600509,SH,东方财富行情中心代码列表,2026-08-01T19:29:01+08:00
688212,SH,东方财富行情中心代码列表,2026-08-01T19:29:01+08:00
000972,SZ,东方财富行情中心代码列表,2026-08-01T19:29:01+08:00
688389,SH,东方财富行情中心代码列表,2026-08-01T19:29:01+08:00
601609,SH,东方财富行情中心代码列表,2026-08-01T19:29:01+08:00
688366,SH,东方财富行情中心代码列表,2026-08-01T19:29:01+08:00
300416,SZ,东方财富行情中心代码列表,2026-08-01T19:29:01+08:00
002393,SZ,东方财富行情中心代码列表,2026-08-01T19:29:01+08:00
603380,SH,东方财富行情中心代码列表,2026-08-01T19:29:01+08:00
301522,SZ,东方财富行情中心代码列表,2026-08-01T19:29:01+08:00
000813,SZ,东方财富行情中心代码列表,2026-08-01T19:29:01+08:00
002852,SZ,东方财富行情中心代码列表,2026-08-01T19:29:01+08:00
600089,SH,东方财富行情中心代码列表,2026-08-01T19:29:01+08:00
002906,SZ,东方财富行情中心代码列表,2026-08-01T19:29:01+08:00
603072,SH,东方财富行情中心代码列表,2026-08-01T19:29:01+08:00
300452,SZ,东方财富行情中心代码列表,2026-08-01T19:29:01+08:00
601828,SH,东方财富行情中心代码列表,2026-08-01T19:29:01+08:00
000031,SZ,东方财富行情中心代码列表,2026-08-01T19:29:01+08:00
688789,SH,东方财富行情中心代码列表,2026-08-01T19:29:01+08:00
600716,SH,东方财富行情中心代码列表,2026-08-01T19:29:01+08:00
300641,SZ,东方财富行情中心代码列表,2026-08-01T19:29:01+08:00
603989,SH,东方财富行情中心代码列表,2026-08-01T19:29:01+08:00
300891,SZ,东方财富行情中心代码列表,2026-08-01T19:29:01+08:00
001238,SZ,东方财富行情中心代码列表,2026-08-01T19:29:01+08:00
688056,SH,东方财富行情中心代码列表,2026-08-01T19:29:01+08:00
603207,SH,东方财富行情中心代码列表,2026-08-01T19:29:01+08:00
000975,SZ,东方财富行情中心代码列表,2026-08-01T19:29:01+08:00
002999,SZ,东方财富行情中心代码列表,2026-08-01T19:29:01+08:00
688469,SH,东方财富行情中心代码列表,2026-08-01T19:29:01+08:00
600707,SH,东方财富行情中心代码列表,2026-08-01T19:29:01+08:00
300384,SZ,东方财富行情中心代码列表,2026-08-01T19:29:01+08:00
000505,SZ,东方财富行情中心代码列表,2026-08-01T19:29:01+08:00
000565,SZ,东方财富行情中心代码列表,2026-08-01T19:29:01+08:00
601865,SH,东方财富行情中心代码列表,2026-08-01T19:29:01+08:00
000619,SZ,东方财富行情中心代码列表,2026-08-01T19:29:01+08:00
300059,SZ,东方财富行情中心代码列表,2026-08-01T19:29:01+08:00
002213,SZ,东方财富行情中心代码列表,2026-08-01T19:29:01+08:00
000987,SZ,东方财富行情中心代码列表,2026-08-01T19:29:01+08:00
002140,SZ,东方财富行情中心代码列表,2026-08-01T19:29:01+08:00
002722,SZ,东方财富行情中心代码列表,2026-08-01T19:29:01+08:00
600137,SH,东方财富行情中心代码列表,2026-08-01T19:29:01+08:00
603858,SH,东方财富行情中心代码列表,2026-08-01T19:29:01+08:00
300699,SZ,东方财富行情中心代码列表,2026-08-01T19:29:01+08:00
603806,SH,东方财富行情中心代码列表,2026-08-01T19:29:01+08:00
600039,SH,东方财富行情中心代码列表,2026-08-01T19:29:01+08:00
301439,SZ,东方财富行情中心代码列表,2026-08-01T19:29:01+08:00
300823,SZ,东方财富行情中心代码列表,2026-08-01T19:29:01+08:00
002441,SZ,东方财富行情中心代码列表,2026-08-01T19:29:01+08:00
301662,SZ,东方财富行情中心代码列表,2026-08-01T19:29:01+08:00
688093,SH,东方财富行情中心代码列表,2026-08-01T19:29:01+08:00
601968,SH,东方财富行情中心代码列表,2026-08-01T19:29:01+08:00
603218,SH,东方财富行情中心代码列表,2026-08-01T19:29:01+08:00
600662,SH,东方财富行情中心代码列表,2026-08-01T19:29:01+08:00
601113,SH,东方财富行情中心代码列表,2026-08-01T19:29:01+08:00
000831,SZ,东方财富行情中心代码列表,2026-08-01T19:29:01+08:00
300092,SZ,东方财富行情中心代码列表,2026-08-01T19:29:01+08:00
300601,SZ,东方财富行情中心代码列表,2026-08-01T19:29:01+08:00
000921,SZ,东方财富行情中心代码列表,2026-08-01T19:29:01+08:00
600860,SH,东方财富行情中心代码列表,2026-08-01T19:29:01+08:00
002672,SZ,东方财富行情中心代码列表,2026-08-01T19:29:01+08:00
603590,SH,东方财富行情中心代码列表,2026-08-01T19:29:01+08:00
600935,SH,东方财富行情中心代码列表,2026-08-01T19:29:01+08:00
605089,SH,东方财富行情中心代码列表,2026-08-01T19:29:01+08:00
002586,SZ,东方财富行情中心代码列表,2026-08-01T19:29:01+08:00
002424,SZ,东方财富行情中心代码列表,2026-08-01T19:29:01+08:00
002266,SZ,东方财富行情中心代码列表,2026-08-01T19:29:01+08:00
600333,SH,东方财富行情中心代码列表,2026-08-01T19:29:01+08:00
600383,SH,东方财富行情中心代码列表,2026-08-01T19:29:01+08:00
301037,SZ,东方财富行情中心代码列表,2026-08-01T19:29:01+08:00
301565,SZ,东方财富行情中心代码列表,2026-08-01T19:29:01+08:00
002282,SZ,东方财富行情中心代码列表,2026-08-01T19:29:01+08:00
002145,SZ,东方财富行情中心代码列表,2026-08-01T19:29:01+08:00
600487,SH,东方财富行情中心代码列表,2026-08-01T19:29:01+08:00
300685,SZ,东方财富行情中心代码列表,2026-08-01T19:29:01+08:00
300124,SZ,东方财富行情中心代码列表,2026-08-01T19:29:01+08:00
600159,SH,东方财富行情中心代码列表,2026-08-01T19:29:01+08:00
300387,SZ,东方财富行情中心代码列表,2026-08-01T19:29:01+08:00
603889,SH,东方财富行情中心代码列表,2026-08-01T19:29:01+08:00
002537,SZ,东方财富行情中心代码列表,2026-08-01T19:29:01+08:00
002880,SZ,东方财富行情中心代码列表,2026-08-01T19:29:01+08:00
000531,SZ,东方财富行情中心代码列表,2026-08-01T19:29:01+08:00
002375,SZ,东方财富行情中心代码列表,2026-08-01T19:29:01+08:00
002752,SZ,东方财富行情中心代码列表,2026-08-01T19:29:01+08:00
000761,SZ,东方财富行情中心代码列表,2026-08-01T19:29:01+08:00
300340,SZ,东方财富行情中心代码列表,2026-08-01T19:29:01+08:00
000755,SZ,东方财富行情中心代码列表,2026-08-01T19:29:01+08:00
000978,SZ,东方财富行情中心代码列表,2026-08-01T19:29:01+08:00
603650,SH,东方财富行情中心代码列表,2026-08-01T19:29:01+08:00
601956,SH,东方财富行情中心代码列表,2026-08-01T19:29:01+08:00
600354,SH,东方财富行情中心代码列表,2026-08-01T19:29:01+08:00
300573,SZ,东方财富行情中心代码列表,2026-08-01T19:29:01+08:00
300671,SZ,东方财富行情中心代码列表,2026-08-01T19:29:01+08:00
603117,SH,东方财富行情中心代码列表,2026-08-01T19:29:01+08:00
603878,SH,东方财富行情中心代码列表,2026-08-01T19:29:01+08:00
603077,SH,东方财富行情中心代码列表,2026-08-01T19:29:01+08:00
600170,SH,东方财富行情中心代码列表,2026-08-01T19:29:01+08:00
000008,SZ,东方财富行情中心代码列表,2026-08-01T19:29:01+08:00
002462,SZ,东方财富行情中心代码列表,2026-08-01T19:29:01+08:00
300428,SZ,东方财富行情中心代码列表,2026-08-01T19:29:01+08:00
000715,SZ,东方财富行情中心代码列表,2026-08-01T19:29:01+08:00
688475,SH,东方财富行情中心代码列表,2026-08-01T19:29:01+08:00
002986,SZ,东方财富行情中心代码列表,2026-08-01T19:29:01+08:00
002855,SZ,东方财富行情中心代码列表,2026-08-01T19:29:01+08:00
300474,SZ,东方财富行情中心代码列表,2026-08-01T19:29:01+08:00
688248,SH,东方财富行情中心代码列表,2026-08-01T19:29:01+08:00
605319,SH,东方财富行情中心代码列表,2026-08-01T19:29:01+08:00
000682,SZ,东方财富行情中心代码列表,2026-08-01T19:29:01+08:00
001248,SZ,东方财富行情中心代码列表,2026-08-01T19:29:01+08:00
002658,SZ,东方财富行情中心代码列表,2026-08-01T19:29:01+08:00
000723,SZ,东方财富行情中心代码列表,2026-08-01T19:29:01+08:00
002010,SZ,东方财富行情中心代码列表,2026-08-01T19:29:01+08:00
603368,SH,东方财富行情中心代码列表,2026-08-01T19:29:01+08:00
600834,SH,东方财富行情中心代码列表,2026-08-01T19:29:01+08:00
600668,SH,东方财富行情中心代码列表,2026-08-01T19:29:01+08:00
600784,SH,东方财富行情中心代码列表,2026-08-01T19:29:01+08:00
300908,SZ,东方财富行情中心代码列表,2026-08-01T19:29:01+08:00
688334,SH,东方财富行情中心代码列表,2026-08-01T19:29:01+08:00
603209,SH,东方财富行情中心代码列表,2026-08-01T19:29:01+08:00
300745,SZ,东方财富行情中心代码列表,2026-08-01T19:29:01+08:00
600917,SH,东方财富行情中心代码列表,2026-08-01T19:29:01+08:00
002961,SZ,东方财富行情中心代码列表,2026-08-01T19:29:01+08:00
600312,SH,东方财富行情中心代码列表,2026-08-01T19:29:01+08:00
002125,SZ,东方财富行情中心代码列表,2026-08-01T19:29:01+08:00
300194,SZ,东方财富行情中心代码列表,2026-08-01T19:29:01+08:00
688981,SH,东方财富行情中心代码列表,2026-08-01T19:29:01+08:00
688513,SH,东方财富行情中心代码列表,2026-08-01T19:29:01+08:00
600764,SH,东方财富行情中心代码列表,2026-08-01T19:29:01+08:00
688560,SH,东方财富行情中心代码列表,2026-08-01T19:29:01+08:00
002540,SZ,东方财富行情中心代码列表,2026-08-01T19:29:01+08:00
300141,SZ,东方财富行情中心代码列表,2026-08-01T19:29:01+08:00
600391,SH,东方财富行情中心代码列表,2026-08-01T19:29:01+08:00
600510,SH,东方财富行情中心代码列表,2026-08-01T19:29:01+08:00
002344,SZ,东方财富行情中心代码列表,2026-08-01T19:29:01+08:00
002868,SZ,东方财富行情中心代码列表,2026-08-01T19:29:01+08:00
688278,SH,东方财富行情中心代码列表,2026-08-01T19:29:01+08:00
000828,SZ,东方财富行情中心代码列表,2026-08-01T19:29:01+08:00
002165,SZ,东方财富行情中心代码列表,2026-08-01T19:29:01+08:00
002022,SZ,东方财富行情中心代码列表,2026-08-01T19:29:01+08:00
600909,SH,东方财富行情中心代码列表,2026-08-01T19:29:01+08:00
600325,SH,东方财富行情中心代码列表,2026-08-01T19:29:01+08:00
002641,SZ,东方财富行情中心代码列表,2026-08-01T19:29:01+08:00
000881,SZ,东方财富行情中心代码列表,2026-08-01T19:29:01+08:00
300833,SZ,东方财富行情中心代码列表,2026-08-01T19:29:01+08:00
603786,SH,东方财富行情中心代码列表,2026-08-01T19:29:01+08:00
002644,SZ,东方财富行情中心代码列表,2026-08-01T19:29:01+08:00
301173,SZ,东方财富行情中心代码列表,2026-08-01T19:29:01+08:00
002426,SZ,东方财富行情中心代码列表,2026-08-01T19:29:01+08:00
000802,SZ,东方财富行情中心代码列表,2026-08-01T19:29:01+08:00
605338,SH,东方财富行情中心代码列表,2026-08-01T19:29:01+08:00
603990,SH,东方财富行情中心代码列表,2026-08-01T19:29:01+08:00
688299,SH,东方财富行情中心代码列表,2026-08-01T19:29:01+08:00
603931,SH,东方财富行情中心代码列表,2026-08-01T19:29:01+08:00
000915,SZ,东方财富行情中心代码列表,2026-08-01T19:29:01+08:00
688623,SH,东方财富行情中心代码列表,2026-08-01T19:29:01+08:00
301265,SZ,东方财富行情中心代码列表,2026-08-01T19:29:01+08:00
605099,SH,东方财富行情中心代码列表,2026-08-01T19:29:01+08:00
600763,SH,东方财富行情中心代码列表,2026-08-01T19:29:01+08:00
601899,SH,东方财富行情中心代码列表,2026-08-01T19:29:01+08:00
002942,SZ,东方财富行情中心代码列表,2026-08-01T19:29:01+08:00
600875,SH,东方财富行情中心代码列表,2026-08-01T19:29:01+08:00
600894,SH,东方财富行情中心代码列表,2026-08-01T19:29:01+08:00
688076,SH,东方财富行情中心代码列表,2026-08-01T19:29:01+08:00
000058,SZ,东方财富行情中心代码列表,2026-08-01T19:29:01+08:00
000532,SZ,东方财富行情中心代码列表,2026-08-01T19:29:01+08:00
603248,SH,东方财富行情中心代码列表,2026-08-01T19:29:01+08:00
000776,SZ,东方财富行情中心代码列表,2026-08-01T19:29:01+08:00
600567,SH,东方财富行情中心代码列表,2026-08-01T19:29:01+08:00
300110,SZ,东方财富行情中心代码列表,2026-08-01T19:29:01+08:00
002479,SZ,东方财富行情中心代码列表,2026-08-01T19:29:01+08:00
603260,SH,东方财富行情中心代码列表,2026-08-01T19:29:01+08:00
601500,SH,东方财富行情中心代码列表,2026-08-01T19:29:01+08:00
688277,SH,东方财富行情中心代码列表,2026-08-01T19:29:01+08:00
300617,SZ,东方财富行情中心代码列表,2026-08-01T19:29:01+08:00
603995,SH,东方财富行情中心代码列表,2026-08-01T19:29:01+08:00
600405,SH,东方财富行情中心代码列表,2026-08-01T19:29:01+08:00
000042,SZ,东方财富行情中心代码列表,2026-08-01T19:29:01+08:00
600375,SH,东方财富行情中心代码列表,2026-08-01T19:29:01+08:00
603959,SH,东方财富行情中心代码列表,2026-08-01T19:29:01+08:00
600518,SH,东方财富行情中心代码列表,2026-08-01T19:29:01+08:00
300094,SZ,东方财富行情中心代码列表,2026-08-01T19:29:01+08:00
300677,SZ,东方财富行情中心代码列表,2026-08-01T19:29:01+08:00
002111,SZ,东方财富行情中心代码列表,2026-08-01T19:29:01+08:00
600757,SH,东方财富行情中心代码列表,2026-08-01T19:29:01+08:00
002832,SZ,东方财富行情中心代码列表,2026-08-01T19:29:01+08:00
002184,SZ,东方财富行情中心代码列表,2026-08-01T19:29:01+08:00
603499,SH,东方财富行情中心代码列表,2026-08-01T19:29:01+08:00
300169,SZ,东方财富行情中心代码列表,2026-08-01T19:29:01+08:00
600266,SH,东方财富行情中心代码列表,2026-08-01T19:29:01+08:00
002807,SZ,东方财富行情中心代码列表,2026-08-01T19:29:01+08:00
301168,SZ,东方财富行情中心代码列表,2026-08-01T19:29:01+08:00
600127,SH,东方财富行情中心代码列表,2026-08-01T19:29:01+08:00
000862,SZ,东方财富行情中心代码列表,2026-08-01T19:29:01+08:00
000626,SZ,东方财富行情中心代码列表,2026-08-01T19:29:01+08:00
600639,SH,东方财富行情中心代码列表,2026-08-01T19:29:01+08:00
600777,SH,东方财富行情中心代码列表,2026-08-01T19:29:01+08:00
600250,SH,东方财富行情中心代码列表,2026-08-01T19:29:01+08:00
600399,SH,东方财富行情中心代码列表,2026-08-01T19:29:01+08:00
002414,SZ,东方财富行情中心代码列表,2026-08-01T19:29:01+08:00
002481,SZ,东方财富行情中心代码列表,2026-08-01T19:29:01+08:00
301047,SZ,东方财富行情中心代码列表,2026-08-01T19:29:01+08:00
000768,SZ,东方财富行情中心代码列表,2026-08-01T19:29:01+08:00
300185,SZ,东方财富行情中心代码列表,2026-08-01T19:29:01+08:00
002116,SZ,东方财富行情中心代码列表,2026-08-01T19:29:01+08:00
603377,SH,东方财富行情中心代码列表,2026-08-01T19:29:01+08:00
600930,SH,东方财富行情中心代码列表,2026-08-01T19:29:01+08:00
600665,SH,东方财富行情中心代码列表,2026-08-01T19:29:01+08:00
002593,SZ,东方财富行情中心代码列表,2026-08-01T19:29:01+08:00
688621,SH,东方财富行情中心代码列表,2026-08-01T19:29:01+08:00
603407,SH,东方财富行情中心代码列表,2026-08-01T19:29:01+08:00
000777,SZ,东方财富行情中心代码列表,2026-08-01T19:29:01+08:00
688563,SH,东方财富行情中心代码列表,2026-08-01T19:29:01+08:00
601083,SH,东方财富行情中心代码列表,2026-08-01T19:29:01+08:00
600692,SH,东方财富行情中心代码列表,2026-08-01T19:29:01+08:00
002034,SZ,东方财富行情中心代码列表,2026-08-01T19:29:01+08:00
000729,SZ,东方财富行情中心代码列表,2026-08-01T19:29:01+08:00
000993,SZ,东方财富行情中心代码列表,2026-08-01T19:29:01+08:00
601222,SH,东方财富行情中心代码列表,2026-08-01T19:29:01+08:00
603508,SH,东方财富行情中心代码列表,2026-08-01T19:29:01+08:00
603801,SH,东方财富行情中心代码列表,2026-08-01T19:29:01+08:00
301301,SZ,东方财富行情中心代码列表,2026-08-01T19:29:01+08:00
002564,SZ,东方财富行情中心代码列表,2026-08-01T19:29:01+08:00
002745,SZ,东方财富行情中心代码列表,2026-08-01T19:29:01+08:00
000731,SZ,东方财富行情中心代码列表,2026-08-01T19:29:01+08:00
603987,SH,东方财富行情中心代码列表,2026-08-01T19:29:01+08:00
002157,SZ,东方财富行情中心代码列表,2026-08-01T19:29:01+08:00
601921,SH,东方财富行情中心代码列表,2026-08-01T19:29:01+08:00
601336,SH,东方财富行情中心代码列表,2026-08-01T19:29:01+08:00
688005,SH,东方财富行情中心代码列表,2026-08-01T19:29:01+08:00
600927,SH,东方财富行情中心代码列表,2026-08-01T19:29:01+08:00
600755,SH,东方财富行情中心代码列表,2026-08-01T19:29:01+08:00
300179,SZ,东方财富行情中心代码列表,2026-08-01T19:29:01+08:00
002004,SZ,东方财富行情中心代码列表,2026-08-01T19:29:01+08:00
002879,SZ,东方财富行情中心代码列表,2026-08-01T19:29:01+08:00
002351,SZ,东方财富行情中心代码列表,2026-08-01T19:29:01+08:00
300497,SZ,东方财富行情中心代码列表,2026-08-01T19:29:01+08:00
002390,SZ,东方财富行情中心代码列表,2026-08-01T19:29:01+08:00
688586,SH,东方财富行情中心代码列表,2026-08-01T19:29:01+08:00
601900,SH,东方财富行情中心代码列表,2026-08-01T19:29:01+08:00
002374,SZ,东方财富行情中心代码列表,2026-08-01T19:29:01+08:00
603693,SH,东方财富行情中心代码列表,2026-08-01T19:29:01+08:00
603928,SH,东方财富行情中心代码列表,2026-08-01T19:29:01+08:00
002085,SZ,东方财富行情中心代码列表,2026-08-01T19:29:01+08:00
603191,SH,东方财富行情中心代码列表,2026-08-01T19:29:01+08:00
601068,SH,东方财富行情中心代码列表,2026-08-01T19:29:01+08:00
600628,SH,东方财富行情中心代码列表,2026-08-01T19:29:01+08:00
300171,SZ,东方财富行情中心代码列表,2026-08-01T19:29:01+08:00
000019,SZ,东方财富行情中心代码列表,2026-08-01T19:29:01+08:00
603611,SH,东方财富行情中心代码列表,2026-08-01T19:29:01+08:00
601908,SH,东方财富行情中心代码列表,2026-08-01T19:29:01+08:00
000629,SZ,东方财富行情中心代码列表,2026-08-01T19:29:01+08:00
601619,SH,东方财富行情中心代码列表,2026-08-01T19:29:01+08:00
600217,SH,东方财富行情中心代码列表,2026-08-01T19:29:01+08:00
000065,SZ,东方财富行情中心代码列表,2026-08-01T19:29:01+08:00
600753,SH,东方财富行情中心代码列表,2026-08-01T19:29:01+08:00
301219,SZ,东方财富行情中心代码列表,2026-08-01T19:29:01+08:00
002528,SZ,东方财富行情中心代码列表,2026-08-01T19:29:01+08:00
600794,SH,东方财富行情中心代码列表,2026-08-01T19:29:01+08:00
300225,SZ,东方财富行情中心代码列表,2026-08-01T19:29:01+08:00
000902,SZ,东方财富行情中心代码列表,2026-08-01T19:29:01+08:00
000922,SZ,东方财富行情中心代码列表,2026-08-01T19:29:01+08:00
603079,SH,东方财富行情中心代码列表,2026-08-01T19:29:01+08:00
000716,SZ,东方财富行情中心代码列表,2026-08-01T19:29:01+08:00
600258,SH,东方财富行情中心代码列表,2026-08-01T19:29:01+08:00
300022,SZ,东方财富行情中心代码列表,2026-08-01T19:29:01+08:00
002697,SZ,东方财富行情中心代码列表,2026-08-01T19:29:01+08:00
603299,SH,东方财富行情中心代码列表,2026-08-01T19:29:01+08:00
000965,SZ,东方财富行情中心代码列表,2026-08-01T19:29:01+08:00
600511,SH,东方财富行情中心代码列表,2026-08-01T19:29:01+08:00
600292,SH,东方财富行情中心代码列表,2026-08-01T19:29:01+08:00
002837,SZ,东方财富行情中心代码列表,2026-08-01T19:29:01+08:00
000661,SZ,东方财富行情中心代码列表,2026-08-01T19:29:01+08:00
600268,SH,东方财富行情中心代码列表,2026-08-01T19:29:01+08:00
300801,SZ,东方财富行情中心代码列表,2026-08-01T19:29:01+08:00
002613,SZ,东方财富行情中心代码列表,2026-08-01T19:29:01+08:00
000860,SZ,东方财富行情中心代码列表,2026-08-01T19:29:01+08:00
603883,SH,东方财富行情中心代码列表,2026-08-01T19:29:01+08:00
603505,SH,东方财富行情中心代码列表,2026-08-01T19:29:01+08:00
688676,SH,东方财富行情中心代码列表,2026-08-01T19:29:01+08:00
605337,SH,东方财富行情中心代码列表,2026-08-01T19:29:01+08:00
603848,SH,东方财富行情中心代码列表,2026-08-01T19:29:01+08:00
600980,SH,东方财富行情中心代码列表,2026-08-01T19:29:01+08:00
688110,SH,东方财富行情中心代码列表,2026-08-01T19:29:01+08:00
600308,SH,东方财富行情中心代码列表,2026-08-01T19:29:01+08:00
688459,SH,东方财富行情中心代码列表,2026-08-01T19:29:01+08:00
688409,SH,东方财富行情中心代码列表,2026-08-01T19:29:01+08:00
301090,SZ,东方财富行情中心代码列表,2026-08-01T19:29:01+08:00
002176,SZ,东方财富行情中心代码列表,2026-08-01T19:29:01+08:00
002797,SZ,东方财富行情中心代码列表,2026-08-01T19:29:01+08:00
603315,SH,东方财富行情中心代码列表,2026-08-01T19:29:01+08:00
600822,SH,东方财富行情中心代码列表,2026-08-01T19:29:01+08:00
600609,SH,东方财富行情中心代码列表,2026-08-01T19:29:01+08:00
001289,SZ,东方财富行情中心代码列表,2026-08-01T19:29:01+08:00
003016,SZ,东方财富行情中心代码列表,2026-08-01T19:29:01+08:00
601966,SH,东方财富行情中心代码列表,2026-08-01T19:29:01+08:00
600653,SH,东方财富行情中心代码列表,2026-08-01T19:29:01+08:00
600081,SH,东方财富行情中心代码列表,2026-08-01T19:29:01+08:00
601399,SH,东方财富行情中心代码列表,2026-08-01T19:29:01+08:00
688016,SH,东方财富行情中心代码列表,2026-08-01T19:29:01+08:00
000541,SZ,东方财富行情中心代码列表,2026-08-01T19:29:01+08:00
601112,SH,东方财富行情中心代码列表,2026-08-01T19:29:01+08:00
300636,SZ,东方财富行情中心代码列表,2026-08-01T19:29:01+08:00
300301,SZ,东方财富行情中心代码列表,2026-08-01T19:29:01+08:00
300026,SZ,东方财富行情中心代码列表,2026-08-01T19:29:01+08:00
601607,SH,东方财富行情中心代码列表,2026-08-01T19:29:01+08:00
301022,SZ,东方财富行情中心代码列表,2026-08-01T19:29:01+08:00
688349,SH,东方财富行情中心代码列表,2026-08-01T19:29:01+08:00
600713,SH,东方财富行情中心代码列表,2026-08-01T19:29:01+08:00
301656,SZ,东方财富行情中心代码列表,2026-08-01T19:29:01+08:00
605368,SH,东方财富行情中心代码列表,2026-08-01T19:29:01+08:00
300892,SZ,东方财富行情中心代码列表,2026-08-01T19:29:01+08:00
600339,SH,东方财富行情中心代码列表,2026-08-01T19:29:01+08:00
000498,SZ,东方财富行情中心代码列表,2026-08-01T19:29:01+08:00
688289,SH,东方财富行情中心代码列表,2026-08-01T19:29:01+08:00
002625,SZ,东方财富行情中心代码列表,2026-08-01T19:29:01+08:00
688325,SH,东方财富行情中心代码列表,2026-08-01T19:29:01+08:00
600425,SH,东方财富行情中心代码列表,2026-08-01T19:29:01+08:00
688710,SH,东方财富行情中心代码列表,2026-08-01T19:29:01+08:00
301683,SZ,东方财富行情中心代码列表,2026-08-01T19:29:01+08:00
600859,SH,东方财富行情中心代码列表,2026-08-01T19:29:01+08:00
688433,SH,东方财富行情中心代码列表,2026-08-01T19:29:01+08:00
000897,SZ,东方财富行情中心代码列表,2026-08-01T19:29:01+08:00
002240,SZ,东方财富行情中心代码列表,2026-08-01T19:29:01+08:00
601611,SH,东方财富行情中心代码列表,2026-08-01T19:29:01+08:00
600035,SH,东方财富行情中心代码列表,2026-08-01T19:29:01+08:00
000652,SZ,东方财富行情中心代码列表,2026-08-01T19:29:01+08:00
601326,SH,东方财富行情中心代码列表,2026-08-01T19:29:01+08:00
002580,SZ,东方财富行情中心代码列表,2026-08-01T19:29:01+08:00
600819,SH,东方财富行情中心代码列表,2026-08-01T19:29:01+08:00
600824,SH,东方财富行情中心代码列表,2026-08-01T19:29:01+08:00
001325,SZ,东方财富行情中心代码列表,2026-08-01T19:29:01+08:00
603565,SH,东方财富行情中心代码列表,2026-08-01T19:29:01+08:00
603759,SH,东方财富行情中心代码列表,2026-08-01T19:29:01+08:00
300012,SZ,东方财富行情中心代码列表,2026-08-01T19:29:01+08:00
002567,SZ,东方财富行情中心代码列表,2026-08-01T19:29:01+08:00
601975,SH,东方财富行情中心代码列表,2026-08-01T19:29:01+08:00
601330,SH,东方财富行情中心代码列表,2026-08-01T19:29:01+08:00
000950,SZ,东方财富行情中心代码列表,2026-08-01T19:29:01+08:00
002039,SZ,东方财富行情中心代码列表,2026-08-01T19:29:01+08:00
603100,SH,东方财富行情中心代码列表,2026-08-01T19:29:01+08:00
001220,SZ,东方财富行情中心代码列表,2026-08-01T19:29:01+08:00
688443,SH,东方财富行情中心代码列表,2026-08-01T19:29:01+08:00
601162,SH,东方财富行情中心代码列表,2026-08-01T19:29:01+08:00
002654,SZ,东方财富行情中心代码列表,2026-08-01T19:29:01+08:00
002512,SZ,东方财富行情中心代码列表,2026-08-01T19:29:01+08:00
600125,SH,东方财富行情中心代码列表,2026-08-01T19:29:01+08:00
600461,SH,东方财富行情中心代码列表,2026-08-01T19:29:01+08:00
600468,SH,东方财富行情中心代码列表,2026-08-01T19:29:01+08:00
002532,SZ,东方财富行情中心代码列表,2026-08-01T19:29:01+08:00
300082,SZ,东方财富行情中心代码列表,2026-08-01T19:29:01+08:00
600352,SH,东方财富行情中心代码列表,2026-08-01T19:29:01+08:00
603013,SH,东方财富行情中心代码列表,2026-08-01T19:29:01+08:00
600846,SH,东方财富行情中心代码列表,2026-08-01T19:29:01+08:00
001228,SZ,东方财富行情中心代码列表,2026-08-01T19:29:01+08:00
600267,SH,东方财富行情中心代码列表,2026-08-01T19:29:01+08:00
000778,SZ,东方财富行情中心代码列表,2026-08-01T19:29:01+08:00
603210,SH,东方财富行情中心代码列表,2026-08-01T19:29:01+08:00
600968,SH,东方财富行情中心代码列表,2026-08-01T19:29:01+08:00
001288,SZ,东方财富行情中心代码列表,2026-08-01T19:29:01+08:00
002440,SZ,东方财富行情中心代码列表,2026-08-01T19:29:01+08:00
603808,SH,东方财富行情中心代码列表,2026-08-01T19:29:01+08:00
601117,SH,东方财富行情中心代码列表,2026-08-01T19:29:01+08:00
603797,SH,东方财富行情中心代码列表,2026-08-01T19:29:01+08:00
000625,SZ,东方财富行情中心代码列表,2026-08-01T19:29:01+08:00
000061,SZ,东方财富行情中心代码列表,2026-08-01T19:29:01+08:00
003039,SZ,东方财富行情中心代码列表,2026-08-01T19:29:01+08:00
688766,SH,东方财富行情中心代码列表,2026-08-01T19:29:01+08:00
002416,SZ,东方财富行情中心代码列表,2026-08-01T19:29:01+08:00
600262,SH,东方财富行情中心代码列表,2026-08-01T19:29:01+08:00
689009,SH,东方财富行情中心代码列表,2026-08-01T19:29:01+08:00
600512,SH,东方财富行情中心代码列表,2026-08-01T19:29:01+08:00
601377,SH,东方财富行情中心代码列表,2026-08-01T19:29:01+08:00
603050,SH,东方财富行情中心代码列表,2026-08-01T19:29:01+08:00
600750,SH,东方财富行情中心代码列表,2026-08-01T19:29:01+08:00
002049,SZ,东方财富行情中心代码列表,2026-08-01T19:29:01+08:00
600873,SH,东方财富行情中心代码列表,2026-08-01T19:29:01+08:00
600169,SH,东方财富行情中心代码列表,2026-08-01T19:29:01+08:00
600619,SH,东方财富行情中心代码列表,2026-08-01T19:29:01+08:00
600623,SH,东方财富行情中心代码列表,2026-08-01T19:29:01+08:00
000099,SZ,东方财富行情中心代码列表,2026-08-01T19:29:01+08:00
605183,SH,东方财富行情中心代码列表,2026-08-01T19:29:01+08:00
002209,SZ,东方财富行情中心代码列表,2026-08-01T19:29:01+08:00
601881,SH,东方财富行情中心代码列表,2026-08-01T19:29:01+08:00
600299,SH,东方财富行情中心代码列表,2026-08-01T19:29:01+08:00
688219,SH,东方财富行情中心代码列表,2026-08-01T19:29:01+08:00
300818,SZ,东方财富行情中心代码列表,2026-08-01T19:29:01+08:00
600210,SH,东方财富行情中心代码列表,2026-08-01T19:29:01+08:00
601788,SH,东方财富行情中心代码列表,2026-08-01T19:29:01+08:00
601156,SH,东方财富行情中心代码列表,2026-08-01T19:29:01+08:00
601186,SH,东方财富行情中心代码列表,2026-08-01T19:29:01+08:00
600906,SH,东方财富行情中心代码列表,2026-08-01T19:29:01+08:00
002332,SZ,东方财富行情中心代码列表,2026-08-01T19:29:01+08:00
600168,SH,东方财富行情中心代码列表,2026-08-01T19:29:01+08:00
603826,SH,东方财富行情中心代码列表,2026-08-01T19:29:01+08:00
603212,SH,东方财富行情中心代码列表,2026-08-01T19:29:01+08:00
600743,SH,东方财富行情中心代码列表,2026-08-01T19:29:01+08:00
002200,SZ,东方财富行情中心代码列表,2026-08-01T19:29:01+08:00
002214,SZ,东方财富行情中心代码列表,2026-08-01T19:29:01+08:00
600320,SH,东方财富行情中心代码列表,2026-08-01T19:29:01+08:00
600754,SH,东方财富行情中心代码列表,2026-08-01T19:29:01+08:00
601096,SH,东方财富行情中心代码列表,2026-08-01T19:29:01+08:00
600572,SH,东方财富行情中心代码列表,2026-08-01T19:29:01+08:00
300716,SZ,东方财富行情中心代码列表,2026-08-01T19:29:01+08:00
600698,SH,东方财富行情中心代码列表,2026-08-01T19:29:01+08:00
688062,SH,东方财富行情中心代码列表,2026-08-01T19:29:01+08:00
001390,SZ,东方财富行情中心代码列表,2026-08-01T19:29:01+08:00
000707,SZ,东方财富行情中心代码列表,2026-08-01T19:29:01+08:00
301061,SZ,东方财富行情中心代码列表,2026-08-01T19:29:01+08:00
002561,SZ,东方财富行情中心代码列表,2026-08-01T19:29:01+08:00
000807,SZ,东方财富行情中心代码列表,2026-08-01T19:29:01+08:00
600871,SH,东方财富行情中心代码列表,2026-08-01T19:29:01+08:00
002066,SZ,东方财富行情中心代码列表,2026-08-01T19:29:01+08:00
603053,SH,东方财富行情中心代码列表,2026-08-01T19:29:01+08:00
002320,SZ,东方财富行情中心代码列表,2026-08-01T19:29:01+08:00
000727,SZ,东方财富行情中心代码列表,2026-08-01T19:29:01+08:00
002349,SZ,东方财富行情中心代码列表,2026-08-01T19:29:01+08:00
601456,SH,东方财富行情中心代码列表,2026-08-01T19:29:01+08:00
300893,SZ,东方财富行情中心代码列表,2026-08-01T19:29:01+08:00
600372,SH,东方财富行情中心代码列表,2026-08-01T19:29:01+08:00
002102,SZ,东方财富行情中心代码列表,2026-08-01T19:29:01+08:00
000785,SZ,东方财富行情中心代码列表,2026-08-01T19:29:01+08:00
600429,SH,东方财富行情中心代码列表,2026-08-01T19:29:01+08:00
001387,SZ,东方财富行情中心代码列表,2026-08-01T19:29:01+08:00
000597,SZ,东方财富行情中心代码列表,2026-08-01T19:29:01+08:00
000886,SZ,东方财富行情中心代码列表,2026-08-01T19:29:01+08:00
002646,SZ,东方财富行情中心代码列表,2026-08-01T19:29:01+08:00
300963,SZ,东方财富行情中心代码列表,2026-08-01T19:29:01+08:00
002120,SZ,东方财富行情中心代码列表,2026-08-01T19:29:01+08:00
688356,SH,东方财富行情中心代码列表,2026-08-01T19:29:01+08:00
600581,SH,东方财富行情中心代码列表,2026-08-01T19:29:01+08:00
000568,SZ,东方财富行情中心代码列表,2026-08-01T19:29:01+08:00
002311,SZ,东方财富行情中心代码列表,2026-08-01T19:29:01+08:00
300402,SZ,东方财富行情中心代码列表,2026-08-01T19:29:01+08:00
301327,SZ,东方财富行情中心代码列表,2026-08-01T19:29:01+08:00
002705,SZ,东方财富行情中心代码列表,2026-08-01T19:29:01+08:00
000411,SZ,东方财富行情中心代码列表,2026-08-01T19:29:01+08:00
601878,SH,东方财富行情中心代码列表,2026-08-01T19:29:01+08:00
600502,SH,东方财富行情中心代码列表,2026-08-01T19:29:01+08:00
601882,SH,东方财富行情中心代码列表,2026-08-01T19:29:01+08:00
000617,SZ,东方财富行情中心代码列表,2026-08-01T19:29:01+08:00
002805,SZ,东方财富行情中心代码列表,2026-08-01T19:29:01+08:00
603151,SH,东方财富行情中心代码列表,2026-08-01T19:29:01+08:00
603071,SH,东方财富行情中心代码列表,2026-08-01T19:29:01+08:00
603310,SH,东方财富行情中心代码列表,2026-08-01T19:29:01+08:00
000419,SZ,东方财富行情中心代码列表,2026-08-01T19:29:01+08:00
000728,SZ,东方财富行情中心代码列表,2026-08-01T19:29:01+08:00
000633,SZ,东方财富行情中心代码列表,2026-08-01T19:29:01+08:00
301209,SZ,东方财富行情中心代码列表,2026-08-01T19:29:01+08:00
601866,SH,东方财富行情中心代码列表,2026-08-01T19:29:01+08:00
600395,SH,东方财富行情中心代码列表,2026-08-01T19:29:01+08:00
600897,SH,东方财富行情中心代码列表,2026-08-01T19:29:01+08:00
600956,SH,东方财富行情中心代码列表,2026-08-01T19:29:01+08:00
000014,SZ,东方财富行情中心代码列表,2026-08-01T19:29:01+08:00
600390,SH,东方财富行情中心代码列表,2026-08-01T19:29:01+08:00
000035,SZ,东方财富行情中心代码列表,2026-08-01T19:29:01+08:00
600704,SH,东方财富行情中心代码列表,2026-08-01T19:29:01+08:00
603689,SH,东方财富行情中心代码列表,2026-08-01T19:29:01+08:00
601528,SH,东方财富行情中心代码列表,2026-08-01T19:29:01+08:00
002833,SZ,东方财富行情中心代码列表,2026-08-01T19:29:01+08:00
002683,SZ,东方财富行情中心代码列表,2026-08-01T19:29:01+08:00
600322,SH,东方财富行情中心代码列表,2026-08-01T19:29:01+08:00
600295,SH,东方财富行情中心代码列表,2026-08-01T19:29:01+08:00
603069,SH,东方财富行情中心代码列表,2026-08-01T19:29:01+08:00
600816,SH,东方财富行情中心代码列表,2026-08-01T19:29:01+08:00
002294,SZ,东方财富行情中心代码列表,2026-08-01T19:29:01+08:00
002239,SZ,东方财富行情中心代码列表,2026-08-01T19:29:01+08:00
000816,SZ,东方财富行情中心代码列表,2026-08-01T19:29:01+08:00
000733,SZ,东方财富行情中心代码列表,2026-08-01T19:29:01+08:00
301371,SZ,东方财富行情中心代码列表,2026-08-01T19:29:01+08:00
002019,SZ,东方财富行情中心代码列表,2026-08-01T19:29:01+08:00
600657,SH,东方财富行情中心代码列表,2026-08-01T19:29:01+08:00
600773,SH,东方财富行情中心代码列表,2026-08-01T19:29:01+08:00
300293,SZ,东方财富行情中心代码列表,2026-08-01T19:29:01+08:00
600939,SH,东方财富行情中心代码列表,2026-08-01T19:29:01+08:00
600516,SH,东方财富行情中心代码列表,2026-08-01T19:29:01+08:00
000513,SZ,东方财富行情中心代码列表,2026-08-01T19:29:01+08:00
300432,SZ,东方财富行情中心代码列表,2026-08-01T19:29:01+08:00
300294,SZ,东方财富行情中心代码列表,2026-08-01T19:29:01+08:00
603966,SH,东方财富行情中心代码列表,2026-08-01T19:29:01+08:00
002287,SZ,东方财富行情中心代码列表,2026-08-01T19:29:01+08:00
000623,SZ,东方财富行情中心代码列表,2026-08-01T19:29:01+08:00
002758,SZ,东方财富行情中心代码列表,2026-08-01T19:29:01+08:00
600018,SH,东方财富行情中心代码列表,2026-08-01T19:29:01+08:00
688410,SH,东方财富行情中心代码列表,2026-08-01T19:29:01+08:00
300529,SZ,东方财富行情中心代码列表,2026-08-01T19:29:01+08:00
688280,SH,东方财富行情中心代码列表,2026-08-01T19:29:01+08:00
601666,SH,东方财富行情中心代码列表,2026-08-01T19:29:01+08:00
600237,SH,东方财富行情中心代码列表,2026-08-01T19:29:01+08:00
603373,SH,东方财富行情中心代码列表,2026-08-01T19:29:01+08:00
000421,SZ,东方财富行情中心代码列表,2026-08-01T19:29:01+08:00
002773,SZ,东方财富行情中心代码列表,2026-08-01T19:29:01+08:00
603060,SH,东方财富行情中心代码列表,2026-08-01T19:29:01+08:00
002040,SZ,东方财富行情中心代码列表,2026-08-01T19:29:01+08:00
300999,SZ,东方财富行情中心代码列表,2026-08-01T19:29:01+08:00
600423,SH,东方财富行情中心代码列表,2026-08-01T19:29:01+08:00
000899,SZ,东方财富行情中心代码列表,2026-08-01T19:29:01+08:00
601618,SH,东方财富行情中心代码列表,2026-08-01T19:29:01+08:00
300724,SZ,东方财富行情中心代码列表,2026-08-01T19:29:01+08:00
002099,SZ,东方财富行情中心代码列表,2026-08-01T19:29:01+08:00
600059,SH,东方财富行情中心代码列表,2026-08-01T19:29:01+08:00
301578,SZ,东方财富行情中心代码列表,2026-08-01T19:29:01+08:00
300009,SZ,东方财富行情中心代码列表,2026-08-01T19:29:01+08:00
002274,SZ,东方财富行情中心代码列表,2026-08-01T19:29:01+08:00
002255,SZ,东方财富行情中心代码列表,2026-08-01T19:29:01+08:00
601022,SH,东方财富行情中心代码列表,2026-08-01T19:29:01+08:00
600332,SH,东方财富行情中心代码列表,2026-08-01T19:29:01+08:00
600867,SH,东方财富行情中心代码列表,2026-08-01T19:29:01+08:00
601877,SH,东方财富行情中心代码列表,2026-08-01T19:29:01+08:00
000795,SZ,东方财富行情中心代码列表,2026-08-01T19:29:01+08:00
603817,SH,东方财富行情中心代码列表,2026-08-01T19:29:01+08:00
002425,SZ,东方财富行情中心代码列表,2026-08-01T19:29:01+08:00
688696,SH,东方财富行情中心代码列表,2026-08-01T19:29:01+08:00
600688,SH,东方财富行情中心代码列表,2026-08-01T19:29:01+08:00
002985,SZ,东方财富行情中心代码列表,2026-08-01T19:29:01+08:00
002437,SZ,东方财富行情中心代码列表,2026-08-01T19:29:01+08:00
002177,SZ,东方财富行情中心代码列表,2026-08-01T19:29:01+08:00
000783,SZ,东方财富行情中心代码列表,2026-08-01T19:29:01+08:00
605199,SH,东方财富行情中心代码列表,2026-08-01T19:29:01+08:00
000713,SZ,东方财富行情中心代码列表,2026-08-01T19:29:01+08:00
000523,SZ,东方财富行情中心代码列表,2026-08-01T19:29:01+08:00
603238,SH,东方财富行情中心代码列表,2026-08-01T19:29:01+08:00
300295,SZ,东方财富行情中心代码列表,2026-08-01T19:29:01+08:00
688717,SH,东方财富行情中心代码列表,2026-08-01T19:29:01+08:00
600515,SH,东方财富行情中心代码列表,2026-08-01T19:29:01+08:00
601995,SH,东方财富行情中心代码列表,2026-08-01T19:29:01+08:00
603459,SH,东方财富行情中心代码列表,2026-08-01T19:29:01+08:00
600008,SH,东方财富行情中心代码列表,2026-08-01T19:29:01+08:00
301048,SZ,东方财富行情中心代码列表,2026-08-01T19:29:01+08:00
600782,SH,东方财富行情中心代码列表,2026-08-01T19:29:01+08:00
601916,SH,东方财富行情中心代码列表,2026-08-01T19:29:01+08:00
600725,SH,东方财富行情中心代码列表,2026-08-01T19:29:01+08:00
603160,SH,东方财富行情中心代码列表,2026-08-01T19:29:01+08:00
601228,SH,东方财富行情中心代码列表,2026-08-01T19:29:01+08:00
605188,SH,东方财富行情中心代码列表,2026-08-01T19:29:01+08:00
002223,SZ,东方财富行情中心代码列表,2026-08-01T19:29:01+08:00
603298,SH,东方财富行情中心代码列表,2026-08-01T19:29:01+08:00
600559,SH,东方财富行情中心代码列表,2026-08-01T19:29:01+08:00
000430,SZ,东方财富行情中心代码列表,2026-08-01T19:29:01+08:00
300207,SZ,东方财富行情中心代码列表,2026-08-01T19:29:01+08:00
301238,SZ,东方财富行情中心代码列表,2026-08-01T19:29:01+08:00
600056,SH,东方财富行情中心代码列表,2026-08-01T19:29:01+08:00
002309,SZ,东方财富行情中心代码列表,2026-08-01T19:29:01+08:00
600178,SH,东方财富行情中心代码列表,2026-08-01T19:29:01+08:00
603506,SH,东方财富行情中心代码列表,2026-08-01T19:29:01+08:00
600300,SH,东方财富行情中心代码列表,2026-08-01T19:29:01+08:00
000050,SZ,东方财富行情中心代码列表,2026-08-01T19:29:01+08:00
000027,SZ,东方财富行情中心代码列表,2026-08-01T19:29:01+08:00
000800,SZ,东方财富行情中心代码列表,2026-08-01T19:29:01+08:00
301197,SZ,东方财富行情中心代码列表,2026-08-01T19:29:01+08:00
603284,SH,东方财富行情中心代码列表,2026-08-01T19:29:01+08:00
002037,SZ,东方财富行情中心代码列表,2026-08-01T19:29:01+08:00
000002,SZ,东方财富行情中心代码列表,2026-08-01T19:29:01+08:00
600963,SH,东方财富行情中心代码列表,2026-08-01T19:29:01+08:00
002020,SZ,东方财富行情中心代码列表,2026-08-01T19:29:01+08:00
603612,SH,东方财富行情中心代码列表,2026-08-01T19:29:01+08:00
300388,SZ,东方财富行情中心代码列表,2026-08-01T19:29:01+08:00
601990,SH,东方财富行情中心代码列表,2026-08-01T19:29:01+08:00
601089,SH,东方财富行情中心代码列表,2026-08-01T19:29:01+08:00
600596,SH,东方财富行情中心代码列表,2026-08-01T19:29:01+08:00
601727,SH,东方财富行情中心代码列表,2026-08-01T19:29:01+08:00
002959,SZ,东方财富行情中心代码列表,2026-08-01T19:29:01+08:00
601099,SH,东方财富行情中心代码列表,2026-08-01T19:29:01+08:00
002534,SZ,东方财富行情中心代码列表,2026-08-01T19:29:01+08:00
603589,SH,东方财富行情中心代码列表,2026-08-01T19:29:01+08:00
002803,SZ,东方财富行情中心代码列表,2026-08-01T19:29:01+08:00
600435,SH,东方财富行情中心代码列表,2026-08-01T19:29:01+08:00
600305,SH,东方财富行情中心代码列表,2026-08-01T19:29:01+08:00
603237,SH,东方财富行情中心代码列表,2026-08-01T19:29:01+08:00
603092,SH,东方财富行情中心代码列表,2026-08-01T19:29:01+08:00
601236,SH,东方财富行情中心代码列表,2026-08-01T19:29:01+08:00
601200,SH,东方财富行情中心代码列表,2026-08-01T19:29:01+08:00
603969,SH,东方财富行情中心代码列表,2026-08-01T19:29:01+08:00
000869,SZ,东方财富行情中心代码列表,2026-08-01T19:29:01+08:00
001213,SZ,东方财富行情中心代码列表,2026-08-01T19:29:01+08:00
600011,SH,东方财富行情中心代码列表,2026-08-01T19:29:01+08:00
300181,SZ,东方财富行情中心代码列表,2026-08-01T19:29:01+08:00
603062,SH,东方财富行情中心代码列表,2026-08-01T19:29:01+08:00
300726,SZ,东方财富行情中心代码列表,2026-08-01T19:29:01+08:00
600694,SH,东方财富行情中心代码列表,2026-08-01T19:29:01+08:00
600789,SH,东方财富行情中心代码列表,2026-08-01T19:29:01+08:00
603231,SH,东方财富行情中心代码列表,2026-08-01T19:29:01+08:00
002984,SZ,东方财富行情中心代码列表,2026-08-01T19:29:01+08:00
603418,SH,东方财富行情中心代码列表,2026-08-01T19:29:01+08:00
000544,SZ,东方财富行情中心代码列表,2026-08-01T19:29:01+08:00
600152,SH,东方财富行情中心代码列表,2026-08-01T19:29:01+08:00
688398,SH,东方财富行情中心代码列表,2026-08-01T19:29:01+08:00
000561,SZ,东方财富行情中心代码列表,2026-08-01T19:29:01+08:00
000680,SZ,东方财富行情中心代码列表,2026-08-01T19:29:01+08:00
600742,SH,东方财富行情中心代码列表,2026-08-01T19:29:01+08:00
688779,SH,东方财富行情中心代码列表,2026-08-01T19:29:01+08:00
001236,SZ,东方财富行情中心代码列表,2026-08-01T19:29:01+08:00
000877,SZ,东方财富行情中心代码列表,2026-08-01T19:29:01+08:00
000750,SZ,东方财富行情中心代码列表,2026-08-01T19:29:01+08:00
600196,SH,东方财富行情中心代码列表,2026-08-01T19:29:01+08:00
600368,SH,东方财富行情中心代码列表,2026-08-01T19:29:01+08:00
000791,SZ,东方财富行情中心代码列表,2026-08-01T19:29:01+08:00
688013,SH,东方财富行情中心代码列表,2026-08-01T19:29:01+08:00
688032,SH,东方财富行情中心代码列表,2026-08-01T19:29:01+08:00
600064,SH,东方财富行情中心代码列表,2026-08-01T19:29:01+08:00
002286,SZ,东方财富行情中心代码列表,2026-08-01T19:29:01+08:00
002539,SZ,东方财富行情中心代码列表,2026-08-01T19:29:01+08:00
000703,SZ,东方财富行情中心代码列表,2026-08-01T19:29:01+08:00
600827,SH,东方财富行情中心代码列表,2026-08-01T19:29:01+08:00
000049,SZ,东方财富行情中心代码列表,2026-08-01T19:29:01+08:00
600062,SH,东方财富行情中心代码列表,2026-08-01T19:29:01+08:00
300802,SZ,东方财富行情中心代码列表,2026-08-01T19:29:01+08:00
601952,SH,东方财富行情中心代码列表,2026-08-01T19:29:01+08:00
601225,SH,东方财富行情中心代码列表,2026-08-01T19:29:01+08:00
601059,SH,东方财富行情中心代码列表,2026-08-01T19:29:01+08:00
601375,SH,东方财富行情中心代码列表,2026-08-01T19:29:01+08:00
600369,SH,东方财富行情中心代码列表,2026-08-01T19:29:01+08:00
002926,SZ,东方财富行情中心代码列表,2026-08-01T19:29:01+08:00
000822,SZ,东方财富行情中心代码列表,2026-08-01T19:29:01+08:00
002312,SZ,东方财富行情中心代码列表,2026-08-01T19:29:01+08:00
002016,SZ,东方财富行情中心代码列表,2026-08-01T19:29:01+08:00
002675,SZ,东方财富行情中心代码列表,2026-08-01T19:29:01+08:00
300438,SZ,东方财富行情中心代码列表,2026-08-01T19:29:01+08:00
002569,SZ,东方财富行情中心代码列表,2026-08-01T19:29:01+08:00
000966,SZ,东方财富行情中心代码列表,2026-08-01T19:29:01+08:00
000030,SZ,东方财富行情中心代码列表,2026-08-01T19:29:01+08:00
688425,SH,东方财富行情中心代码列表,2026-08-01T19:29:01+08:00
688338,SH,东方财富行情中心代码列表,2026-08-01T19:29:01+08:00
002108,SZ,东方财富行情中心代码列表,2026-08-01T19:29:01+08:00
001391,SZ,东方财富行情中心代码列表,2026-08-01T19:29:01+08:00
600179,SH,东方财富行情中心代码列表,2026-08-01T19:29:01+08:00
603676,SH,东方财富行情中心代码列表,2026-08-01T19:29:01+08:00
002978,SZ,东方财富行情中心代码列表,2026-08-01T19:29:01+08:00
603501,SH,东方财富行情中心代码列表,2026-08-01T19:29:01+08:00
000088,SZ,东方财富行情中心代码列表,2026-08-01T19:29:01+08:00
601390,SH,东方财富行情中心代码列表,2026-08-01T19:29:01+08:00
603979,SH,东方财富行情中心代码列表,2026-08-01T19:29:01+08:00
600655,SH,东方财富行情中心代码列表,2026-08-01T19:29:01+08:00
301246,SZ,东方财富行情中心代码列表,2026-08-01T19:29:01+08:00
003022,SZ,东方财富行情中心代码列表,2026-08-01T19:29:01+08:00
002284,SZ,东方财富行情中心代码列表,2026-08-01T19:29:01+08:00
000529,SZ,东方财富行情中心代码列表,2026-08-01T19:29:01+08:00
600456,SH,东方财富行情中心代码列表,2026-08-01T19:29:01+08:00
000100,SZ,东方财富行情中心代码列表,2026-08-01T19:29:01+08:00
601600,SH,东方财富行情中心代码列表,2026-08-01T19:29:01+08:00
000538,SZ,东方财富行情中心代码列表,2026-08-01T19:29:01+08:00
600027,SH,东方财富行情中心代码列表,2026-08-01T19:29:01+08:00
688071,SH,东方财富行情中心代码列表,2026-08-01T19:29:01+08:00
605005,SH,东方财富行情中心代码列表,2026-08-01T19:29:01+08:00
002338,SZ,东方财富行情中心代码列表,2026-08-01T19:29:01+08:00
688057,SH,东方财富行情中心代码列表,2026-08-01T19:29:01+08:00
000507,SZ,东方财富行情中心代码列表,2026-08-01T19:29:01+08:00
603970,SH,东方财富行情中心代码列表,2026-08-01T19:29:01+08:00
301152,SZ,东方财富行情中心代码列表,2026-08-01T19:29:01+08:00
300034,SZ,东方财富行情中心代码列表,2026-08-01T19:29:01+08:00
601169,SH,东方财富行情中心代码列表,2026-08-01T19:29:01+08:00
603208,SH,东方财富行情中心代码列表,2026-08-01T19:29:01+08:00
002011,SZ,东方财富行情中心代码列表,2026-08-01T19:29:01+08:00
300443,SZ,东方财富行情中心代码列表,2026-08-01T19:29:01+08:00
600470,SH,东方财富行情中心代码列表,2026-08-01T19:29:01+08:00
002500,SZ,东方财富行情中心代码列表,2026-08-01T19:29:01+08:00
603086,SH,东方财富行情中心代码列表,2026-08-01T19:29:01+08:00
000875,SZ,东方财富行情中心代码列表,2026-08-01T19:29:01+08:00
603855,SH,东方财富行情中心代码列表,2026-08-01T19:29:01+08:00
300998,SZ,东方财富行情中心代码列表,2026-08-01T19:29:01+08:00
601238,SH,东方财富行情中心代码列表,2026-08-01T19:29:01+08:00
600319,SH,东方财富行情中心代码列表,2026-08-01T19:29:01+08:00
600458,SH,东方财富行情中心代码列表,2026-08-01T19:29:01+08:00
300140,SZ,东方财富行情中心代码列表,2026-08-01T19:29:01+08:00
603391,SH,东方财富行情中心代码列表,2026-08-01T19:29:01+08:00
600874,SH,东方财富行情中心代码列表,2026-08-01T19:29:01+08:00
688139,SH,东方财富行情中心代码列表,2026-08-01T19:29:01+08:00
688177,SH,东方财富行情中心代码列表,2026-08-01T19:29:01+08:00
002241,SZ,东方财富行情中心代码列表,2026-08-01T19:29:01+08:00
300965,SZ,东方财富行情中心代码列表,2026-08-01T19:29:01+08:00
601997,SH,东方财富行情中心代码列表,2026-08-01T19:29:01+08:00
000001,SZ,东方财富行情中心代码列表,2026-08-01T19:29:01+08:00
002386,SZ,东方财富行情中心代码列表,2026-08-01T19:29:01+08:00
600999,SH,东方财富行情中心代码列表,2026-08-01T19:29:01+08:00
603511,SH,东方财富行情中心代码列表,2026-08-01T19:29:01+08:00
002709,SZ,东方财富行情中心代码列表,2026-08-01T19:29:01+08:00
000726,SZ,东方财富行情中心代码列表,2026-08-01T19:29:01+08:00
603235,SH,东方财富行情中心代码列表,2026-08-01T19:29:01+08:00
001219,SZ,东方财富行情中心代码列表,2026-08-01T19:29:01+08:00
002365,SZ,东方财富行情中心代码列表,2026-08-01T19:29:01+08:00
600977,SH,东方财富行情中心代码列表,2026-08-01T19:29:01+08:00
600993,SH,东方财富行情中心代码列表,2026-08-01T19:29:01+08:00
600278,SH,东方财富行情中心代码列表,2026-08-01T19:29:01+08:00
600398,SH,东方财富行情中心代码列表,2026-08-01T19:29:01+08:00
300761,SZ,东方财富行情中心代码列表,2026-08-01T19:29:01+08:00
601665,SH,东方财富行情中心代码列表,2026-08-01T19:29:01+08:00
300673,SZ,东方财富行情中心代码列表,2026-08-01T19:29:01+08:00
603217,SH,东方财富行情中心代码列表,2026-08-01T19:29:01+08:00
600061,SH,东方财富行情中心代码列表,2026-08-01T19:29:01+08:00
300003,SZ,东方财富行情中心代码列表,2026-08-01T19:29:01+08:00
601139,SH,东方财富行情中心代码列表,2026-08-01T19:29:01+08:00
600085,SH,东方财富行情中心代码列表,2026-08-01T19:29:01+08:00
600621,SH,东方财富行情中心代码列表,2026-08-01T19:29:01+08:00
002275,SZ,东方财富行情中心代码列表,2026-08-01T19:29:01+08:00
600367,SH,东方财富行情中心代码列表,2026-08-01T19:29:01+08:00
688187,SH,东方财富行情中心代码列表,2026-08-01T19:29:01+08:00
002550,SZ,东方财富行情中心代码列表,2026-08-01T19:29:01+08:00
600241,SH,东方财富行情中心代码列表,2026-08-01T19:29:01+08:00
002387,SZ,东方财富行情中心代码列表,2026-08-01T19:29:01+08:00
603161,SH,东方财富行情中心代码列表,2026-08-01T19:29:01+08:00
002468,SZ,东方财富行情中心代码列表,2026-08-01T19:29:01+08:00
300829,SZ,东方财富行情中心代码列表,2026-08-01T19:29:01+08:00
600727,SH,东方财富行情中心代码列表,2026-08-01T19:29:01+08:00
603939,SH,东方财富行情中心代码列表,2026-08-01T19:29:01+08:00
002651,SZ,东方财富行情中心代码列表,2026-08-01T19:29:01+08:00
300357,SZ,东方财富行情中心代码列表,2026-08-01T19:29:01+08:00
600674,SH,东方财富行情中心代码列表,2026-08-01T19:29:01+08:00
301487,SZ,东方财富行情中心代码列表,2026-08-01T19:29:01+08:00
000686,SZ,东方财富行情中心代码列表,2026-08-01T19:29:01+08:00
600406,SH,东方财富行情中心代码列表,2026-08-01T19:29:01+08:00
002939,SZ,东方财富行情中心代码列表,2026-08-01T19:29:01+08:00
002299,SZ,东方财富行情中心代码列表,2026-08-01T19:29:01+08:00
600026,SH,东方财富行情中心代码列表,2026-08-01T19:29:01+08:00
300174,SZ,东方财富行情中心代码列表,2026-08-01T19:29:01+08:00
300917,SZ,东方财富行情中心代码列表,2026-08-01T19:29:01+08:00
601886,SH,东方财富行情中心代码列表,2026-08-01T19:29:01+08:00
600095,SH,东方财富行情中心代码列表,2026-08-01T19:29:01+08:00
600548,SH,东方财富行情中心代码列表,2026-08-01T19:29:01+08:00
600109,SH,东方财富行情中心代码列表,2026-08-01T19:29:01+08:00
603167,SH,东方财富行情中心代码列表,2026-08-01T19:29:01+08:00
600416,SH,东方财富行情中心代码列表,2026-08-01T19:29:01+08:00
002096,SZ,东方财富行情中心代码列表,2026-08-01T19:29:01+08:00
600573,SH,东方财富行情中心代码列表,2026-08-01T19:29:01+08:00
603733,SH,东方财富行情中心代码列表,2026-08-01T19:29:01+08:00
603585,SH,东方财富行情中心代码列表,2026-08-01T19:29:01+08:00
688638,SH,东方财富行情中心代码列表,2026-08-01T19:29:01+08:00
600380,SH,东方财富行情中心代码列表,2026-08-01T19:29:01+08:00
000403,SZ,东方财富行情中心代码列表,2026-08-01T19:29:01+08:00
000028,SZ,东方财富行情中心代码列表,2026-08-01T19:29:01+08:00
600729,SH,东方财富行情中心代码列表,2026-08-01T19:29:01+08:00
603083,SH,东方财富行情中心代码列表,2026-08-01T19:29:01+08:00
003000,SZ,东方财富行情中心代码列表,2026-08-01T19:29:01+08:00
603810,SH,东方财富行情中心代码列表,2026-08-01T19:29:01+08:00
002262,SZ,东方财富行情中心代码列表,2026-08-01T19:29:01+08:00
603663,SH,东方财富行情中心代码列表,2026-08-01T19:29:01+08:00
301237,SZ,东方财富行情中心代码列表,2026-08-01T19:29:01+08:00
002182,SZ,东方财富行情中心代码列表,2026-08-01T19:29:01+08:00
600919,SH,东方财富行情中心代码列表,2026-08-01T19:29:01+08:00
600216,SH,东方财富行情中心代码列表,2026-08-01T19:29:01+08:00
001358,SZ,东方财富行情中心代码列表,2026-08-01T19:29:01+08:00
300360,SZ,东方财富行情中心代码列表,2026-08-01T19:29:01+08:00
601811,SH,东方财富行情中心代码列表,2026-08-01T19:29:01+08:00
002648,SZ,东方财富行情中心代码列表,2026-08-01T19:29:01+08:00
605108,SH,东方财富行情中心代码列表,2026-08-01T19:29:01+08:00
600182,SH,东方财富行情中心代码列表,2026-08-01T19:29:01+08:00
300014,SZ,东方财富行情中心代码列表,2026-08-01T19:29:01+08:00
601136,SH,东方财富行情中心代码列表,2026-08-01T19:29:01+08:00
300470,SZ,东方财富行情中心代码列表,2026-08-01T19:29:01+08:00
603402,SH,东方财富行情中心代码列表,2026-08-01T19:29:01+08:00
603406,SH,东方财富行情中心代码列表,2026-08-01T19:29:01+08:00
688168,SH,东方财富行情中心代码列表,2026-08-01T19:29:01+08:00
688836,SH,东方财富行情中心代码列表,2026-08-01T19:29:01+08:00
688828,SH,东方财富行情中心代码列表,2026-08-01T19:29:01+08:00
688826,SH,东方财富行情中心代码列表,2026-08-01T19:29:01+08:00
688555,SH,东方财富行情中心代码列表,2026-08-01T19:29:01+08:00
688287,SH,东方财富行情中心代码列表,2026-08-01T19:29:01+08:00
688086,SH,东方财富行情中心代码列表,2026-08-01T19:29:01+08:00
605081,SH,东方财富行情中心代码列表,2026-08-01T19:29:01+08:00
603998,SH,东方财富行情中心代码列表,2026-08-01T19:29:01+08:00
603996,SH,东方财富行情中心代码列表,2026-08-01T19:29:01+08:00
603963,SH,东方财富行情中心代码列表,2026-08-01T19:29:01+08:00
603603,SH,东方财富行情中心代码列表,2026-08-01T19:29:01+08:00
603556,SH,东方财富行情中心代码列表,2026-08-01T19:29:01+08:00
603555,SH,东方财富行情中心代码列表,2026-08-01T19:29:01+08:00
603468,SH,东方财富行情中心代码列表,2026-08-01T19:29:01+08:00
603388,SH,东方财富行情中心代码列表,2026-08-01T19:29:01+08:00
603332,SH,东方财富行情中心代码列表,2026-08-01T19:29:01+08:00
603329,SH,东方财富行情中心代码列表,2026-08-01T19:29:01+08:00
603323,SH,东方财富行情中心代码列表,2026-08-01T19:29:01+08:00
603277,SH,东方财富行情中心代码列表,2026-08-01T19:29:01+08:00
603276,SH,东方财富行情中心代码列表,2026-08-01T19:29:01+08:00
603227,SH,东方财富行情中心代码列表,2026-08-01T19:29:01+08:00
603190,SH,东方财富行情中心代码列表,2026-08-01T19:29:01+08:00
603157,SH,东方财富行情中心代码列表,2026-08-01T19:29:01+08:00
603133,SH,东方财富行情中心代码列表,2026-08-01T19:29:01+08:00
603056,SH,东方财富行情中心代码列表,2026-08-01T19:29:01+08:00
603003,SH,东方财富行情中心代码列表,2026-08-01T19:29:01+08:00
601992,SH,东方财富行情中心代码列表,2026-08-01T19:29:01+08:00
601989,SH,东方财富行情中心代码列表,2026-08-01T19:29:01+08:00
601918,SH,东方财富行情中心代码列表,2026-08-01T19:29:01+08:00
601880,SH,东方财富行情中心代码列表,2026-08-01T19:29:01+08:00
601686,SH,东方财富行情中心代码列表,2026-08-01T19:29:01+08:00
601678,SH,东方财富行情中心代码列表,2026-08-01T19:29:01+08:00
601558,SH,东方财富行情中心代码列表,2026-08-01T19:29:01+08:00
601518,SH,东方财富行情中心代码列表,2026-08-01T19:29:01+08:00
601368,SH,东方财富行情中心代码列表,2026-08-01T19:29:01+08:00
601299,SH,东方财富行情中心代码列表,2026-08-01T19:29:01+08:00
601298,SH,东方财富行情中心代码列表,2026-08-01T19:29:01+08:00
601268,SH,东方财富行情中心代码列表,2026-08-01T19:29:01+08:00
601258,SH,东方财富行情中心代码列表,2026-08-01T19:29:01+08:00
601028,SH,东方财富行情中心代码列表,2026-08-01T19:29:01+08:00
601018,SH,东方财富行情中心代码列表,2026-08-01T19:29:01+08:00
601008,SH,东方财富行情中心代码列表,2026-08-01T19:29:01+08:00
601007,SH,东方财富行情中心代码列表,2026-08-01T19:29:01+08:00
601005,SH,东方财富行情中心代码列表,2026-08-01T19:29:01+08:00
600998,SH,东方财富行情中心代码列表,2026-08-01T19:29:01+08:00
600995,SH,东方财富行情中心代码列表,2026-08-01T19:29:01+08:00
600991,SH,东方财富行情中心代码列表,2026-08-01T19:29:01+08:00
600978,SH,东方财富行情中心代码列表,2026-08-01T19:29:01+08:00
600971,SH,东方财富行情中心代码列表,2026-08-01T19:29:01+08:00
600967,SH,东方财富行情中心代码列表,2026-08-01T19:29:01+08:00
600905,SH,东方财富行情中心代码列表,2026-08-01T19:29:01+08:00
600899,SH,东方财富行情中心代码列表,2026-08-01T19:29:01+08:00
600898,SH,东方财富行情中心代码列表,2026-08-01T19:29:01+08:00
600896,SH,东方财富行情中心代码列表,2026-08-01T19:29:01+08:00
600891,SH,东方财富行情中心代码列表,2026-08-01T19:29:01+08:00
600890,SH,东方财富行情中心代码列表,2026-08-01T19:29:01+08:00
600878,SH,东方财富行情中心代码列表,2026-08-01T19:29:01+08:00
600870,SH,东方财富行情中心代码列表,2026-08-01T19:29:01+08:00
600864,SH,东方财富行情中心代码列表,2026-08-01T19:29:01+08:00
600856,SH,东方财富行情中心代码列表,2026-08-01T19:29:01+08:00
600852,SH,东方财富行情中心代码列表,2026-08-01T19:29:01+08:00
600849,SH,东方财富行情中心代码列表,2026-08-01T19:29:01+08:00
600842,SH,东方财富行情中心代码列表,2026-08-01T19:29:01+08:00
600840,SH,东方财富行情中心代码列表,2026-08-01T19:29:01+08:00
600837,SH,东方财富行情中心代码列表,2026-08-01T19:29:01+08:00
600836,SH,东方财富行情中心代码列表,2026-08-01T19:29:01+08:00
600832,SH,东方财富行情中心代码列表,2026-08-01T19:29:01+08:00
600823,SH,东方财富行情中心代码列表,2026-08-01T19:29:01+08:00
600813,SH,东方财富行情中心代码列表,2026-08-01T19:29:01+08:00
600811,SH,东方财富行情中心代码列表,2026-08-01T19:29:01+08:00
600806,SH,东方财富行情中心代码列表,2026-08-01T19:29:01+08:00
600804,SH,东方财富行情中心代码列表,2026-08-01T19:29:01+08:00
600799,SH,东方财富行情中心代码列表,2026-08-01T19:29:01+08:00
600788,SH,东方财富行情中心代码列表,2026-08-01T19:29:01+08:00
600786,SH,东方财富行情中心代码列表,2026-08-01T19:29:01+08:00
600781,SH,东方财富行情中心代码列表,2026-08-01T19:29:01+08:00
600772,SH,东方财富行情中心代码列表,2026-08-01T19:29:01+08:00
600767,SH,东方财富行情中心代码列表,2026-08-01T19:29:01+08:00
600766,SH,东方财富行情中心代码列表,2026-08-01T19:29:01+08:00
600762,SH,东方财富行情中心代码列表,2026-08-01T19:29:01+08:00
600752,SH,东方财富行情中心代码列表,2026-08-01T19:29:01+08:00
600748,SH,东方财富行情中心代码列表,2026-08-01T19:29:01+08:00
600747,SH,东方财富行情中心代码列表,2026-08-01T19:29:01+08:00
600740,SH,东方财富行情中心代码列表,2026-08-01T19:29:01+08:00
600732,SH,东方财富行情中心代码列表,2026-08-01T19:29:01+08:00
600723,SH,东方财富行情中心代码列表,2026-08-01T19:29:01+08:00
600709,SH,东方财富行情中心代码列表,2026-08-01T19:29:01+08:00
600705,SH,东方财富行情中心代码列表,2026-08-01T19:29:01+08:00
600701,SH,东方财富行情中心代码列表,2026-08-01T19:29:01+08:00
600700,SH,东方财富行情中心代码列表,2026-08-01T19:29:01+08:00
600696,SH,东方财富行情中心代码列表,2026-08-01T19:29:01+08:00
600695,SH,东方财富行情中心代码列表,2026-08-01T19:29:01+08:00
600687,SH,东方财富行情中心代码列表,2026-08-01T19:29:01+08:00
600680,SH,东方财富行情中心代码列表,2026-08-01T19:29:01+08:00
600677,SH,东方财富行情中心代码列表,2026-08-01T19:29:01+08:00
600675,SH,东方财富行情中心代码列表,2026-08-01T19:29:01+08:00
600672,SH,东方财富行情中心代码列表,2026-08-01T19:29:01+08:00
600670,SH,东方财富行情中心代码列表,2026-08-01T19:29:01+08:00
600669,SH,东方财富行情中心代码列表,2026-08-01T19:29:01+08:00
600659,SH,东方财富行情中心代码列表,2026-08-01T19:29:01+08:00
600656,SH,东方财富行情中心代码列表,2026-08-01T19:29:01+08:00
600652,SH,东方财富行情中心代码列表,2026-08-01T19:29:01+08:00
600647,SH,东方财富行情中心代码列表,2026-08-01T19:29:01+08:00
600646,SH,东方财富行情中心代码列表,2026-08-01T19:29:01+08:00
600642,SH,东方财富行情中心代码列表,2026-08-01T19:29:01+08:00
600636,SH,东方财富行情中心代码列表,2026-08-01T19:29:01+08:00
600634,SH,东方财富行情中心代码列表,2026-08-01T19:29:01+08:00
600632,SH,东方财富行情中心代码列表,2026-08-01T19:29:01+08:00
600631,SH,东方财富行情中心代码列表,2026-08-01T19:29:01+08:00
600627,SH,东方财富行情中心代码列表,2026-08-01T19:29:01+08:00
600625,SH,东方财富行情中心代码列表,2026-08-01T19:29:01+08:00
600617,SH,东方财富行情中心代码列表,2026-08-01T19:29:01+08:00
600614,SH,东方财富行情中心代码列表,2026-08-01T19:29:01+08:00
600608,SH,东方财富行情中心代码列表,2026-08-01T19:29:01+08:00
600607,SH,东方财富行情中心代码列表,2026-08-01T19:29:01+08:00
600599,SH,东方财富行情中心代码列表,2026-08-01T19:29:01+08:00
600597,SH,东方财富行情中心代码列表,2026-08-01T19:29:01+08:00
600591,SH,东方财富行情中心代码列表,2026-08-01T19:29:01+08:00
600568,SH,东方财富行情中心代码列表,2026-08-01T19:29:01+08:00
600565,SH,东方财富行情中心代码列表,2026-08-01T19:29:01+08:00
600555,SH,东方财富行情中心代码列表,2026-08-01T19:29:01+08:00
600553,SH,东方财富行情中心代码列表,2026-08-01T19:29:01+08:00
600532,SH,东方财富行情中心代码列表,2026-08-01T19:29:01+08:00
600530,SH,东方财富行情中心代码列表,2026-08-01T19:29:01+08:00
600507,SH,东方财富行情中心代码列表,2026-08-01T19:29:01+08:00
600495,SH,东方财富行情中心代码列表,2026-08-01T19:29:01+08:00
600491,SH,东方财富行情中心代码列表,2026-08-01T19:29:01+08:00
600485,SH,东方财富行情中心代码列表,2026-08-01T19:29:01+08:00
600472,SH,东方财富行情中心代码列表,2026-08-01T19:29:01+08:00
600466,SH,东方财富行情中心代码列表,2026-08-01T19:29:01+08:00
600462,SH,东方财富行情中心代码列表,2026-08-01T19:29:01+08:00
600452,SH,东方财富行情中心代码列表,2026-08-01T19:29:01+08:00
600439,SH,东方财富行情中心代码列表,2026-08-01T19:29:01+08:00
600432,SH,东方财富行情中心代码列表,2026-08-01T19:29:01+08:00
600421,SH,东方财富行情中心代码列表,2026-08-01T19:29:01+08:00
600420,SH,东方财富行情中心代码列表,2026-08-01T19:29:01+08:00
600419,SH,东方财富行情中心代码列表,2026-08-01T19:29:01+08:00
600401,SH,东方财富行情中心代码列表,2026-08-01T19:29:01+08:00
600393,SH,东方财富行情中心代码列表,2026-08-01T19:29:01+08:00
600387,SH,东方财富行情中心代码列表,2026-08-01T19:29:01+08:00
600385,SH,东方财富行情中心代码列表,2026-08-01T19:29:01+08:00
600370,SH,东方财富行情中心代码列表,2026-08-01T19:29:01+08:00
600363,SH,东方财富行情中心代码列表,2026-08-01T19:29:01+08:00
600357,SH,东方财富行情中心代码列表,2026-08-01T19:29:01+08:00
600355,SH,东方财富行情中心代码列表,2026-08-01T19:29:01+08:00
600321,SH,东方财富行情中心代码列表,2026-08-01T19:29:01+08:00
600317,SH,东方财富行情中心代码列表,2026-08-01T19:29:01+08:00
600311,SH,东方财富行情中心代码列表,2026-08-01T19:29:01+08:00
600306,SH,东方财富行情中心代码列表,2026-08-01T19:29:01+08:00
600297,SH,东方财富行情中心代码列表,2026-08-01T19:29:01+08:00
600296,SH,东方财富行情中心代码列表,2026-08-01T19:29:01+08:00
600291,SH,东方财富行情中心代码列表,2026-08-01T19:29:01+08:00
600290,SH,东方财富行情中心代码列表,2026-08-01T19:29:01+08:00
600286,SH,东方财富行情中心代码列表,2026-08-01T19:29:01+08:00
600277,SH,东方财富行情中心代码列表,2026-08-01T19:29:01+08:00
600275,SH,东方财富行情中心代码列表,2026-08-01T19:29:01+08:00
600270,SH,东方财富行情中心代码列表,2026-08-01T19:29:01+08:00
600263,SH,东方财富行情中心代码列表,2026-08-01T19:29:01+08:00
600260,SH,东方财富行情中心代码列表,2026-08-01T19:29:01+08:00
600253,SH,东方财富行情中心代码列表,2026-08-01T19:29:01+08:00
600252,SH,东方财富行情中心代码列表,2026-08-01T19:29:01+08:00
600247,SH,东方财富行情中心代码列表,2026-08-01T19:29:01+08:00
600242,SH,东方财富行情中心代码列表,2026-08-01T19:29:01+08:00
600240,SH,东方财富行情中心代码列表,2026-08-01T19:29:01+08:00
600238,SH,东方财富行情中心代码列表,2026-08-01T19:29:01+08:00
600231,SH,东方财富行情中心代码列表,2026-08-01T19:29:01+08:00
600227,SH,东方财富行情中心代码列表,2026-08-01T19:29:01+08:00
600225,SH,东方财富行情中心代码列表,2026-08-01T19:29:01+08:00
600223,SH,东方财富行情中心代码列表,2026-08-01T19:29:01+08:00
600220,SH,东方财富行情中心代码列表,2026-08-01T19:29:01+08:00
600213,SH,东方财富行情中心代码列表,2026-08-01T19:29:01+08:00
600209,SH,东方财富行情中心代码列表,2026-08-01T19:29:01+08:00
600205,SH,东方财富行情中心代码列表,2026-08-01T19:29:01+08:00
600200,SH,东方财富行情中心代码列表,2026-08-01T19:29:01+08:00
600193,SH,东方财富行情中心代码列表,2026-08-01T19:29:01+08:00
600191,SH,东方财富行情中心代码列表,2026-08-01T19:29:01+08:00
600190,SH,东方财富行情中心代码列表,2026-08-01T19:29:01+08:00
600185,SH,东方财富行情中心代码列表,2026-08-01T19:29:01+08:00
600181,SH,东方财富行情中心代码列表,2026-08-01T19:29:01+08:00
600175,SH,东方财富行情中心代码列表,2026-08-01T19:29:01+08:00
600166,SH,东方财富行情中心代码列表,2026-08-01T19:29:01+08:00
600163,SH,东方财富行情中心代码列表,2026-08-01T19:29:01+08:00
600161,SH,东方财富行情中心代码列表,2026-08-01T19:29:01+08:00
600157,SH,东方财富行情中心代码列表,2026-08-01T19:29:01+08:00
600155,SH,东方财富行情中心代码列表,2026-08-01T19:29:01+08:00
600146,SH,东方财富行情中心代码列表,2026-08-01T19:29:01+08:00
600145,SH,东方财富行情中心代码列表,2026-08-01T19:29:01+08:00
600139,SH,东方财富行情中心代码列表,2026-08-01T19:29:01+08:00
600122,SH,东方财富行情中心代码列表,2026-08-01T19:29:01+08:00
600117,SH,东方财富行情中心代码列表,2026-08-01T19:29:01+08:00
600116,SH,东方财富行情中心代码列表,2026-08-01T19:29:01+08:00
600112,SH,东方财富行情中心代码列表,2026-08-01T19:29:01+08:00
600102,SH,东方财富行情中心代码列表,2026-08-01T19:29:01+08:00
600093,SH,东方财富行情中心代码列表,2026-08-01T19:29:01+08:00
600092,SH,东方财富行情中心代码列表,2026-08-01T19:29:01+08:00
600091,SH,东方财富行情中心代码列表,2026-08-01T19:29:01+08:00
600090,SH,东方财富行情中心代码列表,2026-08-01T19:29:01+08:00
600087,SH,东方财富行情中心代码列表,2026-08-01T19:29:01+08:00
600086,SH,东方财富行情中心代码列表,2026-08-01T19:29:01+08:00
600083,SH,东方财富行情中心代码列表,2026-08-01T19:29:01+08:00
600077,SH,东方财富行情中心代码列表,2026-08-01T19:29:01+08:00
600074,SH,东方财富行情中心代码列表,2026-08-01T19:29:01+08:00
600073,SH,东方财富行情中心代码列表,2026-08-01T19:29:01+08:00
600070,SH,东方财富行情中心代码列表,2026-08-01T19:29:01+08:00
600069,SH,东方财富行情中心代码列表,2026-08-01T19:29:01+08:00
600068,SH,东方财富行情中心代码列表,2026-08-01T19:29:01+08:00
600065,SH,东方财富行情中心代码列表,2026-08-01T19:29:01+08:00
600033,SH,东方财富行情中心代码列表,2026-08-01T19:29:01+08:00
600023,SH,东方财富行情中心代码列表,2026-08-01T19:29:01+08:00
600020,SH,东方财富行情中心代码列表,2026-08-01T19:29:01+08:00
600017,SH,东方财富行情中心代码列表,2026-08-01T19:29:01+08:00
600005,SH,东方财富行情中心代码列表,2026-08-01T19:29:01+08:00
600004,SH,东方财富行情中心代码列表,2026-08-01T19:29:01+08:00
600003,SH,东方财富行情中心代码列表,2026-08-01T19:29:01+08:00
600002,SH,东方财富行情中心代码列表,2026-08-01T19:29:01+08:00
600001,SH,东方财富行情中心代码列表,2026-08-01T19:29:01+08:00
301717,SZ,东方财富行情中心代码列表,2026-08-01T19:29:01+08:00
301707,SZ,东方财富行情中心代码列表,2026-08-01T19:29:01+08:00
301655,SZ,东方财富行情中心代码列表,2026-08-01T19:29:01+08:00
301109,SZ,东方财富行情中心代码列表,2026-08-01T19:29:01+08:00
300933,SZ,东方财富行情中心代码列表,2026-08-01T19:29:01+08:00
300862,SZ,东方财富行情中心代码列表,2026-08-01T19:29:01+08:00
300799,SZ,东方财富行情中心代码列表,2026-08-01T19:29:01+08:00
300772,SZ,东方财富行情中心代码列表,2026-08-01T19:29:01+08:00
300763,SZ,东方财富行情中心代码列表,2026-08-01T19:29:01+08:00
300742,SZ,东方财富行情中心代码列表,2026-08-01T19:29:01+08:00
300741,SZ,东方财富行情中心代码列表,2026-08-01T19:29:01+08:00
300630,SZ,东方财富行情中心代码列表,2026-08-01T19:29:01+08:00
300615,SZ,东方财富行情中心代码列表,2026-08-01T19:29:01+08:00
300526,SZ,东方财富行情中心代码列表,2026-08-01T19:29:01+08:00
300495,SZ,东方财富行情中心代码列表,2026-08-01T19:29:01+08:00
300431,SZ,东方财富行情中心代码列表,2026-08-01T19:29:01+08:00
300392,SZ,东方财富行情中心代码列表,2026-08-01T19:29:01+08:00
300391,SZ,东方财富行情中心代码列表,2026-08-01T19:29:01+08:00
300379,SZ,东方财富行情中心代码列表,2026-08-01T19:29:01+08:00
300372,SZ,东方财富行情中心代码列表,2026-08-01T19:29:01+08:00
300367,SZ,东方财富行情中心代码列表,2026-08-01T19:29:01+08:00
300362,SZ,东方财富行情中心代码列表,2026-08-01T19:29:01+08:00
300356,SZ,东方财富行情中心代码列表,2026-08-01T19:29:01+08:00
300344,SZ,东方财富行情中心代码列表,2026-08-01T19:29:01+08:00
300336,SZ,东方财富行情中心代码列表,2026-08-01T19:29:01+08:00
300333,SZ,东方财富行情中心代码列表,2026-08-01T19:29:01+08:00
300330,SZ,东方财富行情中心代码列表,2026-08-01T19:29:01+08:00
300325,SZ,东方财富行情中心代码列表,2026-08-01T19:29:01+08:00
300312,SZ,东方财富行情中心代码列表,2026-08-01T19:29:01+08:00
300309,SZ,东方财富行情中心代码列表,2026-08-01T19:29:01+08:00
300297,SZ,东方财富行情中心代码列表,2026-08-01T19:29:01+08:00
300282,SZ,东方财富行情中心代码列表,2026-08-01T19:29:01+08:00
300280,SZ,东方财富行情中心代码列表,2026-08-01T19:29:01+08:00
300273,SZ,东方财富行情中心代码列表,2026-08-01T19:29:01+08:00
300262,SZ,东方财富行情中心代码列表,2026-08-01T19:29:01+08:00
300216,SZ,东方财富行情中心代码列表,2026-08-01T19:29:01+08:00
300208,SZ,东方财富行情中心代码列表,2026-08-01T19:29:01+08:00
300202,SZ,东方财富行情中心代码列表,2026-08-01T19:29:01+08:00
300186,SZ,东方财富行情中心代码列表,2026-08-01T19:29:01+08:00
300178,SZ,东方财富行情中心代码列表,2026-08-01T19:29:01+08:00
300156,SZ,东方财富行情中心代码列表,2026-08-01T19:29:01+08:00
300117,SZ,东方财富行情中心代码列表,2026-08-01T19:29:01+08:00
300116,SZ,东方财富行情中心代码列表,2026-08-01T19:29:01+08:00
300108,SZ,东方财富行情中心代码列表,2026-08-01T19:29:01+08:00
300104,SZ,东方财富行情中心代码列表,2026-08-01T19:29:01+08:00
300090,SZ,东方财富行情中心代码列表,2026-08-01T19:29:01+08:00
300089,SZ,东方财富行情中心代码列表,2026-08-01T19:29:01+08:00
300070,SZ,东方财富行情中心代码列表,2026-08-01T19:29:01+08:00
300064,SZ,东方财富行情中心代码列表,2026-08-01T19:29:01+08:00
300038,SZ,东方财富行情中心代码列表,2026-08-01T19:29:01+08:00
300029,SZ,东方财富行情中心代码列表,2026-08-01T19:29:01+08:00
300028,SZ,东方财富行情中心代码列表,2026-08-01T19:29:01+08:00
300023,SZ,东方财富行情中心代码列表,2026-08-01T19:29:01+08:00
300015,SZ,东方财富行情中心代码列表,2026-08-01T19:29:01+08:00
002898,SZ,东方财富行情中心代码列表,2026-08-01T19:29:01+08:00
002828,SZ,东方财富行情中心代码列表,2026-08-01T19:29:01+08:00
002808,SZ,东方财富行情中心代码列表,2026-08-01T19:29:01+08:00
002781,SZ,东方财富行情中心代码列表,2026-08-01T19:29:01+08:00
002776,SZ,东方财富行情中心代码列表,2026-08-01T19:29:01+08:00
002770,SZ,东方财富行情中心代码列表,2026-08-01T19:29:01+08:00
002751,SZ,东方财富行情中心代码列表,2026-08-01T19:29:01+08:00
002750,SZ,东方财富行情中心代码列表,2026-08-01T19:29:01+08:00
002748,SZ,东方财富行情中心代码列表,2026-08-01T19:29:01+08:00
002742,SZ,东方财富行情中心代码列表,2026-08-01T19:29:01+08:00
002740,SZ,东方财富行情中心代码列表,2026-08-01T19:29:01+08:00
002736,SZ,东方财富行情中心代码列表,2026-08-01T19:29:01+08:00
002711,SZ,东方财富行情中心代码列表,2026-08-01T19:29:01+08:00
002699,SZ,东方财富行情中心代码列表,2026-08-01T19:29:01+08:00
002684,SZ,东方财富行情中心代码列表,2026-08-01T19:29:01+08:00
002680,SZ,东方财富行情中心代码列表,2026-08-01T19:29:01+08:00
002665,SZ,东方财富行情中心代码列表,2026-08-01T19:29:01+08:00
002626,SZ,东方财富行情中心代码列表,2026-08-01T19:29:01+08:00
002621,SZ,东方财富行情中心代码列表,2026-08-01T19:29:01+08:00
002619,SZ,东方财富行情中心代码列表,2026-08-01T19:29:01+08:00
002618,SZ,东方财富行情中心代码列表,2026-08-01T19:29:01+08:00
002610,SZ,东方财富行情中心代码列表,2026-08-01T19:29:01+08:00
002604,SZ,东方财富行情中心代码列表,2026-08-01T19:29:01+08:00
002509,SZ,东方财富行情中心代码列表,2026-08-01T19:29:01+08:00
002507,SZ,东方财富行情中心代码列表,2026-08-01T19:29:01+08:00
002505,SZ,东方财富行情中心代码列表,2026-08-01T19:29:01+08:00
002504,SZ,东方财富行情中心代码列表,2026-08-01T19:29:01+08:00
002503,SZ,东方财富行情中心代码列表,2026-08-01T19:29:01+08:00
002502,SZ,东方财富行情中心代码列表,2026-08-01T19:29:01+08:00
002499,SZ,东方财富行情中心代码列表,2026-08-01T19:29:01+08:00
002477,SZ,东方财富行情中心代码列表,2026-08-01T19:29:01+08:00
002473,SZ,东方财富行情中心代码列表,2026-08-01T19:29:01+08:00
002464,SZ,东方财富行情中心代码列表,2026-08-01T19:29:01+08:00
002459,SZ,东方财富行情中心代码列表,2026-08-01T19:29:01+08:00
002450,SZ,东方财富行情中心代码列表,2026-08-01T19:29:01+08:00
002448,SZ,东方财富行情中心代码列表,2026-08-01T19:29:01+08:00
002447,SZ,东方财富行情中心代码列表,2026-08-01T19:29:01+08:00
002435,SZ,东方财富行情中心代码列表,2026-08-01T19:29:01+08:00
002433,SZ,东方财富行情中心代码列表,2026-08-01T19:29:01+08:00
002417,SZ,东方财富行情中心代码列表,2026-08-01T19:29:01+08:00
002411,SZ,东方财富行情中心代码列表,2026-08-01T19:29:01+08:00
002391,SZ,东方财富行情中心代码列表,2026-08-01T19:29:01+08:00
002369,SZ,东方财富行情中心代码列表,2026-08-01T19:29:01+08:00
002359,SZ,东方财富行情中心代码列表,2026-08-01T19:29:01+08:00
002341,SZ,东方财富行情中心代码列表,2026-08-01T19:29:01+08:00
002340,SZ,东方财富行情中心代码列表,2026-08-01T19:29:01+08:00
002336,SZ,东方财富行情中心代码列表,2026-08-01T19:29:01+08:00
002325,SZ,东方财富行情中心代码列表,2026-08-01T19:29:01+08:00
002310,SZ,东方财富行情中心代码列表,2026-08-01T19:29:01+08:00
002308,SZ,东方财富行情中心代码列表,2026-08-01T19:29:01+08:00
002300,SZ,东方财富行情中心代码列表,2026-08-01T19:29:01+08:00
002288,SZ,东方财富行情中心代码列表,2026-08-01T19:29:01+08:00
002280,SZ,东方财富行情中心代码列表,2026-08-01T19:29:01+08:00
002260,SZ,东方财富行情中心代码列表,2026-08-01T19:29:01+08:00
002231,SZ,东方财富行情中心代码列表,2026-08-01T19:29:01+08:00
002226,SZ,东方财富行情中心代码列表,2026-08-01T19:29:01+08:00
002220,SZ,东方财富行情中心代码列表,2026-08-01T19:29:01+08:00
002211,SZ,东方财富行情中心代码列表,2026-08-01T19:29:01+08:00
002147,SZ,东方财富行情中心代码列表,2026-08-01T19:29:01+08:00
002143,SZ,东方财富行情中心代码列表,2026-08-01T19:29:01+08:00
002118,SZ,东方财富行情中心代码列表,2026-08-01T19:29:01+08:00
002113,SZ,东方财富行情中心代码列表,2026-08-01T19:29:01+08:00
002091,SZ,东方财富行情中心代码列表,2026-08-01T19:29:01+08:00
002089,SZ,东方财富行情中心代码列表,2026-08-01T19:29:01+08:00
002087,SZ,东方财富行情中心代码列表,2026-08-01T19:29:01+08:00
002071,SZ,东方财富行情中心代码列表,2026-08-01T19:29:01+08:00
002070,SZ,东方财富行情中心代码列表,2026-08-01T19:29:01+08:00
002060,SZ,东方财富行情中心代码列表,2026-08-01T19:29:01+08:00
002027,SZ,东方财富行情中心代码列表,2026-08-01T19:29:01+08:00
002018,SZ,东方财富行情中心代码列表,2026-08-01T19:29:01+08:00
002013,SZ,东方财富行情中心代码列表,2026-08-01T19:29:01+08:00
002002,SZ,东方财富行情中心代码列表,2026-08-01T19:29:01+08:00
001232,SZ,东方财富行情中心代码列表,2026-08-01T19:29:01+08:00
000996,SZ,东方财富行情中心代码列表,2026-08-01T19:29:01+08:00
000982,SZ,东方财富行情中心代码列表,2026-08-01T19:29:01+08:00
000979,SZ,东方财富行情中心代码列表,2026-08-01T19:29:01+08:00
000976,SZ,东方财富行情中心代码列表,2026-08-01T19:29:01+08:00
000971,SZ,东方财富行情中心代码列表,2026-08-01T19:29:01+08:00
000961,SZ,东方财富行情中心代码列表,2026-08-01T19:29:01+08:00
000959,SZ,东方财富行情中心代码列表,2026-08-01T19:29:01+08:00
000956,SZ,东方财富行情中心代码列表,2026-08-01T19:29:01+08:00
000939,SZ,东方财富行情中心代码列表,2026-08-01T19:29:01+08:00
000930,SZ,东方财富行情中心代码列表,2026-08-01T19:29:01+08:00
000918,SZ,东方财富行情中心代码列表,2026-08-01T19:29:01+08:00
000916,SZ,东方财富行情中心代码列表,2026-08-01T19:29:01+08:00
000900,SZ,东方财富行情中心代码列表,2026-08-01T19:29:01+08:00
000885,SZ,东方财富行情中心代码列表,2026-08-01T19:29:01+08:00
000876,SZ,东方财富行情中心代码列表,2026-08-01T19:29:01+08:00
000866,SZ,东方财富行情中心代码列表,2026-08-01T19:29:01+08:00
000861,SZ,东方财富行情中心代码列表,2026-08-01T19:29:01+08:00
000851,SZ,东方财富行情中心代码列表,2026-08-01T19:29:01+08:00
000850,SZ,东方财富行情中心代码列表,2026-08-01T19:29:01+08:00
000836,SZ,东方财富行情中心代码列表,2026-08-01T19:29:01+08:00
000835,SZ,东方财富行情中心代码列表,2026-08-01T19:29:01+08:00
000832,SZ,东方财富行情中心代码列表,2026-08-01T19:29:01+08:00
000827,SZ,东方财富行情中心代码列表,2026-08-01T19:29:01+08:00
000825,SZ,东方财富行情中心代码列表,2026-08-01T19:29:01+08:00
000817,SZ,东方财富行情中心代码列表,2026-08-01T19:29:01+08:00
000806,SZ,东方财富行情中心代码列表,2026-08-01T19:29:01+08:00
000805,SZ,东方财富行情中心代码列表,2026-08-01T19:29:01+08:00
000789,SZ,东方财富行情中心代码列表,2026-08-01T19:29:01+08:00
000787,SZ,东方财富行情中心代码列表,2026-08-01T19:29:01+08:00
000780,SZ,东方财富行情中心代码列表,2026-08-01T19:29:01+08:00
000769,SZ,东方财富行情中心代码列表,2026-08-01T19:29:01+08:00
000765,SZ,东方财富行情中心代码列表,2026-08-01T19:29:01+08:00
000763,SZ,东方财富行情中心代码列表,2026-08-01T19:29:01+08:00
000760,SZ,东方财富行情中心代码列表,2026-08-01T19:29:01+08:00
000748,SZ,东方财富行情中心代码列表,2026-08-01T19:29:01+08:00
000732,SZ,东方财富行情中心代码列表,2026-08-01T19:29:01+08:00
000730,SZ,东方财富行情中心代码列表,2026-08-01T19:29:01+08:00
000699,SZ,东方财富行情中心代码列表,2026-08-01T19:29:01+08:00
000693,SZ,东方财富行情中心代码列表,2026-08-01T19:29:01+08:00
000689,SZ,东方财富行情中心代码列表,2026-08-01T19:29:01+08:00
000687,SZ,东方财富行情中心代码列表,2026-08-01T19:29:01+08:00
000675,SZ,东方财富行情中心代码列表,2026-08-01T19:29:01+08:00
000673,SZ,东方财富行情中心代码列表,2026-08-01T19:29:01+08:00
000671,SZ,东方财富行情中心代码列表,2026-08-01T19:29:01+08:00
000669,SZ,东方财富行情中心代码列表,2026-08-01T19:29:01+08:00
000667,SZ,东方财富行情中心代码列表,2026-08-01T19:29:01+08:00
000666,SZ,东方财富行情中心代码列表,2026-08-01T19:29:01+08:00
000662,SZ,东方财富行情中心代码列表,2026-08-01T19:29:01+08:00
000660,SZ,东方财富行情中心代码列表,2026-08-01T19:29:01+08:00
000658,SZ,东方财富行情中心代码列表,2026-08-01T19:29:01+08:00
000653,SZ,东方财富行情中心代码列表,2026-08-01T19:29:01+08:00
000638,SZ,东方财富行情中心代码列表,2026-08-01T19:29:01+08:00
000627,SZ,东方财富行情中心代码列表,2026-08-01T19:29:01+08:00
000622,SZ,东方财富行情中心代码列表,2026-08-01T19:29:01+08:00
000621,SZ,东方财富行情中心代码列表,2026-08-01T19:29:01+08:00
000618,SZ,东方财富行情中心代码列表,2026-08-01T19:29:01+08:00
000616,SZ,东方财富行情中心代码列表,2026-08-01T19:29:01+08:00
000613,SZ,东方财富行情中心代码列表,2026-08-01T19:29:01+08:00
000611,SZ,东方财富行情中心代码列表,2026-08-01T19:29:01+08:00
000606,SZ,东方财富行情中心代码列表,2026-08-01T19:29:01+08:00
000602,SZ,东方财富行情中心代码列表,2026-08-01T19:29:01+08:00
000600,SZ,东方财富行情中心代码列表,2026-08-01T19:29:01+08:00
000594,SZ,东方财富行情中心代码列表,2026-08-01T19:29:01+08:00
000591,SZ,东方财富行情中心代码列表,2026-08-01T19:29:01+08:00
000588,SZ,东方财富行情中心代码列表,2026-08-01T19:29:01+08:00
000587,SZ,东方财富行情中心代码列表,2026-08-01T19:29:01+08:00
000585,SZ,东方财富行情中心代码列表,2026-08-01T19:29:01+08:00
000584,SZ,东方财富行情中心代码列表,2026-08-01T19:29:01+08:00
000583,SZ,东方财富行情中心代码列表,2026-08-01T19:29:01+08:00
000578,SZ,东方财富行情中心代码列表,2026-08-01T19:29:01+08:00
000572,SZ,东方财富行情中心代码列表,2026-08-01T19:29:01+08:00
000569,SZ,东方财富行情中心代码列表,2026-08-01T19:29:01+08:00
000562,SZ,东方财富行情中心代码列表,2026-08-01T19:29:01+08:00
000556,SZ,东方财富行情中心代码列表,2026-08-01T19:29:01+08:00
000549,SZ,东方财富行情中心代码列表,2026-08-01T19:29:01+08:00
000543,SZ,东方财富行情中心代码列表,2026-08-01T19:29:01+08:00
000542,SZ,东方财富行情中心代码列表,2026-08-01T19:29:01+08:00
000540,SZ,东方财富行情中心代码列表,2026-08-01T19:29:01+08:00
000535,SZ,东方财富行情中心代码列表,2026-08-01T19:29:01+08:00
000527,SZ,东方财富行情中心代码列表,2026-08-01T19:29:01+08:00
000525,SZ,东方财富行情中心代码列表,2026-08-01T19:29:01+08:00
000522,SZ,东方财富行情中心代码列表,2026-08-01T19:29:01+08:00
000515,SZ,东方财富行情中心代码列表,2026-08-01T19:29:01+08:00
000511,SZ,东方财富行情中心代码列表,2026-08-01T19:29:01+08:00
000508,SZ,东方财富行情中心代码列表,2026-08-01T19:29:01+08:00
000502,SZ,东方财富行情中心代码列表,2026-08-01T19:29:01+08:00
000422,SZ,东方财富行情中心代码列表,2026-08-01T19:29:01+08:00
000420,SZ,东方财富行情中心代码列表,2026-08-01T19:29:01+08:00
000418,SZ,东方财富行情中心代码列表,2026-08-01T19:29:01+08:00
000416,SZ,东方财富行情中心代码列表,2026-08-01T19:29:01+08:00
000413,SZ,东方财富行情中心代码列表,2026-08-01T19:29:01+08:00
000412,SZ,东方财富行情中心代码列表,2026-08-01T19:29:01+08:00
000406,SZ,东方财富行情中心代码列表,2026-08-01T19:29:01+08:00
000405,SZ,东方财富行情中心代码列表,2026-08-01T19:29:01+08:00
000401,SZ,东方财富行情中心代码列表,2026-08-01T19:29:01+08:00
000155,SZ,东方财富行情中心代码列表,2026-08-01T19:29:01+08:00
000150,SZ,东方财富行情中心代码列表,2026-08-01T19:29:01+08:00
000089,SZ,东方财富行情中心代码列表,2026-08-01T19:29:01+08:00
000047,SZ,东方财富行情中心代码列表,2026-08-01T19:29:01+08:00
000046,SZ,东方财富行情中心代码列表,2026-08-01T19:29:01+08:00
000040,SZ,东方财富行情中心代码列表,2026-08-01T19:29:01+08:00
000038,SZ,东方财富行情中心代码列表,2026-08-01T19:29:01+08:00
000033,SZ,东方财富行情中心代码列表,2026-08-01T19:29:01+08:00
000024,SZ,东方财富行情中心代码列表,2026-08-01T19:29:01+08:00
000023,SZ,东方财富行情中心代码列表,2026-08-01T19:29:01+08:00
000018,SZ,东方财富行情中心代码列表,2026-08-01T19:29:01+08:00
000015,SZ,东方财富行情中心代码列表,2026-08-01T19:29:01+08:00
000013,SZ,东方财富行情中心代码列表,2026-08-01T19:29:01+08:00
000012,SZ,东方财富行情中心代码列表,2026-08-01T19:29:01+08:00
000005,SZ,东方财富行情中心代码列表,2026-08-01T19:29:01+08:00
000004,SZ,东方财富行情中心代码列表,2026-08-01T19:29:01+08:00
000003,SZ,东方财富行情中心代码列表,2026-08-01T19:29:01+08:00
601088,SH,东方财富行情中心代码列表,2026-08-01T19:29:01+08:00
600329,SH,东方财富行情中心代码列表,2026-08-01T19:29:01+08:00
688213,SH,东方财富行情中心代码列表,2026-08-01T19:29:01+08:00
300777,SZ,东方财富行情中心代码列表,2026-08-01T19:29:01+08:00
603057,SH,东方财富行情中心代码列表,2026-08-01T19:29:01+08:00
603799,SH,东方财富行情中心代码列表,2026-08-01T19:29:01+08:00
688351,SH,东方财富行情中心代码列表,2026-08-01T19:29:01+08:00
002389,SZ,东方财富行情中心代码列表,2026-08-01T19:29:01+08:00
301682,SZ,东方财富行情中心代码列表,2026-08-01T19:29:01+08:00
000581,SZ,东方财富行情中心代码列表,2026-08-01T19:29:01+08:00
000708,SZ,东方财富行情中心代码列表,2026-08-01T19:29:01+08:00
301100,SZ,东方财富行情中心代码列表,2026-08-01T19:29:01+08:00
600141,SH,东方财富行情中心代码列表,2026-08-01T19:29:01+08:00
002594,SZ,东方财富行情中心代码列表,2026-08-01T19:29:01+08:00
600765,SH,东方财富行情中心代码列表,2026-08-01T19:29:01+08:00
001258,SZ,东方财富行情中心代码列表,2026-08-01T19:29:01+08:00
000819,SZ,东方财富行情中心代码列表,2026-08-01T19:29:01+08:00
300164,SZ,东方财富行情中心代码列表,2026-08-01T19:29:01+08:00
600438,SH,东方财富行情中心代码列表,2026-08-01T19:29:01+08:00
002727,SZ,东方财富行情中心代码列表,2026-08-01T19:29:01+08:00
600710,SH,东方财富行情中心代码列表,2026-08-01T19:29:01+08:00
601615,SH,东方财富行情中心代码列表,2026-08-01T19:29:01+08:00
603035,SH,东方财富行情中心代码列表,2026-08-01T19:29:01+08:00
002014,SZ,东方财富行情中心代码列表,2026-08-01T19:29:01+08:00
300390,SZ,东方财富行情中心代码列表,2026-08-01T19:29:01+08:00
600650,SH,东方财富行情中心代码列表,2026-08-01T19:29:01+08:00
603076,SH,东方财富行情中心代码列表,2026-08-01T19:29:01+08:00
300453,SZ,东方财富行情中心代码列表,2026-08-01T19:29:01+08:00
600976,SH,东方财富行情中心代码列表,2026-08-01T19:29:01+08:00
002423,SZ,东方财富行情中心代码列表,2026-08-01T19:29:01+08:00
600958,SH,东方财富行情中心代码列表,2026-08-01T19:29:01+08:00
688268,SH,东方财富行情中心代码列表,2026-08-01T19:29:01+08:00
601985,SH,东方财富行情中心代码列表,2026-08-01T19:29:01+08:00
001323,SZ,东方财富行情中心代码列表,2026-08-01T19:29:01+08:00
601888,SH,东方财富行情中心代码列表,2026-08-01T19:29:01+08:00
603392,SH,东方财富行情中心代码列表,2026-08-01T19:29:01+08:00
600528,SH,东方财富行情中心代码列表,2026-08-01T19:29:01+08:00
601901,SH,东方财富行情中心代码列表,2026-08-01T19:29:01+08:00
603043,SH,东方财富行情中心代码列表,2026-08-01T19:29:01+08:00
300770,SZ,东方财富行情中心代码列表,2026-08-01T19:29:01+08:00
002673,SZ,东方财富行情中心代码列表,2026-08-01T19:29:01+08:00
600057,SH,东方财富行情中心代码列表,2026-08-01T19:29:01+08:00
002698,SZ,东方财富行情中心代码列表,2026-08-01T19:29:01+08:00
600987,SH,东方财富行情中心代码列表,2026-08-01T19:29:01+08:00
300702,SZ,东方财富行情中心代码列表,2026-08-01T19:29:01+08:00
002327,SZ,东方财富行情中心代码列表,2026-08-01T19:29:01+08:00
600901,SH,东方财富行情中心代码列表,2026-08-01T19:29:01+08:00
300472,SZ,东方财富行情中心代码列表,2026-08-01T19:29:01+08:00
600587,SH,东方财富行情中心代码列表,2026-08-01T19:29:01+08:00
001203,SZ,东方财富行情中心代码列表,2026-08-01T19:29:01+08:00
601800,SH,东方财富行情中心代码列表,2026-08-01T19:29:01+08:00
601107,SH,东方财富行情中心代码列表,2026-08-01T19:29:01+08:00
600660,SH,东方财富行情中心代码列表,2026-08-01T19:29:01+08:00
600079,SH,东方财富行情中心代码列表,2026-08-01T19:29:01+08:00
000801,SZ,东方财富行情中心代码列表,2026-08-01T19:29:01+08:00
600578,SH,东方财富行情中心代码列表,2026-08-01T19:29:01+08:00
603569,SH,东方财富行情中心代码列表,2026-08-01T19:29:01+08:00
001382,SZ,东方财富行情中心代码列表,2026-08-01T19:29:01+08:00
688639,SH,东方财富行情中心代码列表,2026-08-01T19:29:01+08:00
600908,SH,东方财富行情中心代码列表,2026-08-01T19:29:01+08:00
600918,SH,东方财富行情中心代码列表,2026-08-01T19:29:01+08:00
301015,SZ,东方财富行情中心代码列表,2026-08-01T19:29:01+08:00
603313,SH,东方财富行情中心代码列表,2026-08-01T19:29:01+08:00
300374,SZ,东方财富行情中心代码列表,2026-08-01T19:29:01+08:00
002204,SZ,东方财富行情中心代码列表,2026-08-01T19:29:01+08:00
003010,SZ,东方财富行情中心代码列表,2026-08-01T19:29:01+08:00
301223,SZ,东方财富行情中心代码列表,2026-08-01T19:29:01+08:00
600028,SH,东方财富行情中心代码列表,2026-08-01T19:29:01+08:00
600517,SH,东方财富行情中心代码列表,2026-08-01T19:29:01+08:00
688567,SH,东方财富行情中心代码列表,2026-08-01T19:29:01+08:00
600478,SH,东方财富行情中心代码列表,2026-08-01T19:29:01+08:00
600025,SH,东方财富行情中心代码列表,2026-08-01T19:29:01+08:00
002454,SZ,东方财富行情中心代码列表,2026-08-01T19:29:01+08:00
600812,SH,东方财富行情中心代码列表,2026-08-01T19:29:01+08:00
601216,SH,东方财富行情中心代码列表,2026-08-01T19:29:01+08:00
000937,SZ,东方财富行情中心代码列表,2026-08-01T19:29:01+08:00
600030,SH,东方财富行情中心代码列表,2026-08-01T19:29:01+08:00
000166,SZ,东方财富行情中心代码列表,2026-08-01T19:29:01+08:00
688192,SH,东方财富行情中心代码列表,2026-08-01T19:29:01+08:00
002302,SZ,东方财富行情中心代码列表,2026-08-01T19:29:01+08:00
600866,SH,东方财富行情中心代码列表,2026-08-01T19:29:01+08:00
600289,SH,东方财富行情中心代码列表,2026-08-01T19:29:01+08:00
600422,SH,东方财富行情中心代码列表,2026-08-01T19:29:01+08:00
603170,SH,东方财富行情中心代码列表,2026-08-01T19:29:01+08:00
002129,SZ,东方财富行情中心代码列表,2026-08-01T19:29:01+08:00
002296,SZ,东方财富行情中心代码列表,2026-08-01T19:29:01+08:00
600160,SH,东方财富行情中心代码列表,2026-08-01T19:29:01+08:00
002497,SZ,东方财富行情中心代码列表,2026-08-01T19:29:01+08:00
300972,SZ,东方财富行情中心代码列表,2026-08-01T19:29:01+08:00
000589,SZ,东方财富行情中心代码列表,2026-08-01T19:29:01+08:00
688063,SH,东方财富行情中心代码列表,2026-08-01T19:29:01+08:00
688223,SH,东方财富行情中心代码列表,2026-08-01T19:29:01+08:00
601012,SH,东方财富行情中心代码列表,2026-08-01T19:29:01+08:00
603558,SH,东方财富行情中心代码列表,2026-08-01T19:29:01+08:00
002444,SZ,东方财富行情中心代码列表,2026-08-01T19:29:01+08:00
001369,SZ,东方财富行情中心代码列表,2026-08-01T19:29:01+08:00
600279,SH,东方财富行情中心代码列表,2026-08-01T19:29:01+08:00
002546,SZ,东方财富行情中心代码列表,2026-08-01T19:29:01+08:00
002466,SZ,东方财富行情中心代码列表,2026-08-01T19:29:01+08:00
601311,SH,东方财富行情中心代码列表,2026-08-01T19:29:01+08:00
601512,SH,东方财富行情中心代码列表,2026-08-01T19:29:01+08:00
301127,SZ,东方财富行情中心代码列表,2026-08-01T19:29:01+08:00
301057,SZ,东方财富行情中心代码列表,2026-08-01T19:29:01+08:00
600131,SH,东方财富行情中心代码列表,2026-08-01T19:29:01+08:00
603587,SH,东方财富行情中心代码列表,2026-08-01T19:29:01+08:00
300824,SZ,东方财富行情中心代码列表,2026-08-01T19:29:01+08:00
002791,SZ,东方财富行情中心代码列表,2026-08-01T19:29:01+08:00
002191,SZ,东方财富行情中心代码列表,2026-08-01T19:29:01+08:00
600361,SH,东方财富行情中心代码列表,2026-08-01T19:29:01+08:00
600649,SH,东方财富行情中心代码列表,2026-08-01T19:29:01+08:00
002267,SZ,东方财富行情中心代码列表,2026-08-01T19:29:01+08:00
001872,SZ,东方财富行情中心代码列表,2026-08-01T19:29:01+08:00
601066,SH,东方财富行情中心代码列表,2026-08-01T19:29:01+08:00
600928,SH,东方财富行情中心代码列表,2026-08-01T19:29:01+08:00
002703,SZ,东方财富行情中心代码列表,2026-08-01T19:29:01+08:00
000868,SZ,东方财富行情中心代码列表,2026-08-01T19:29:01+08:00
600016,SH,东方财富行情中心代码列表,2026-08-01T19:29:01+08:00
000912,SZ,东方财富行情中心代码列表,2026-08-01T19:29:01+08:00
002208,SZ,东方财富行情中心代码列表,2026-08-01T19:29:01+08:00
002668,SZ,东方财富行情中心代码列表,2026-08-01T19:29:01+08:00
600211,SH,东方财富行情中心代码列表,2026-08-01T19:29:01+08:00
001286,SZ,东方财富行情中心代码列表,2026-08-01T19:29:01+08:00
603236,SH,东方财富行情中心代码列表,2026-08-01T19:29:01+08:00
000968,SZ,东方财富行情中心代码列表,2026-08-01T19:29:01+08:00
603898,SH,东方财富行情中心代码列表,2026-08-01T19:29:01+08:00
000632,SZ,东方财富行情中心代码列表,2026-08-01T19:29:01+08:00
002007,SZ,东方财富行情中心代码列表,2026-08-01T19:29:01+08:00
002543,SZ,东方财富行情中心代码列表,2026-08-01T19:29:01+08:00
600529,SH,东方财富行情中心代码列表,2026-08-01T19:29:01+08:00
600676,SH,东方财富行情中心代码列表,2026-08-01T19:29:01+08:00
300689,SZ,东方财富行情中心代码列表,2026-08-01T19:29:01+08:00
688087,SH,东方财富行情中心代码列表,2026-08-01T19:29:01+08:00
600926,SH,东方财富行情中心代码列表,2026-08-01T19:29:01+08:00
600496,SH,东方财富行情中心代码列表,2026-08-01T19:29:01+08:00
002246,SZ,东方财富行情中心代码列表,2026-08-01T19:29:01+08:00
002523,SZ,东方财富行情中心代码列表,2026-08-01T19:29:01+08:00
000983,SZ,东方财富行情中心代码列表,2026-08-01T19:29:01+08:00
601128,SH,东方财富行情中心代码列表,2026-08-01T19:29:01+08:00
000719,SZ,东方财富行情中心代码列表,2026-08-01T19:29:01+08:00
600058,SH,东方财富行情中心代码列表,2026-08-01T19:29:01+08:00
600810,SH,东方财富行情中心代码列表,2026-08-01T19:29:01+08:00
603535,SH,东方财富行情中心代码列表,2026-08-01T19:29:01+08:00
002958,SZ,东方财富行情中心代码列表,2026-08-01T19:29:01+08:00
000563,SZ,东方财富行情中心代码列表,2026-08-01T19:29:01+08:00
300274,SZ,东方财富行情中心代码列表,2026-08-01T19:29:01+08:00
600072,SH,东方财富行情中心代码列表,2026-08-01T19:29:01+08:00
002753,SZ,东方财富行情中心代码列表,2026-08-01T19:29:01+08:00
600566,SH,东方财富行情中心代码列表,2026-08-01T19:29:01+08:00
002101,SZ,东方财富行情中心代码列表,2026-08-01T19:29:01+08:00
300073,SZ,东方财富行情中心代码列表,2026-08-01T19:29:01+08:00
600248,SH,东方财富行情中心代码列表,2026-08-01T19:29:01+08:00
000923,SZ,东方财富行情中心代码列表,2026-08-01T19:29:01+08:00
600690,SH,东方财富行情中心代码列表,2026-08-01T19:29:01+08:00
000039,SZ,东方财富行情中心代码列表,2026-08-01T19:29:01+08:00
603129,SH,东方财富行情中心代码列表,2026-08-01T19:29:01+08:00
600348,SH,东方财富行情中心代码列表,2026-08-01T19:29:01+08:00
603281,SH,东方财富行情中心代码列表,2026-08-01T19:29:01+08:00
603798,SH,东方财富行情中心代码列表,2026-08-01T19:29:01+08:00
600741,SH,东方财富行情中心代码列表,2026-08-01T19:29:01+08:00
000998,SZ,东方财富行情中心代码列表,2026-08-01T19:29:01+08:00
301175,SZ,东方财富行情中心代码列表,2026-08-01T19:29:01+08:00
605507,SH,东方财富行情中心代码列表,2026-08-01T19:29:01+08:00
601555,SH,东方财富行情中心代码列表,2026-08-01T19:29:01+08:00
002352,SZ,东方财富行情中心代码列表,2026-08-01T19:29:01+08:00
603128,SH,东方财富行情中心代码列表,2026-08-01T19:29:01+08:00
000553,SZ,东方财富行情中心代码列表,2026-08-01T19:29:01+08:00
601860,SH,东方财富行情中心代码列表,2026-08-01T19:29:01+08:00
600720,SH,东方财富行情中心代码列表,2026-08-01T19:29:01+08:00
600048,SH,东方财富行情中心代码列表,2026-08-01T19:29:01+08:00
002941,SZ,东方财富行情中心代码列表,2026-08-01T19:29:01+08:00
603920,SH,东方财富行情中心代码列表,2026-08-01T19:29:01+08:00
600335,SH,东方财富行情中心代码列表,2026-08-01T19:29:01+08:00
600177,SH,东方财富行情中心代码列表,2026-08-01T19:29:01+08:00
301035,SZ,东方财富行情中心代码列表,2026-08-01T19:29:01+08:00
002430,SZ,东方财富行情中心代码列表,2026-08-01T19:29:01+08:00
600884,SH,东方财富行情中心代码列表,2026-08-01T19:29:01+08:00
002408,SZ,东方财富行情中心代码列表,2026-08-01T19:29:01+08:00
600188,SH,东方财富行情中心代码列表,2026-08-01T19:29:01+08:00
000927,SZ,东方财富行情中心代码列表,2026-08-01T19:29:01+08:00
601699,SH,东方财富行情中心代码列表,2026-08-01T19:29:01+08:00
002511,SZ,东方财富行情中心代码列表,2026-08-01T19:29:01+08:00
000651,SZ,东方财富行情中心代码列表,2026-08-01T19:29:01+08:00
000690,SZ,东方财富行情中心代码列表,2026-08-01T19:29:01+08:00
600582,SH,东方财富行情中心代码列表,2026-08-01T19:29:01+08:00
601688,SH,东方财富行情中心代码列表,2026-08-01T19:29:01+08:00
002998,SZ,东方财富行情中心代码列表,2026-08-01T19:29:01+08:00
002945,SZ,东方财富行情中心代码列表,2026-08-01T19:29:01+08:00
001328,SZ,东方财富行情中心代码列表,2026-08-01T19:29:01+08:00
002759,SZ,东方财富行情中心代码列表,2026-08-01T19:29:01+08:00
002035,SZ,东方财富行情中心代码列表,2026-08-01T19:29:01+08:00
300627,SZ,东方财富行情中心代码列表,2026-08-01T19:29:01+08:00
002847,SZ,东方财富行情中心代码列表,2026-08-01T19:29:01+08:00
601668,SH,东方财富行情中心代码列表,2026-08-01T19:29:01+08:00
000999,SZ,东方财富行情中心代码列表,2026-08-01T19:29:01+08:00
600585,SH,东方财富行情中心代码列表,2026-08-01T19:29:01+08:00
601065,SH,东方财富行情中心代码列表,2026-08-01T19:29:01+08:00
605296,SH,东方财富行情中心代码列表,2026-08-01T19:29:01+08:00
603202,SH,东方财富行情中心代码列表,2026-08-01T19:29:01+08:00
002460,SZ,东方财富行情中心代码列表,2026-08-01T19:29:01+08:00
002128,SZ,东方财富行情中心代码列表,2026-08-01T19:29:01+08:00
603352,SH,东方财富行情中心代码列表,2026-08-01T19:29:01+08:00
601919,SH,东方财富行情中心代码列表,2026-08-01T19:29:01+08:00
600050,SH,东方财富行情中心代码列表,2026-08-01T19:29:01+08:00
000685,SZ,东方财富行情中心代码列表,2026-08-01T19:29:01+08:00
601163,SH,东方财富行情中心代码列表,2026-08-01T19:29:01+08:00
600603,SH,东方财富行情中心代码列表,2026-08-01T19:29:01+08:00
001227,SZ,东方财富行情中心代码列表,2026-08-01T19:29:01+08:00
002074,SZ,东方财富行情中心代码列表,2026-08-01T19:29:01+08:00
600739,SH,东方财富行情中心代码列表,2026-08-01T19:29:01+08:00
603866,SH,东方财富行情中心代码列表,2026-08-01T19:29:01+08:00
300628,SZ,东方财富行情中心代码列表,2026-08-01T19:29:01+08:00
000709,SZ,东方财富行情中心代码列表,2026-08-01T19:29:01+08:00
600415,SH,东方财富行情中心代码列表,2026-08-01T19:29:01+08:00
601808,SH,东方财富行情中心代码列表,2026-08-01T19:29:01+08:00
688029,SH,东方财富行情中心代码列表,2026-08-01T19:29:01+08:00
600598,SH,东方财富行情中心代码列表,2026-08-01T19:29:01+08:00
600173,SH,东方财富行情中心代码列表,2026-08-01T19:29:01+08:00
600761,SH,东方财富行情中心代码列表,2026-08-01T19:29:01+08:00
002271,SZ,东方财富行情中心代码列表,2026-08-01T19:29:01+08:00
603027,SH,东方财富行情中心代码列表,2026-08-01T19:29:01+08:00
600167,SH,东方财富行情中心代码列表,2026-08-01T19:29:01+08:00
600731,SH,东方财富行情中心代码列表,2026-08-01T19:29:01+08:00
002810,SZ,东方财富行情中心代码列表,2026-08-01T19:29:01+08:00
603395,SH,东方财富行情中心代码列表,2026-08-01T19:29:01+08:00
688155,SH,东方财富行情中心代码列表,2026-08-01T19:29:01+08:00
603153,SH,东方财富行情中心代码列表,2026-08-01T19:29:01+08:00
002090,SZ,东方财富行情中心代码列表,2026-08-01T19:29:01+08:00
000550,SZ,东方财富行情中心代码列表,2026-08-01T19:29:01+08:00
002738,SZ,东方财富行情中心代码列表,2026-08-01T19:29:01+08:00
600562,SH,东方财富行情中心代码列表,2026-08-01T19:29:01+08:00
002270,SZ,东方财富行情中心代码列表,2026-08-01T19:29:01+08:00
300856,SZ,东方财富行情中心代码列表,2026-08-01T19:29:01+08:00
002215,SZ,东方财富行情中心代码列表,2026-08-01T19:29:01+08:00
601568,SH,东方财富行情中心代码列表,2026-08-01T19:29:01+08:00
002936,SZ,东方财富行情中心代码列表,2026-08-01T19:29:01+08:00
000598,SZ,东方财富行情中心代码列表,2026-08-01T19:29:01+08:00
601628,SH,东方财富行情中心代码列表,2026-08-01T19:29:01+08:00
603599,SH,东方财富行情中心代码列表,2026-08-01T19:29:01+08:00
603101,SH,东方财富行情中心代码列表,2026-08-01T19:29:01+08:00
603288,SH,东方财富行情中心代码列表,2026-08-01T19:29:01+08:00
603093,SH,东方财富行情中心代码列表,2026-08-01T19:29:01+08:00
603579,SH,东方财富行情中心代码列表,2026-08-01T19:29:01+08:00
002670,SZ,东方财富行情中心代码列表,2026-08-01T19:29:01+08:00
605378,SH,东方财富行情中心代码列表,2026-08-01T19:29:01+08:00
600107,SH,东方财富行情中心代码列表,2026-08-01T19:29:01+08:00
688122,SH,东方财富行情中心代码列表,2026-08-01T19:29:01+08:00
688188,SH,东方财富行情中心代码列表,2026-08-01T19:29:01+08:00
600038,SH,东方财富行情中心代码列表,2026-08-01T19:29:01+08:00
603194,SH,东方财富行情中心代码列表,2026-08-01T19:29:01+08:00
600844,SH,东方财富行情中心代码列表,2026-08-01T19:29:01+08:00
600746,SH,东方财富行情中心代码列表,2026-08-01T19:29:01+08:00
600356,SH,东方财富行情中心代码列表,2026-08-01T19:29:01+08:00
003006,SZ,东方财富行情中心代码列表,2026-08-01T19:29:01+08:00
002566,SZ,东方财富行情中心代码列表,2026-08-01T19:29:01+08:00
603707,SH,东方财富行情中心代码列表,2026-08-01T19:29:01+08:00
600983,SH,东方财富行情中心代码列表,2026-08-01T19:29:01+08:00
000011,SZ,东方财富行情中心代码列表,2026-08-01T19:29:01+08:00
601818,SH,东方财富行情中心代码列表,2026-08-01T19:29:01+08:00
605028,SH,东方财富行情中心代码列表,2026-08-01T19:29:01+08:00
600787,SH,东方财富行情中心代码列表,2026-08-01T19:29:01+08:00
601021,SH,东方财富行情中心代码列表,2026-08-01T19:29:01+08:00
002478,SZ,东方财富行情中心代码列表,2026-08-01T19:29:01+08:00
000059,SZ,东方财富行情中心代码列表,2026-08-01T19:29:01+08:00
603568,SH,东方财富行情中心代码列表,2026-08-01T19:29:01+08:00
002436,SZ,东方财富行情中心代码列表,2026-08-01T19:29:01+08:00
600686,SH,东方财富行情中心代码列表,2026-08-01T19:29:01+08:00
002839,SZ,东方财富行情中心代码列表,2026-08-01T19:29:01+08:00
603327,SH,东方财富行情中心代码列表,2026-08-01T19:29:01+08:00
002588,SZ,东方财富行情中心代码列表,2026-08-01T19:29:01+08:00
601319,SH,东方财富行情中心代码列表,2026-08-01T19:29:01+08:00
601965,SH,东方财富行情中心代码列表,2026-08-01T19:29:01+08:00
600307,SH,东方财富行情中心代码列表,2026-08-01T19:29:01+08:00
002092,SZ,东方财富行情中心代码列表,2026-08-01T19:29:01+08:00
601033,SH,东方财富行情中心代码列表,2026-08-01T19:29:01+08:00
300798,SZ,东方财富行情中心代码列表,2026-08-01T19:29:01+08:00
002078,SZ,东方财富行情中心代码列表,2026-08-01T19:29:01+08:00
002690,SZ,东方财富行情中心代码列表,2026-08-01T19:29:01+08:00
000400,SZ,东方财富行情中心代码列表,2026-08-01T19:29:01+08:00
688708,SH,东方财富行情中心代码列表,2026-08-01T19:29:01+08:00
601158,SH,东方财富行情中心代码列表,2026-08-01T19:29:01+08:00
000830,SZ,东方财富行情中心代码列表,2026-08-01T19:29:01+08:00
000858,SZ,东方财富行情中心代码列表,2026-08-01T19:29:01+08:00
600022,SH,东方财富行情中心代码列表,2026-08-01T19:29:01+08:00
600269,SH,东方财富行情中心代码列表,2026-08-01T19:29:01+08:00
003816,SZ,东方财富行情中心代码列表,2026-08-01T19:29:01+08:00
688012,SH,东方财富行情中心代码列表,2026-08-01T19:29:01+08:00
600256,SH,东方财富行情中心代码列表,2026-08-01T19:29:01+08:00
600868,SH,东方财富行情中心代码列表,2026-08-01T19:29:01+08:00
603279,SH,东方财富行情中心代码列表,2026-08-01T19:29:01+08:00
600970,SH,东方财富行情中心代码列表,2026-08-01T19:29:01+08:00
001205,SZ,东方财富行情中心代码列表,2026-08-01T19:29:01+08:00
600829,SH,东方财富行情中心代码列表,2026-08-01T19:29:01+08:00
600801,SH,东方财富行情中心代码列表,2026-08-01T19:29:01+08:00
600808,SH,东方财富行情中心代码列表,2026-08-01T19:29:01+08:00
600712,SH,东方财富行情中心代码列表,2026-08-01T19:29:01+08:00
601658,SH,东方财富行情中心代码列表,2026-08-01T19:29:01+08:00
002252,SZ,东方财富行情中心代码列表,2026-08-01T19:29:01+08:00
000552,SZ,东方财富行情中心代码列表,2026-08-01T19:29:01+08:00
300261,SZ,东方财富行情中心代码列表,2026-08-01T19:29:01+08:00
000990,SZ,东方财富行情中心代码列表,2026-08-01T19:29:01+08:00
603967,SH,东方财富行情中心代码列表,2026-08-01T19:29:01+08:00
688819,SH,东方财富行情中心代码列表,2026-08-01T19:29:01+08:00
001386,SZ,东方财富行情中心代码列表,2026-08-01T19:29:01+08:00
601155,SH,东方财富行情中心代码列表,2026-08-01T19:29:01+08:00
688778,SH,东方财富行情中心代码列表,2026-08-01T19:29:01+08:00
000582,SZ,东方财富行情中心代码列表,2026-08-01T19:29:01+08:00
000762,SZ,东方财富行情中心代码列表,2026-08-01T19:29:01+08:00
603365,SH,东方财富行情中心代码列表,2026-08-01T19:29:01+08:00
600638,SH,东方财富行情中心代码列表,2026-08-01T19:29:01+08:00
600519,SH,东方财富行情中心代码列表,2026-08-01T19:29:01+08:00
688538,SH,东方财富行情中心代码列表,2026-08-01T19:29:01+08:00
000970,SZ,东方财富行情中心代码列表,2026-08-01T19:29:01+08:00
600483,SH,东方财富行情中心代码列表,2026-08-01T19:29:01+08:00
002061,SZ,东方财富行情中心代码列表,2026-08-01T19:29:01+08:00
000829,SZ,东方财富行情中心代码列表,2026-08-01T19:29:01+08:00
603605,SH,东方财富行情中心代码列表,2026-08-01T19:29:01+08:00
600803,SH,东方财富行情中心代码列表,2026-08-01T19:29:01+08:00
600759,SH,东方财富行情中心代码列表,2026-08-01T19:29:01+08:00
000883,SZ,东方财富行情中心代码列表,2026-08-01T19:29:01+08:00
688271,SH,东方财富行情中心代码列表,2026-08-01T19:29:01+08:00
000893,SZ,东方财富行情中心代码列表,2026-08-01T19:29:01+08:00
301267,SZ,东方财富行情中心代码列表,2026-08-01T19:29:01+08:00
002948,SZ,东方财富行情中心代码列表,2026-08-01T19:29:01+08:00
600273,SH,东方财富行情中心代码列表,2026-08-01T19:29:01+08:00
600015,SH,东方财富行情中心代码列表,2026-08-01T19:29:01+08:00
002884,SZ,东方财富行情中心代码列表,2026-08-01T19:29:01+08:00
300035,SZ,东方财富行情中心代码列表,2026-08-01T19:29:01+08:00
002073,SZ,东方财富行情中心代码列表,2026-08-01T19:29:01+08:00
688549,SH,东方财富行情中心代码列表,2026-08-01T19:29:01+08:00
002900,SZ,东方财富行情中心代码列表,2026-08-01T19:29:01+08:00
002326,SZ,东方财富行情中心代码列表,2026-08-01T19:29:01+08:00
600075,SH,东方财富行情中心代码列表,2026-08-01T19:29:01+08:00
600006,SH,东方财富行情中心代码列表,2026-08-01T19:29:01+08:00
603123,SH,东方财富行情中心代码列表,2026-08-01T19:29:01+08:00
002358,SZ,东方财富行情中心代码列表,2026-08-01T19:29:01+08:00
600938,SH,东方财富行情中心代码列表,2026-08-01T19:29:01+08:00
600717,SH,东方财富行情中心代码列表,2026-08-01T19:29:01+08:00
603049,SH,东方财富行情中心代码列表,2026-08-01T19:29:01+08:00
600862,SH,东方财富行情中心代码列表,2026-08-01T19:29:01+08:00
000528,SZ,东方财富行情中心代码列表,2026-08-01T19:29:01+08:00
002372,SZ,东方财富行情中心代码列表,2026-08-01T19:29:01+08:00
002726,SZ,东方财富行情中心代码列表,2026-08-01T19:29:01+08:00
300329,SZ,东方财富行情中心代码列表,2026-08-01T19:29:01+08:00
300919,SZ,东方财富行情中心代码列表,2026-08-01T19:29:01+08:00
603836,SH,东方财富行情中心代码列表,2026-08-01T19:29:01+08:00
600328,SH,东方财富行情中心代码列表,2026-08-01T19:29:01+08:00
300157,SZ,东方财富行情中心代码列表,2026-08-01T19:29:01+08:00
600936,SH,东方财富行情中心代码列表,2026-08-01T19:29:01+08:00
000935,SZ,东方财富行情中心代码列表,2026-08-01T19:29:01+08:00
300888,SZ,东方财富行情中心代码列表,2026-08-01T19:29:01+08:00
002170,SZ,东方财富行情中心代码列表,2026-08-01T19:29:01+08:00
000695,SZ,东方财富行情中心代码列表,2026-08-01T19:29:01+08:00
300876,SZ,东方财富行情中心代码列表,2026-08-01T19:29:01+08:00
603200,SH,东方财富行情中心代码列表,2026-08-01T19:29:01+08:00
300836,SZ,东方财富行情中心代码列表,2026-08-01T19:29:01+08:00
688050,SH,东方财富行情中心代码列表,2026-08-01T19:29:01+08:00
688235,SH,东方财富行情中心代码列表,2026-08-01T19:29:01+08:00
601333,SH,东方财富行情中心代码列表,2026-08-01T19:29:01+08:00
000898,SZ,东方财富行情中心代码列表,2026-08-01T19:29:01+08:00
603091,SH,东方财富行情中心代码列表,2026-08-01T19:29:01+08:00
000555,SZ,东方财富行情中心代码列表,2026-08-01T19:29:01+08:00
002487,SZ,东方财富行情中心代码列表,2026-08-01T19:29:01+08:00
301072,SZ,东方财富行情中心代码列表,2026-08-01T19:29:01+08:00
001979,SZ,东方财富行情中心代码列表,2026-08-01T19:29:01+08:00
000670,SZ,东方财富行情中心代码列表,2026-08-01T19:29:01+08:00
002162,SZ,东方财富行情中心代码列表,2026-08-01T19:29:01+08:00
600895,SH,东方财富行情中心代码列表,2026-08-01T19:29:01+08:00
603658,SH,东方财富行情中心代码列表,2026-08-01T19:29:01+08:00
600378,SH,东方财富行情中心代码列表,2026-08-01T19:29:01+08:00
688599,SH,东方财富行情中心代码列表,2026-08-01T19:29:01+08:00
601077,SH,东方财富行情中心代码列表,2026-08-01T19:29:01+08:00
002737,SZ,东方财富行情中心代码列表,2026-08-01T19:29:01+08:00
688303,SH,东方财富行情中心代码列表,2026-08-01T19:29:01+08:00
688472,SH,东方财富行情中心代码列表,2026-08-01T19:29:01+08:00
603600,SH,东方财富行情中心代码列表,2026-08-01T19:29:01+08:00
601717,SH,东方财富行情中心代码列表,2026-08-01T19:29:01+08:00
600009,SH,东方财富行情中心代码列表,2026-08-01T19:29:01+08:00
600618,SH,东方财富行情中心代码列表,2026-08-01T19:29:01+08:00
600276,SH,东方财富行情中心代码列表,2026-08-01T19:29:01+08:00
601166,SH,东方财富行情中心代码列表,2026-08-01T19:29:01+08:00
002966,SZ,东方财富行情中心代码列表,2026-08-01T19:29:01+08:00
600388,SH,东方财富行情中心代码列表,2026-08-01T19:29:01+08:00
603345,SH,东方财富行情中心代码列表,2026-08-01T19:29:01+08:00
603899,SH,东方财富行情中心代码列表,2026-08-01T19:29:01+08:00
601598,SH,东方财富行情中心代码列表,2026-08-01T19:29:01+08:00
001309,SZ,东方财富行情中心代码列表,2026-08-01T19:29:01+08:00
000973,SZ,东方财富行情中心代码列表,2026-08-01T19:29:01+08:00
300639,SZ,东方财富行情中心代码列表,2026-08-01T19:29:01+08:00
000859,SZ,东方财富行情中心代码列表,2026-08-01T19:29:01+08:00
300662,SZ,东方财富行情中心代码列表,2026-08-01T19:29:01+08:00
600098,SH,东方财富行情中心代码列表,2026-08-01T19:29:01+08:00
300533,SZ,东方财富行情中心代码列表,2026-08-01T19:29:01+08:00
000554,SZ,东方财富行情中心代码列表,2026-08-01T19:29:01+08:00
002112,SZ,东方财富行情中心代码列表,2026-08-01T19:29:01+08:00
002812,SZ,东方财富行情中心代码列表,2026-08-01T19:29:01+08:00
001279,SZ,东方财富行情中心代码列表,2026-08-01T19:29:01+08:00
000301,SZ,东方财富行情中心代码列表,2026-08-01T19:29:01+08:00
000650,SZ,东方财富行情中心代码列表,2026-08-01T19:29:01+08:00
601939,SH,东方财富行情中心代码列表,2026-08-01T19:29:01+08:00
002379,SZ,东方财富行情中心代码列表,2026-08-01T19:29:01+08:00
000848,SZ,东方财富行情中心代码列表,2026-08-01T19:29:01+08:00
000933,SZ,东方财富行情中心代码列表,2026-08-01T19:29:01+08:00
600153,SH,东方财富行情中心代码列表,2026-08-01T19:29:01+08:00
300477,SZ,东方财富行情中心代码列表,2026-08-01T19:29:01+08:00
000423,SZ,东方财富行情中心代码列表,2026-08-01T19:29:01+08:00
601838,SH,东方财富行情中心代码列表,2026-08-01T19:29:01+08:00
688065,SH,东方财富行情中心代码列表,2026-08-01T19:29:01+08:00
688690,SH,东方财富行情中心代码列表,2026-08-01T19:29:01+08:00
000812,SZ,东方财富行情中心代码列表,2026-08-01T19:29:01+08:00
688772,SH,东方财富行情中心代码列表,2026-08-01T19:29:01+08:00
603055,SH,东方财富行情中心代码列表,2026-08-01T19:29:01+08:00
600508,SH,东方财富行情中心代码列表,2026-08-01T19:29:01+08:00
000534,SZ,东方财富行情中心代码列表,2026-08-01T19:29:01+08:00
600886,SH,东方财富行情中心代码列表,2026-08-01T19:29:01+08:00
600893,SH,东方财富行情中心代码列表,2026-08-01T19:29:01+08:00
002595,SZ,东方财富行情中心代码列表,2026-08-01T19:29:01+08:00
601579,SH,东方财富行情中心代码列表,2026-08-01T19:29:01+08:00
600346,SH,东方财富行情中心代码列表,2026-08-01T19:29:01+08:00
601019,SH,东方财富行情中心代码列表,2026-08-01T19:29:01+08:00
601058,SH,东方财富行情中心代码列表,2026-08-01T19:29:01+08:00
601026,SH,东方财富行情中心代码列表,2026-08-01T19:29:01+08:00
002216,SZ,东方财富行情中心代码列表,2026-08-01T19:29:01+08:00
603630,SH,东方财富行情中心代码列表,2026-08-01T19:29:01+08:00
002493,SZ,东方财富行情中心代码列表,2026-08-01T19:29:01+08:00
002761,SZ,东方财富行情中心代码列表,2026-08-01T19:29:01+08:00
001914,SZ,东方财富行情中心代码列表,2026-08-01T19:29:01+08:00
601963,SH,东方财富行情中心代码列表,2026-08-01T19:29:01+08:00
601000,SH,东方财富行情中心代码列表,2026-08-01T19:29:01+08:00
603529,SH,东方财富行情中心代码列表,2026-08-01T19:29:01+08:00
601633,SH,东方财富行情中心代码列表,2026-08-01T19:29:01+08:00
002141,SZ,东方财富行情中心代码列表,2026-08-01T19:29:01+08:00
001233,SZ,东方财富行情中心代码列表,2026-08-01T19:29:01+08:00
002293,SZ,东方财富行情中心代码列表,2026-08-01T19:29:01+08:00
601086,SH,东方财富行情中心代码列表,2026-08-01T19:29:01+08:00
603551,SH,东方财富行情中心代码列表,2026-08-01T19:29:01+08:00
000932,SZ,东方财富行情中心代码列表,2026-08-01T19:29:01+08:00
002318,SZ,东方财富行情中心代码列表,2026-08-01T19:29:01+08:00
601009,SH,东方财富行情中心代码列表,2026-08-01T19:29:01+08:00
603195,SH,东方财富行情中心代码列表,2026-08-01T19:29:01+08:00
300910,SZ,东方财富行情中心代码列表,2026-08-01T19:29:01+08:00
600722,SH,东方财富行情中心代码列表,2026-08-01T19:29:01+08:00
600315,SH,东方财富行情中心代码列表,2026-08-01T19:29:01+08:00
000963,SZ,东方财富行情中心代码列表,2026-08-01T19:29:01+08:00
605305,SH,东方财富行情中心代码列表,2026-08-01T19:29:01+08:00
603366,SH,东方财富行情中心代码列表,2026-08-01T19:29:01+08:00
601988,SH,东方财富行情中心代码列表,2026-08-01T19:29:01+08:00
300505,SZ,东方财富行情中心代码列表,2026-08-01T19:29:01+08:00
600941,SH,东方财富行情中心代码列表,2026-08-01T19:29:01+08:00
000738,SZ,东方财富行情中心代码列表,2026-08-01T19:29:01+08:00
002036,SZ,东方财富行情中心代码列表,2026-08-01T19:29:01+08:00
301358,SZ,东方财富行情中心代码列表,2026-08-01T19:29:01+08:00
300242,SZ,东方财富行情中心代码列表,2026-08-01T19:29:01+08:00
000913,SZ,东方财富行情中心代码列表,2026-08-01T19:29:01+08:00
603700,SH,东方财富行情中心代码列表,2026-08-01T19:29:01+08:00
600206,SH,东方财富行情中心代码列表,2026-08-01T19:29:01+08:00
601601,SH,东方财富行情中心代码列表,2026-08-01T19:29:01+08:00
600031,SH,东方财富行情中心代码列表,2026-08-01T19:29:01+08:00
688009,SH,东方财富行情中心代码列表,2026-08-01T19:29:01+08:00
603187,SH,东方财富行情中心代码列表,2026-08-01T19:29:01+08:00
600900,SH,东方财富行情中心代码列表,2026-08-01T19:29:01+08:00
600063,SH,东方财富行情中心代码列表,2026-08-01T19:29:01+08:00
688660,SH,东方财富行情中心代码列表,2026-08-01T19:29:01+08:00
601998,SH,东方财富行情中心代码列表,2026-08-01T19:29:01+08:00
601006,SH,东方财富行情中心代码列表,2026-08-01T19:29:01+08:00
002701,SZ,东方财富行情中心代码列表,2026-08-01T19:29:01+08:00
600389,SH,东方财富行情中心代码列表,2026-08-01T19:29:01+08:00
603766,SH,东方财富行情中心代码列表,2026-08-01T19:29:01+08:00
002083,SZ,东方财富行情中心代码列表,2026-08-01T19:29:01+08:00
601577,SH,东方财富行情中心代码列表,2026-08-01T19:29:01+08:00
603026,SH,东方财富行情中心代码列表,2026-08-01T19:29:01+08:00
601229,SH,东方财富行情中心代码列表,2026-08-01T19:29:01+08:00
002756,SZ,东方财富行情中心代码列表,2026-08-01T19:29:01+08:00
603233,SH,东方财富行情中心代码列表,2026-08-01T19:29:01+08:00
301190,SZ,东方财富行情中心代码列表,2026-08-01T19:29:01+08:00
601137,SH,东方财富行情中心代码列表,2026-08-01T19:29:01+08:00
603486,SH,东方财富行情中心代码列表,2026-08-01T19:29:01+08:00
601825,SH,东方财富行情中心代码列表,2026-08-01T19:29:01+08:00
002475,SZ,东方财富行情中心代码列表,2026-08-01T19:29:01+08:00
688796,SH,东方财富行情中心代码列表,2026-08-01T19:29:01+08:00
000566,SZ,东方财富行情中心代码列表,2026-08-01T19:29:01+08:00
000333,SZ,东方财富行情中心代码列表,2026-08-01T19:29:01+08:00
600760,SH,东方财富行情中心代码列表,2026-08-01T19:29:01+08:00
002064,SZ,东方财富行情中心代码列表,2026-08-01T19:29:01+08:00
603659,SH,东方财富行情中心代码列表,2026-08-01T19:29:01+08:00
601816,SH,东方财富行情中心代码列表,2026-08-01T19:29:01+08:00
603919,SH,东方财富行情中心代码列表,2026-08-01T19:29:01+08:00
600482,SH,东方财富行情中心代码列表,2026-08-01T19:29:01+08:00
603863,SH,东方财富行情中心代码列表,2026-08-01T19:29:01+08:00
300866,SZ,东方财富行情中心代码列表,2026-08-01T19:29:01+08:00
300498,SZ,东方财富行情中心代码列表,2026-08-01T19:29:01+08:00
301031,SZ,东方财富行情中心代码列表,2026-08-01T19:29:01+08:00
601318,SH,东方财富行情中心代码列表,2026-08-01T19:29:01+08:00
603557,SH,东方财富行情中心代码列表,2026-08-01T19:29:01+08:00
002242,SZ,东方财富行情中心代码列表,2026-08-01T19:29:01+08:00
300750,SZ,东方财富行情中心代码列表,2026-08-01T19:29:01+08:00
601898,SH,东方财富行情中心代码列表,2026-08-01T19:29:01+08:00
600861,SH,东方财富行情中心代码列表,2026-08-01T19:29:01+08:00
600096,SH,东方财富行情中心代码列表,2026-08-01T19:29:01+08:00
688129,SH,东方财富行情中心代码列表,2026-08-01T19:29:01+08:00
002714,SZ,东方财富行情中心代码列表,2026-08-01T19:29:01+08:00
002394,SZ,东方财富行情中心代码列表,2026-08-01T19:29:01+08:00
600929,SH,东方财富行情中心代码列表,2026-08-01T19:29:01+08:00
605499,SH,东方财富行情中心代码列表,2026-08-01T19:29:01+08:00
600809,SH,东方财富行情中心代码列表,2026-08-01T19:29:01+08:00
601003,SH,东方财富行情中心代码列表,2026-08-01T19:29:01+08:00
002001,SZ,东方财富行情中心代码列表,2026-08-01T19:29:01+08:00
000157,SZ,东方财富行情中心代码列表,2026-08-01T19:29:01+08:00
301376,SZ,东方财富行情中心代码列表,2026-08-01T19:29:01+08:00
601857,SH,东方财富行情中心代码列表,2026-08-01T19:29:01+08:00
002965,SZ,东方财富行情中心代码列表,2026-08-01T19:29:01+08:00
601702,SH,东方财富行情中心代码列表,2026-08-01T19:29:01+08:00
600377,SH,东方财富行情中心代码列表,2026-08-01T19:29:01+08:00
300760,SZ,东方财富行情中心代码列表,2026-08-01T19:29:01+08:00
605117,SH,东方财富行情中心代码列表,2026-08-01T19:29:01+08:00
603833,SH,东方财富行情中心代码列表,2026-08-01T19:29:01+08:00
601218,SH,东方财富行情中心代码列表,2026-08-01T19:29:01+08:00
002545,SZ,东方财富行情中心代码列表,2026-08-01T19:29:01+08:00
002258,SZ,东方财富行情中心代码列表,2026-08-01T19:29:01+08:00
603518,SH,东方财富行情中心代码列表,2026-08-01T19:29:01+08:00
600132,SH,东方财富行情中心代码列表,2026-08-01T19:29:01+08:00
600426,SH,东方财富行情中心代码列表,2026-08-01T19:29:01+08:00
600499,SH,东方财富行情中心代码列表,2026-08-01T19:29:01+08:00
603193,SH,东方财富行情中心代码列表,2026-08-01T19:29:01+08:00
600192,SH,东方财富行情中心代码列表,2026-08-01T19:29:01+08:00
600612,SH,东方财富行情中心代码列表,2026-08-01T19:29:01+08:00
300832,SZ,东方财富行情中心代码列表,2026-08-01T19:29:01+08:00
002557,SZ,东方财富行情中心代码列表,2026-08-01T19:29:01+08:00
301004,SZ,东方财富行情中心代码列表,2026-08-01T19:29:01+08:00
603713,SH,东方财富行情中心代码列表,2026-08-01T19:29:01+08:00
603639,SH,东方财富行情中心代码列表,2026-08-01T19:29:01+08:00
605255,SH,东方财富行情中心代码列表,2026-08-01T19:29:01+08:00
002498,SZ,东方财富行情中心代码列表,2026-08-01T19:29:01+08:00
600985,SH,东方财富行情中心代码列表,2026-08-01T19:29:01+08:00
603393,SH,东方财富行情中心代码列表,2026-08-01T19:29:01+08:00
300596,SZ,东方财富行情中心代码列表,2026-08-01T19:29:01+08:00
601328,SH,东方财富行情中心代码列表,2026-08-01T19:29:01+08:00
002597,SZ,东方财富行情中心代码列表,2026-08-01T19:29:01+08:00
603065,SH,东方财富行情中心代码列表,2026-08-01T19:29:01+08:00
601801,SH,东方财富行情中心代码列表,2026-08-01T19:29:01+08:00
000792,SZ,东方财富行情中心代码列表,2026-08-01T19:29:01+08:00
688036,SH,东方财富行情中心代码列表,2026-08-01T19:29:01+08:00
601398,SH,东方财富行情中心代码列表,2026-08-01T19:29:01+08:00
601339,SH,东方财富行情中心代码列表,2026-08-01T19:29:01+08:00
600323,SH,东方财富行情中心代码列表,2026-08-01T19:29:01+08:00
600575,SH,东方财富行情中心代码列表,2026-08-01T19:29:01+08:00
600863,SH,东方财富行情中心代码列表,2026-08-01T19:29:01+08:00
002192,SZ,东方财富行情中心代码列表,2026-08-01T19:29:01+08:00
002244,SZ,东方财富行情中心代码列表,2026-08-01T19:29:01+08:00
603082,SH,东方财富行情中心代码列表,2026-08-01T19:29:01+08:00
301310,SZ,东方财富行情中心代码列表,2026-08-01T19:29:01+08:00
603822,SH,东方财富行情中心代码列表,2026-08-01T19:29:01+08:00
605189,SH,东方财富行情中心代码列表,2026-08-01T19:29:01+08:00
603871,SH,东方财富行情中心代码列表,2026-08-01T19:29:01+08:00
600285,SH,东方财富行情中心代码列表,2026-08-01T19:29:01+08:00
600000,SH,东方财富行情中心代码列表,2026-08-01T19:29:01+08:00
603267,SH,东方财富行情中心代码列表,2026-08-01T19:29:01+08:00
600019,SH,东方财富行情中心代码列表,2026-08-01T19:29:01+08:00
000957,SZ,东方财富行情中心代码列表,2026-08-01T19:29:01+08:00
603477,SH,东方财富行情中心代码列表,2026-08-01T19:29:01+08:00
002889,SZ,东方财富行情中心代码列表,2026-08-01T19:29:01+08:00
000951,SZ,东方财富行情中心代码列表,2026-08-01T19:29:01+08:00
301155,SZ,东方财富行情中心代码列表,2026-08-01T19:29:01+08:00
301632,SZ,东方财富行情中心代码列表,2026-08-01T19:29:01+08:00
001965,SZ,东方财富行情中心代码列表,2026-08-01T19:29:01+08:00
600887,SH,东方财富行情中心代码列表,2026-08-01T19:29:01+08:00
600282,SH,东方财富行情中心代码列表,2026-08-01T19:29:01+08:00
000526,SZ,东方财富行情中心代码列表,2026-08-01T19:29:01+08:00
301139,SZ,东方财富行情中心代码列表,2026-08-01T19:29:01+08:00
600569,SH,东方财富行情中心代码列表,2026-08-01T19:29:01+08:00
688169,SH,东方财富行情中心代码列表,2026-08-01T19:29:01+08:00
688281,SH,东方财富行情中心代码列表,2026-08-01T19:29:01+08:00
688496,SH,东方财富行情中心代码列表,2026-08-01T19:29:01+08:00
002168,SZ,东方财富行情中心代码列表,2026-08-01T19:29:01+08:00
002818,SZ,东方财富行情中心代码列表,2026-08-01T19:29:01+08:00
603110,SH,东方财富行情中心代码列表,2026-08-01T19:29:01+08:00
603255,SH,东方财富行情中心代码列表,2026-08-01T19:29:01+08:00
603988,SH,东方财富行情中心代码列表,2026-08-01T19:29:01+08:00
001301,SZ,东方财富行情中心代码列表,2026-08-01T19:29:01+08:00
003012,SZ,东方财富行情中心代码列表,2026-08-01T19:29:01+08:00
000636,SZ,东方财富行情中心代码列表,2026-08-01T19:29:01+08:00
002130,SZ,东方财富行情中心代码列表,2026-08-01T19:29:01+08:00
002901,SZ,东方财富行情中心代码列表,2026-08-01T19:29:01+08:00
603338,SH,东方财富行情中心代码列表,2026-08-01T19:29:01+08:00
300894,SZ,东方财富行情中心代码列表,2026-08-01T19:29:01+08:00
600036,SH,东方财富行情中心代码列表,2026-08-01T19:29:01+08:00
603876,SH,东方财富行情中心代码列表,2026-08-01T19:29:01+08:00
002409,SZ,东方财富行情中心代码列表,2026-08-01T19:29:01+08:00
301158,SZ,东方财富行情中心代码列表,2026-08-01T19:29:01+08:00
603376,SH,东方财富行情中心代码列表,2026-08-01T19:29:01+08:00
300138,SZ,东方财富行情中心代码列表,2026-08-01T19:29:01+08:00
000721,SZ,东方财富行情中心代码列表,2026-08-01T19:29:01+08:00
002563,SZ,东方财富行情中心代码列表,2026-08-01T19:29:01+08:00
603816,SH,东方财富行情中心代码列表,2026-08-01T19:29:01+08:00
600060,SH,东方财富行情中心代码列表,2026-08-01T19:29:01+08:00
002601,SZ,东方财富行情中心代码列表,2026-08-01T19:29:01+08:00
002003,SZ,东方财富行情中心代码列表,2026-08-01T19:29:01+08:00
603408,SH,东方财富行情中心代码列表,2026-08-01T19:29:01+08:00
688353,SH,东方财富行情中心代码列表,2026-08-01T19:29:01+08:00
603800,SH,东方财富行情中心代码列表,2026-08-01T19:29:01+08:00
600989,SH,东方财富行情中心代码列表,2026-08-01T19:29:01+08:00
002895,SZ,东方财富行情中心代码列表,2026-08-01T19:29:01+08:00
002911,SZ,东方财富行情中心代码列表,2026-08-01T19:29:01+08:00
000425,SZ,东方财富行情中心代码列表,2026-08-01T19:29:01+08:00
603348,SH,东方财富行情中心代码列表,2026-08-01T19:29:01+08:00
600600,SH,东方财富行情中心代码列表,2026-08-01T19:29:01+08:00
300850,SZ,东方财富行情中心代码列表,2026-08-01T19:29:01+08:00
601567,SH,东方财富行情中心代码列表,2026-08-01T19:29:01+08:00
603399,SH,东方财富行情中心代码列表,2026-08-01T19:29:01+08:00
601777,SH,东方财富行情中心代码列表,2026-08-01T19:29:01+08:00
002329,SZ,东方财富行情中心代码列表,2026-08-01T19:29:01+08:00
603788,SH,东方财富行情中心代码列表,2026-08-01T19:29:01+08:00
000025,SZ,东方财富行情中心代码列表,2026-08-01T19:29:01+08:00
603382,SH,东方财富行情中心代码列表,2026-08-01T19:29:01+08:00
603559,SH,东方财富行情中心代码列表,2026-08-01T19:29:01+08:00
603690,SH,东方财富行情中心代码列表,2026-08-01T19:29:01+08:00
688260,SH,东方财富行情中心代码列表,2026-08-01T19:29:01+08:00
600648,SH,东方财富行情中心代码列表,2026-08-01T19:29:01+08:00
600309,SH,东方财富行情中心代码列表,2026-08-01T19:29:01+08:00
603877,SH,东方财富行情中心代码列表,2026-08-01T19:29:01+08:00
601766,SH,东方财富行情中心代码列表,2026-08-01T19:29:01+08:00
002250,SZ,东方财富行情中心代码列表,2026-08-01T19:29:01+08:00
688293,SH,东方财富行情中心代码列表,2026-08-01T19:29:01+08:00
600486,SH,东方财富行情中心代码列表,2026-08-01T19:29:01+08:00
601038,SH,东方财富行情中心代码列表,2026-08-01T19:29:01+08:00
600105,SH,东方财富行情中心代码列表,2026-08-01T19:29:01+08:00
001225,SZ,东方财富行情中心代码列表,2026-08-01T19:29:01+08:00
300875,SZ,东方财富行情中心代码列表,2026-08-01T19:29:01+08:00
600539,SH,东方财富行情中心代码列表,2026-08-01T19:29:01+08:00
600199,SH,东方财富行情中心代码列表,2026-08-01T19:29:01+08:00
301526,SZ,东方财富行情中心代码列表,2026-08-01T19:29:01+08:00
600012,SH,东方财富行情中心代码列表,2026-08-01T19:29:01+08:00
300804,SZ,东方财富行情中心代码列表,2026-08-01T19:29:01+08:00
601728,SH,东方财富行情中心代码列表,2026-08-01T19:29:01+08:00
688506,SH,东方财富行情中心代码列表,2026-08-01T19:29:01+08:00
002043,SZ,东方财富行情中心代码列表,2026-08-01T19:29:01+08:00
601288,SH,东方财富行情中心代码列表,2026-08-01T19:29:01+08:00
002490,SZ,东方财富行情中心代码列表,2026-08-01T19:29:01+08:00
600815,SH,东方财富行情中心代码列表,2026-08-01T19:29:01+08:00
002032,SZ,东方财富行情中心代码列表,2026-08-01T19:29:01+08:00
600663,SH,东方财富行情中心代码列表,2026-08-01T19:29:01+08:00
600396,SH,东方财富行情中心代码列表,2026-08-01T19:29:01+08:00
300979,SZ,东方财富行情中心代码列表,2026-08-01T19:29:01+08:00
002142,SZ,东方财富行情中心代码列表,2026-08-01T19:29:01+08:00
600403,SH,东方财富行情中心代码列表,2026-08-01T19:29:01+08:00
603118,SH,东方财富行情中心代码列表,2026-08-01T19:29:01+08:00
000895,SZ,东方财富行情中心代码列表,2026-08-01T19:29:01+08:00
301357,SZ,东方财富行情中心代码列表,2026-08-01T19:29:01+08:00
603309,SH,东方财富行情中心代码列表,2026-08-01T19:29:01+08:00
600326,SH,东方财富行情中心代码列表,2026-08-01T19:29:01+08:00
300191,SZ,东方财富行情中心代码列表,2026-08-01T19:29:01+08:00
603619,SH,东方财富行情中心代码列表,2026-08-01T19:29:01+08:00
300825,SZ,东方财富行情中心代码列表,2026-08-01T19:29:01+08:00
601211,SH,东方财富行情中心代码列表,2026-08-01T19:29:01+08:00
300575,SZ,东方财富行情中心代码列表,2026-08-01T19:29:01+08:00
002508,SZ,东方财富行情中心代码列表,2026-08-01T19:29:01+08:00
300983,SZ,东方财富行情中心代码列表,2026-08-01T19:29:01+08:00
301292,SZ,东方财富行情中心代码列表,2026-08-01T19:29:01+08:00
601616,SH,东方财富行情中心代码列表,2026-08-01T19:29:01+08:00
688758,SH,东方财富行情中心代码列表,2026-08-01T19:29:01+08:00
001217,SZ,东方财富行情中心代码列表,2026-08-01T19:29:01+08:00
688578,SH,东方财富行情中心代码列表,2026-08-01T19:29:01+08:00
002572,SZ,东方财富行情中心代码列表,2026-08-01T19:29:01+08:00
603530,SH,东方财富行情中心代码列表,2026-08-01T19:29:01+08:00
301273,SZ,东方财富行情中心代码列表,2026-08-01T19:29:01+08:00
002199,SZ,东方财富行情中心代码列表,2026-08-01T19:29:01+08:00
002233,SZ,东方财富行情中心代码列表,2026-08-01T19:29:01+08:00
300359,SZ,东方财富行情中心代码列表,2026-08-01T19:29:01+08:00
002860,SZ,东方财富行情中心代码列表,2026-08-01T19:29:01+08:00
001221,SZ,东方财富行情中心代码列表,2026-08-01T19:29:01+08:00
688120,SH,东方财富行情中心代码列表,2026-08-01T19:29:01+08:00
002731,SZ,东方财富行情中心代码列表,2026-08-01T19:29:01+08:00
603737,SH,东方财富行情中心代码列表,2026-08-01T19:29:01+08:00
603137,SH,东方财富行情中心代码列表,2026-08-01T19:29:01+08:00
000533,SZ,东方财富行情中心代码列表,2026-08-01T19:29:01+08:00
002667,SZ,东方财富行情中心代码列表,2026-08-01T19:29:01+08:00
600066,SH,东方财富行情中心代码列表,2026-08-01T19:29:01+08:00
301234,SZ,东方财富行情中心代码列表,2026-08-01T19:29:01+08:00
301535,SZ,东方财富行情中心代码列表,2026-08-01T19:29:01+08:00
601606,SH,东方财富行情中心代码列表,2026-08-01T19:29:01+08:00
688237,SH,东方财富行情中心代码列表,2026-08-01T19:29:01+08:00
002749,SZ,东方财富行情中心代码列表,2026-08-01T19:29:01+08:00
688382,SH,东方财富行情中心代码列表,2026-08-01T19:29:01+08:00
603400,SH,东方财富行情中心代码列表,2026-08-01T19:29:01+08:00
002612,SZ,东方财富行情中心代码列表,2026-08-01T19:29:01+08:00
000683,SZ,东方财富行情中心代码列表,2026-08-01T19:29:01+08:00
301583,SZ,东方财富行情中心代码列表,2026-08-01T19:29:01+08:00
000786,SZ,东方财富行情中心代码列表,2026-08-01T19:29:01+08:00
603580,SH,东方财富行情中心代码列表,2026-08-01T19:29:01+08:00
603823,SH,东方财富行情中心代码列表,2026-08-01T19:29:01+08:00
002536,SZ,东方财富行情中心代码列表,2026-08-01T19:29:01+08:00
300214,SZ,东方财富行情中心代码列表,2026-08-01T19:29:01+08:00
688146,SH,东方财富行情中心代码列表,2026-08-01T19:29:01+08:00
300955,SZ,东方财富行情中心代码列表,2026-08-01T19:29:01+08:00
300407,SZ,东方财富行情中心代码列表,2026-08-01T19:29:01+08:00
