trade_date,symbol,name,period,period_label,close,ma20,ma30,dev20_pct,dev30_pct,source
20200103,000001.SH,上证综指,week,周K,3083.786,,,,,公开指数日线计算（周K最后实际交易日）
20200110,000001.SH,上证综指,week,周K,3092.291,,,,,公开指数日线计算（周K最后实际交易日）
20200117,000001.SH,上证综指,week,周K,3075.496,,,,,公开指数日线计算（周K最后实际交易日）
20200123,000001.SH,上证综指,week,周K,2976.528,,,,,公开指数日线计算（周K最后实际交易日）
20200123,000001.SH,上证综指,month,月K,2976.528,,,,,公开指数日线计算（月K最后实际交易日）
20200207,000001.SH,上证综指,week,周K,2875.964,,,,,公开指数日线计算（周K最后实际交易日）
20200214,000001.SH,上证综指,week,周K,2917.008,,,,,公开指数日线计算（周K最后实际交易日）
20200221,000001.SH,上证综指,week,周K,3039.669,,,,,公开指数日线计算（周K最后实际交易日）
20200228,000001.SH,上证综指,week,周K,2880.304,,,,,公开指数日线计算（周K最后实际交易日）
20200228,000001.SH,上证综指,month,月K,2880.304,,,,,公开指数日线计算（月K最后实际交易日）
20200306,000001.SH,上证综指,week,周K,3034.511,,,,,公开指数日线计算（周K最后实际交易日）
20200313,000001.SH,上证综指,week,周K,2887.427,,,,,公开指数日线计算（周K最后实际交易日）
20200320,000001.SH,上证综指,week,周K,2745.618,,,,,公开指数日线计算（周K最后实际交易日）
20200327,000001.SH,上证综指,week,周K,2772.203,,,,,公开指数日线计算（周K最后实际交易日）
20200331,000001.SH,上证综指,month,月K,2750.296,,,,,公开指数日线计算（月K最后实际交易日）
20200403,000001.SH,上证综指,week,周K,2763.987,,,,,公开指数日线计算（周K最后实际交易日）
20200410,000001.SH,上证综指,week,周K,2796.631,,,,,公开指数日线计算（周K最后实际交易日）
20200417,000001.SH,上证综指,week,周K,2838.495,,,,,公开指数日线计算（周K最后实际交易日）
20200424,000001.SH,上证综指,week,周K,2808.529,,,,,公开指数日线计算（周K最后实际交易日）
20200430,000001.SH,上证综指,week,周K,2860.082,,,,,公开指数日线计算（周K最后实际交易日）
20200430,000001.SH,上证综指,month,月K,2860.082,,,,,公开指数日线计算（月K最后实际交易日）
20200508,000001.SH,上证综指,week,周K,2895.344,,,,,公开指数日线计算（周K最后实际交易日）
20200515,000001.SH,上证综指,week,周K,2868.459,,,,,公开指数日线计算（周K最后实际交易日）
20200522,000001.SH,上证综指,week,周K,2813.765,2901.30485,,-3.017257907248183,,公开指数日线计算（周K最后实际交易日）
20200529,000001.SH,上证综指,week,周K,2852.351,2889.7331,,-1.2936177392991688,,公开指数日线计算（周K最后实际交易日）
20200529,000001.SH,上证综指,month,月K,2852.351,,,,,公开指数日线计算（月K最后实际交易日）
20200605,000001.SH,上证综指,week,周K,2930.799,2881.6585,,1.705285341757179,,公开指数日线计算（周K最后实际交易日）
20200612,000001.SH,上证综指,week,周K,2919.741,2873.87075,,1.5961138822961907,,公开指数日线计算（周K最后实际交易日）
20200619,000001.SH,上证综指,week,周K,2967.634,2873.4260499999996,,3.2785931623331876,,公开指数日线计算（周K最后实际交易日）
20200624,000001.SH,上证综指,week,周K,2979.551,2878.6054,,3.506753652306771,,公开指数日线计算（周K最后实际交易日）
20200630,000001.SH,上证综指,month,月K,2984.674,,,,,公开指数日线计算（月K最后实际交易日）
20200703,000001.SH,上证综指,week,周K,3152.813,2890.39565,,9.07894218564853,,公开指数日线计算（周K最后实际交易日）
20200710,000001.SH,上证综指,week,周K,3383.322,2907.5783,,16.362197365415753,,公开指数日线计算（周K最后实际交易日）
20200717,000001.SH,上证综指,week,周K,3214.129,2924.26955,,9.91220012532703,,公开指数日线计算（周K最后实际交易日）
20200724,000001.SH,上证综指,week,周K,3196.768,2932.3824,,9.016068299959779,,公开指数日线计算（周K最后实际交易日）
20200731,000001.SH,上证综指,week,周K,3310.007,2953.5114000000003,2964.4404,12.070229354794426,11.657060131821172,公开指数日线计算（周K最后实际交易日）
20200731,000001.SH,上证综指,month,月K,3310.007,,,,,公开指数日线计算（月K最后实际交易日）
20200807,000001.SH,上证综指,week,周K,3354.035,2983.9322500000003,2973.4487000000004,12.403188778833684,12.799491042169308,公开指数日线计算（周K最后实际交易日）
20200814,000001.SH,上证综指,week,周K,3360.099,3013.32705,2982.3756333333336,11.507942690787587,12.66518417213911,公开指数日线计算（周K最后实际交易日）
20200821,000001.SH,上证综指,week,周K,3380.683,3044.16185,2992.548533333333,11.054640540876637,12.970030806295153,公开指数日线计算（周K最后实际交易日）
20200828,000001.SH,上证综指,week,周K,3403.807,3074.52065,3006.791166666667,10.71016875427393,13.20397098856272,公开指数日线计算（周K最后实际交易日）
20200831,000001.SH,上证综指,month,月K,3395.678,,,,,公开指数日线计算（月K最后实际交易日）
20200904,000001.SH,上证综指,week,周K,3355.367,3100.36425,3022.771266666666,8.224928732164294,11.003006975784203,公开指数日线计算（周K最后实际交易日）
20200911,000001.SH,上证综指,week,周K,3260.346,3122.9551,3034.2158666666664,4.399387618477113,7.45267124259541,公开指数日线计算（周K最后实际交易日）
20200918,000001.SH,上证综指,week,周K,3338.09,3146.8555,3044.163233333333,6.077002900196726,9.655420689935191,公开指数日线计算（周K最后实际交易日）
20200925,000001.SH,上证综指,week,周K,3219.418,3163.0592,3055.4670333333333,1.7817813843003627,5.365823452783447,公开指数日线计算（周K最后实际交易日）
20200930,000001.SH,上证综指,week,周K,3218.052,3180.53885,3061.5850666666665,1.1794589460839333,5.110651179902992,公开指数日线计算（周K最后实际交易日）
20200930,000001.SH,上证综指,month,月K,3218.052,,,,,公开指数日线计算（月K最后实际交易日）
20201009,000001.SH,上证综指,week,周K,3272.076,3203.4543999999996,3074.4067,2.142112589459688,6.429510448308617,公开指数日线计算（周K最后实际交易日）
20201016,000001.SH,上证综指,week,周K,3336.358,3227.65475,3094.0980333333337,3.3678710525033795,7.8297443732147975,公开指数日线计算（周K最后实际交易日）
20201023,000001.SH,上证综指,week,周K,3277.997,3245.01465,3110.9578333333334,1.0164006501480527,5.369380609305363,公开指数日线计算（周K最后实际交易日）
20201030,000001.SH,上证综指,week,周K,3224.533,3260.25425,3126.309366666667,-1.0956584137571501,3.141839844150196,公开指数日线计算（周K最后实际交易日）
20201030,000001.SH,上证综指,month,月K,3224.533,,,,,公开指数日线计算（月K最后实际交易日）
20201106,000001.SH,上证综指,week,周K,3312.159,3277.4805,3143.4936333333335,1.058084098440859,5.365538675763615,公开指数日线计算（周K最后实际交易日）
20201113,000001.SH,上证综指,week,周K,3310.105,3294.0082,3159.2139666666667,0.4886690931734661,4.776220760144989,公开指数日线计算（周K最后实际交易日）
20201120,000001.SH,上证综指,week,周K,3377.727,3305.2539000000006,3178.187233333333,2.192663625629465,6.278414455066139,公开指数日线计算（周K最后实际交易日）
20201127,000001.SH,上证综指,week,周K,3408.307,3306.5031500000005,3196.4614,3.0788977170639997,6.627503776519861,公开指数日线计算（周K最后实际交易日）
20201130,000001.SH,上证综指,month,月K,3391.755,,,,,公开指数日线计算（月K最后实际交易日）
20201204,000001.SH,上证综指,week,周K,3444.581,3318.02575,3214.7693,3.8141732323807354,7.148621831121771,公开指数日线计算（周K最后实际交易日）
20201211,000001.SH,上证综指,week,周K,3347.191,3325.5469,3230.7270333333336,0.6508433244468703,3.6048841472844373,公开指数日线计算（周K最后实际交易日）
20201218,000001.SH,上证综指,week,周K,3394.896,3329.7913500000004,3250.098066666667,1.9552171039185273,4.455186593241467,公开指数日线计算（周K最后实际交易日）
20201225,000001.SH,上证综指,week,周K,3396.563,3331.9177499999996,3268.2384666666667,1.9401814465558331,3.9264127952148398,公开指数日线计算（周K最后实际交易日）
20201231,000001.SH,上证综指,week,周K,3473.069,3337.56625,3286.3141333333333,4.05992690032746,5.682806301819965,公开指数日线计算（周K最后实际交易日）
20201231,000001.SH,上证综指,month,月K,3473.069,,,,,公开指数日线计算（月K最后实际交易日）
20210108,000001.SH,上证综指,week,周K,3570.108,3347.0375,3307.993033333333,6.66471469172365,7.9236855708412435,公开指数日线计算（周K最后实际交易日）
20210115,000001.SH,上证综指,week,周K,3566.378,3355.16605,3327.9511666666667,6.295126585463651,7.164372954791465,公开指数日线计算（周K最后实际交易日）
20210122,000001.SH,上证综指,week,周K,3606.75,3367.7352,3348.8578,7.097196953014584,7.700900289047796,公开指数日线计算（周K最后实际交易日）
20210129,000001.SH,上证综指,week,周K,3483.069,3378.87135,3359.866333333333,3.083800453071417,3.666891907108627,公开指数日线计算（周K最后实际交易日）
20210129,000001.SH,上证综指,month,月K,3483.069,,,,,公开指数日线计算（月K最后实际交易日）
20210205,000001.SH,上证综指,week,周K,3496.333,3386.7835,3363.6333666666665,3.234617742763901,3.945127749307531,公开指数日线计算（周K最后实际交易日）
20210210,000001.SH,上证综指,week,周K,3655.088,3408.567,3378.332,7.232394140998255,8.192090061012358,公开指数日线计算（周K最后实际交易日）
20210219,000001.SH,上证综指,week,周K,3696.168,3432.4728000000005,3394.978666666667,7.682368233187442,8.871611957109993,公开指数日线计算（周K最后实际交易日）
20210226,000001.SH,上证综指,week,周K,3509.08,3444.3230000000003,3401.6144333333336,1.8801082244609413,3.159251842700983,公开指数日线计算（周K最后实际交易日）
20210226,000001.SH,上证综指,month,月K,3509.08,,,,,公开指数日线计算（月K最后实际交易日）
20210305,000001.SH,上证综指,week,周K,3501.987,3452.60445,3406.5461666666665,1.4302985098683996,2.8016891204126315,公开指数日线计算（周K最后实际交易日）
20210312,000001.SH,上证综指,week,周K,3453.078,3461.3585000000007,3409.645466666667,-0.23922688158423133,1.273813766209364,公开指数日线计算（周K最后实际交易日）
20210319,000001.SH,上证综指,week,周K,3404.663,3470.3650000000002,3410.4448,-1.893230250996658,-0.1695321384471704,公开指数日线计算（周K最后实际交易日）
20210326,000001.SH,上证综指,week,周K,3418.327,3475.6733999999997,3410.9288,-1.6499363835508651,0.21689693434820967,公开指数日线计算（周K最后实际交易日）
20210331,000001.SH,上证综指,month,月K,3441.912,,,,,公开指数日线计算（月K最后实际交易日）
20210402,000001.SH,上证综指,week,周K,3484.392,3484.3877500000003,3415.229633333334,0.00012197264782631834,2.025116144215522,公开指数日线计算（周K最后实际交易日）
20210409,000001.SH,上证综指,week,周K,3450.677,3488.03525,3421.574,-1.0710399213998745,0.8505734495293682,公开指数日线计算（周K最后实际交易日）
20210416,000001.SH,上证综指,week,周K,3426.618,3488.9508,3424.5249333333336,-1.7865772139865177,0.06111991319710519,公开指数日线计算（周K最后实际交易日）
20210423,000001.SH,上证综指,week,周K,3474.166,3490.43005,3433.0165333333334,-0.4659612072730024,1.1986387559488998,公开指数日线计算（周K最后实际交易日）
20210430,000001.SH,上证综指,week,周K,3446.856,3495.4133,3440.6433333333334,-1.3891719185253448,0.1805670063641296,公开指数日线计算（周K最后实际交易日）
20210430,000001.SH,上证综指,month,月K,3446.856,,,,,公开指数日线计算（月K最后实际交易日）
20210507,000001.SH,上证综指,week,周K,3418.874,3496.6121999999996,3445.5366,-2.2232434011412505,-0.7738301198135566,公开指数日线计算（周K最后实际交易日）
20210514,000001.SH,上证综指,week,周K,3490.376,3501.30285,3450.670533333333,-0.3120795449042535,1.1506594525068081,公开指数日线计算（周K最后实际交易日）
20210521,000001.SH,上证综指,week,周K,3486.557,3501.97725,3457.6225333333336,-0.4403298165343683,0.8368312731572791,公开指数日线计算（周K最后实际交易日）
20210528,000001.SH,上证综指,week,周K,3600.784,3503.51105,3470.1642333333334,2.776441935298024,3.7640802533774442,公开指数日线计算（周K最后实际交易日）
20210531,000001.SH,上证综指,month,月K,3615.477,,,,,公开指数日线计算（月K最后实际交易日）
20210604,000001.SH,上证综指,week,周K,3591.845,3504.7843999999996,3479.4871,2.484050088787204,3.229151215993875,公开指数日线计算（周K最后实际交易日）
20210611,000001.SH,上证综指,week,周K,3589.748,3503.9342999999994,3488.8085333333333,2.4490670387284474,2.893236063322324,公开指数日线计算（周K最后实际交易日）
20210618,000001.SH,上证综指,week,周K,3525.097,3506.0357000000004,3493.720866666667,0.5436710185238613,0.8980721279908455,公开指数日线计算（周K最后实际交易日）
20210625,000001.SH,上证综指,week,周K,3607.562,3511.5971500000005,3500.3627,2.7327978096804095,3.0625197783075375,公开指数日线计算（周K最后实际交易日）
20210630,000001.SH,上证综指,month,月K,3591.197,,,,,公开指数日线计算（月K最后实际交易日）
20210702,000001.SH,上证综指,week,周K,3518.76,3504.7807500000004,3502.8353333333334,0.39886232541079814,0.4546221889200952,公开指数日线计算（周K最后实际交易日）
20210709,000001.SH,上证综指,week,周K,3524.088,3496.17675,3508.7319,0.7983363541331334,0.437653842973873,公开指数日线计算（周K最后实际交易日）
20210716,000001.SH,上证综指,week,周K,3539.304,3497.6879499999995,3513.5454999999997,1.189815975436015,0.7331198642510861,公开指数日线计算（周K最后实际交易日）
20210723,000001.SH,上证综指,week,周K,3550.396,3500.1084,3518.6732666666667,1.4367440734121217,0.9015538223980935,公开指数日线计算（周K最后实际交易日）
20210730,000001.SH,上证综指,week,周K,3397.357,3497.32235,3516.1495333333337,-2.858339609444349,-3.3784835430681337,公开指数日线计算（周K最后实际交易日）
20210730,000001.SH,上证综指,month,月K,3397.357,,,,,公开指数日线计算（月K最后实际交易日）
20210806,000001.SH,上证综指,week,周K,3458.228,3500.0005999999994,3512.4202,-1.1935026525423886,-1.5428734864923022,公开指数日线计算（周K最后实际交易日）
20210813,000001.SH,上证综指,week,周K,3516.299,3504.8992000000007,3510.7509,0.32525329116452895,0.15803171908324032,公开指数日线计算（周K最后实际交易日）
20210820,000001.SH,上证综指,week,周K,3427.334,3502.0462999999995,3504.770366666666,-2.1333898412479457,-2.209456214397143,公开指数日线计算（周K最后实际交易日）
20210827,000001.SH,上证综指,week,周K,3522.157,3505.6203,3506.0733000000005,0.47171965543444383,0.45873826996143396,公开指数日线计算（周K最后实际交易日）
20210831,000001.SH,上证综指,month,月K,3543.94,3267.31085,,8.46656968681141,,公开指数日线计算（月K最后实际交易日）
20210903,000001.SH,上证综指,week,周K,3581.734,3513.3761,3508.92,1.945647094257863,2.075111430297638,公开指数日线计算（周K最后实际交易日）
20210910,000001.SH,上证综指,week,周K,3703.11,3524.8233,3510.5207333333333,5.058032270724033,5.486059798421938,公开指数日线计算（周K最后实际交易日）
20210917,000001.SH,上证综指,week,周K,3613.966,3533.1788,3507.7806666666665,2.2865301920185876,3.0271371965293836,公开指数日线计算（周K最后实际交易日）
20210924,000001.SH,上证综指,week,周K,3613.067,3542.88845,3511.2468999999996,1.9808286653789642,2.899827408889988,公开指数日线计算（周K最后实际交易日）
20210930,000001.SH,上证综指,week,周K,3568.167,3546.778,3513.4528999999998,0.6030543778043018,1.5572743269164135,公开指数日线计算（周K最后实际交易日）
20210930,000001.SH,上证综指,month,月K,3568.167,3296.8928,,8.228177755734123,,公开指数日线计算（月K最后实际交易日）
20211008,000001.SH,上证综指,week,周K,3592.167,3552.0585,3518.0892,1.1291621464004642,2.105625974463643,公开指数日线计算（周K最后实际交易日）
20211015,000001.SH,上证综指,week,周K,3572.366,3550.6376000000005,3523.6793000000002,0.6119576945841976,1.3817006559024847,公开指数日线计算（周K最后实际交易日）
20211022,000001.SH,上证综指,week,周K,3582.604,3550.17555,3529.1552,0.9134322949184925,1.5144927601937086,公开指数日线计算（周K最后实际交易日）
20211029,000001.SH,上证综指,week,周K,3547.336,3548.05495,3531.253333333333,-0.02026321492005767,0.4554379181706869,公开指数日线计算（周K最后实际交易日）
20211029,000001.SH,上证综指,month,月K,3547.336,3330.2443999999996,,6.518788831234135,,公开指数日线计算（月K最后实际交易日）
20211105,000001.SH,上证综指,week,周K,3491.568,3546.3785,3532.6163666666666,-1.5455344092572099,-1.16198201010429,公开指数日线计算（周K最后实际交易日）
20211112,000001.SH,上证综指,week,周K,3539.1,3542.9554,3536.365766666667,-0.1088187562282017,0.07731760552331934,公开指数日线计算（周K最后实际交易日）
20211119,000001.SH,上证综指,week,周K,3560.373,3545.03605,3539.2393333333334,0.43263170765217573,0.5971245422038862,公开指数日线计算（周K最后实际交易日）
20211126,000001.SH,上证综指,week,周K,3564.089,3547.0361,3543.1471,0.4807647714665242,0.5910536426782853,公开指数日线计算（周K最后实际交易日）
20211130,000001.SH,上证综指,month,月K,3563.887,3370.9239500000003,,5.724337091615483,,公开指数日线计算（月K最后实际交易日）
20211203,000001.SH,上证综指,week,周K,3607.432,3550.4425,3549.432366666667,1.6051379511145436,1.6340537680902933,公开指数日线计算（周K最后实际交易日）
20211210,000001.SH,上证综指,week,周K,3666.348,3556.2401,3555.2981,3.096188584117243,3.123504608516514,公开指数日线计算（周K最后实际交易日）
20211217,000001.SH,上证综指,week,周K,3632.364,3567.99045,3560.1583333333333,1.8041962528234867,2.028158859975804,公开指数日线计算（周K最后实际交易日）
20211224,000001.SH,上证综指,week,周K,3618.054,3575.9817500000004,3560.734,1.1765230625128353,1.6097804553780293,公开指数日线计算（周K最后实际交易日）
20211231,000001.SH,上证综指,week,周K,3639.775,3582.1555499999995,3562.3316666666665,1.6085133433136445,2.173950675564096,公开指数日线计算（周K最后实际交易日）
20211231,000001.SH,上证综指,month,月K,3639.775,3409.9086,,6.741130832656328,,公开指数日线计算（月K最后实际交易日）
20220107,000001.SH,上证综指,week,周K,3579.543,3589.7660000000005,3561.9914999999996,-0.28478179357652733,0.49274401693548686,公开指数日线计算（周K最后实际交易日）
20220114,000001.SH,上证综指,week,周K,3521.256,3589.72095,3561.8634666666667,-1.907249921473697,-1.140062415269072,公开指数日线计算（周K最后实际交易日）
20220121,000001.SH,上证综指,week,周K,3522.568,3586.7626499999997,3559.030333333333,-1.789765765515583,-1.0245018985039933,公开指数日线计算（周K最后实际交易日）
20220128,000001.SH,上证综指,week,周K,3361.44,3569.67915,3553.786333333333,-5.833553696275473,-5.4124338182402365,公开指数日线计算（周K最后实际交易日）
20220128,000001.SH,上证综指,month,月K,3361.44,3435.36305,,-2.1518264277774035,,公开指数日线计算（月K最后实际交易日）
20220211,000001.SH,上证综指,week,周K,3462.948,3562.12825,3551.7483333333334,-2.784297561436766,-2.5001865278555413,公开指数日线计算（周K最后实际交易日）
20220218,000001.SH,上证综指,week,周K,3490.757,3556.0127500000003,3550.1301000000003,-1.8350820030102577,-1.67242039946649,公开指数日线计算（周K最后实际交易日）
20220225,000001.SH,上证综指,week,周K,3451.406,3550.1747000000005,3546.8304333333335,-2.7820799917254946,-2.6904143044597983,公开指数日线计算（周K最后实际交易日）
20220228,000001.SH,上证综指,month,月K,3462.306,3459.2446499999996,,0.08849764355349787,,公开指数日线计算（月K最后实际交易日）
20220304,000001.SH,上证综指,week,周K,3447.649,3542.9487999999997,3548.506833333333,-2.689844120806928,-2.8422612121220325,公开指数日线计算（周K最后实际交易日）
20220311,000001.SH,上证综指,week,周K,3309.747,3529.8178499999995,3543.5574666666666,-6.2346234098170195,-6.598184701844456,公开指数日线计算（周K最后实际交易日）
20220318,000001.SH,上证综指,week,周K,3251.072,3513.24125,3534.7165666666665,-7.462318450234518,-8.0245349610634,公开指数日线计算（周K最后实际交易日）
20220325,000001.SH,上证综指,week,周K,3212.24,3496.4864500000003,3527.546766666667,-8.129488103693372,-8.93841492467623,公开指数日线计算（周K最后实际交易日）
20220331,000001.SH,上证综指,month,月K,3252.203,3456.3544500000003,,-5.906554230860217,,公开指数日线计算（月K最后实际交易日）
20220401,000001.SH,上证综指,week,周K,3282.717,3486.0439000000006,3519.5654333333337,-5.832597231492132,-6.72947947181699,公开指数日线计算（周K最后实际交易日）
20220408,000001.SH,上证综指,week,周K,3251.85,3471.6814,3508.5693,-6.332130592398255,-7.316922598621611,公开指数日线计算（周K最后实际交易日）
20220415,000001.SH,上证综指,week,周K,3211.245,3454.225,3492.1738,-7.034284101354138,-8.044525160803861,公开指数日线计算（周K最后实际交易日）
20220422,000001.SH,上证综指,week,周K,3086.919,3430.3665,3474.6055666666666,-10.011976854368188,-11.157714429111177,公开指数日线计算（周K最后实际交易日）
20220429,000001.SH,上证综指,week,周K,3047.062,3402.3480000000004,3455.7387333333336,-10.44237685269116,-11.826030984093883,公开指数日线计算（周K最后实际交易日）
20220429,000001.SH,上证综指,month,月K,3047.062,3438.9236499999997,,-11.394892410594803,,公开指数日线计算（月K最后实际交易日）
20220506,000001.SH,上证综指,week,周K,3001.561,3369.1086499999997,3436.8518666666664,-10.90934392988483,-12.665395063676288,公开指数日线计算（周K最后实际交易日）
20220513,000001.SH,上证综指,week,周K,3084.285,3341.7047,3419.9224666666664,-7.703244993490898,-9.814183506733299,公开指数日线计算（周K最后实际交易日）
20220520,000001.SH,上证综指,week,周K,3146.567,3318.1303499999995,3405.7291666666665,-5.170482527909115,-7.6095941275424295,公开指数日线计算（周K最后实际交易日）
20220527,000001.SH,上证综指,week,周K,3130.239,3292.65355,3390.650333333333,-4.932634045267226,-7.680276871172498,公开指数日线计算（周K最后实际交易日）
20220531,000001.SH,上证综指,month,月K,3186.427,3437.3424,,-7.299691761868122,,公开指数日线计算（月K最后实际交易日）
20220602,000001.SH,上证综指,week,周K,3195.458,3273.4492999999998,3378.9210666666672,-2.382541864937382,-5.429634580000853,公开指数日线计算（周K最后实际交易日）
20220610,000001.SH,上证综指,week,周K,3284.834,3261.6282,3372.0299333333332,0.7114790091647949,-2.5858588167139485,公开指数日线计算（周K最后实际交易日）
20220617,000001.SH,上证综指,week,周K,3316.786,3251.3391,3364.6194666666665,2.0129213836846516,-1.421660521807988,公开指数日线计算（周K最后实际交易日）
20220624,000001.SH,上证综指,week,周K,3349.747,3250.75445,3357.5986,3.0452177032319394,-0.23384570150821737,公开指数日线计算（周K最后实际交易日）
20220630,000001.SH,上证综指,month,月K,3398.616,3446.04655,3312.447866666667,-1.3763757776284247,2.6013430792510617,公开指数日线计算（月K最后实际交易日）
20220701,000001.SH,上证综指,week,周K,3387.637,3246.9889,3351.7168666666666,4.331647083856693,1.0716935457933507,公开指数日线计算（周K最后实际交易日）
20220708,000001.SH,上证综指,week,周K,3356.078,3240.25495,3343.3384,3.57450422226806,0.3810442879488285,公开指数日线计算（周K最后实际交易日）
20220715,000001.SH,上证综指,week,周K,3228.061,3229.0877,3328.7288333333336,-0.0317953581750019,-3.0242124959312555,公开指数日线计算（周K最后实际交易日）
20220722,000001.SH,上证综指,week,周K,3269.974,3220.20395,3316.649166666667,1.5455558335055075,-1.4072988827327992,公开指数日线计算（周K最后实际交易日）
20220729,000001.SH,上证综指,week,周K,3253.238,3217.3785,3304.4886333333334,1.1145564626605209,-1.5509399190045237,公开指数日线计算（周K最后实际交易日）
20220729,000001.SH,上证综指,month,月K,3253.238,3439.1207000000004,3321.671533333333,-5.404948421845168,-2.0602137401785625,公开指数日线计算（月K最后实际交易日）
20220805,000001.SH,上证综指,week,周K,3227.027,3216.1762499999995,3290.730366666667,0.33738045295248487,-1.9358427938049205,公开指数日线计算（周K最后实际交易日）
20220812,000001.SH,上证综指,week,周K,3276.888,3219.40865,3280.6418666666664,1.7854008685725509,-0.11442476256880996,公开指数日线计算（周K最后实际交易日）
20220819,000001.SH,上证综指,week,周K,3258.078,3218.1767,3271.869266666667,1.2398728758430178,-0.42151032155136603,公开指数日线计算（周K最后实际交易日）
20220826,000001.SH,上证综指,week,周K,3236.223,3217.3953500000002,3262.3244333333337,0.5851829803881436,-0.8000869891001017,公开指数日线计算（周K最后实际交易日）
20220831,000001.SH,上证综指,month,月K,3202.138,3425.5741500000004,3332.3993333333337,-6.522589797100153,-3.9089352836664926,公开指数日线计算（月K最后实际交易日）
20220902,000001.SH,上证综指,week,周K,3186.478,3216.157,3256.492366666667,-0.92280942752484,-2.14999326831935,公开指数日线计算（周K最后实际交易日）
20220909,000001.SH,上证综指,week,周K,3262.054,3224.91375,3249.7958999999996,1.1516664592967851,0.37719599560084305,公开指数日线计算（周K最后实际交易日）
20220916,000001.SH,上证综指,week,周K,3126.398,3228.8805500000003,3237.6506,-3.1739343841629575,-3.436213901524765,公开指数日线计算（周K最后实际交易日）
20220923,000001.SH,上证综指,week,周K,3088.37,3233.221,3225.5494000000003,-4.480083483312769,-4.252900296613049,公开指数日线计算（周K最后实际交易日）
20220930,000001.SH,上证综指,week,周K,3024.391,3230.2263000000003,3211.4408,-6.372163461117264,-5.824482269765019,公开指数日线计算（周K最后实际交易日）
20220930,000001.SH,上证综指,month,月K,3024.391,3402.6402499999995,3341.5358333333334,-11.116345608384536,-9.490990046243708,公开指数日线计算（月K最后实际交易日）
20221014,000001.SH,上证综指,week,周K,3071.987,3226.4973,3203.5154666666667,-4.78879371757106,-4.105754070340895,公开指数日线计算（周K最后实际交易日）
20221021,000001.SH,上证综指,week,周K,3038.929,3221.9318,3196.4440333333337,-5.679909177469233,-4.927820781178294,公开指数日线计算（周K最后实际交易日）
20221028,000001.SH,上证综指,week,周K,2915.926,3207.9552,3186.5669,-9.103281741590408,-8.493181172502606,公开指数日线计算（周K最后实际交易日）
20221031,000001.SH,上证综指,month,月K,2893.483,3371.8604,3342.6492,-14.187342987271945,-13.437431603651373,公开指数日线计算（月K最后实际交易日）
20221104,000001.SH,上证综指,week,周K,3070.796,3197.2533,3179.5028666666667,-3.955185533783012,-3.4189894214699423,公开指数日线计算（周K最后实际交易日）
20221111,000001.SH,上证综指,week,周K,3087.293,3185.7786499999997,3174.017633333334,-3.091415343624071,-2.732329915957521,公开指数日线计算（周K最后实际交易日）
20221118,000001.SH,上证综指,week,周K,3097.243,3173.1534500000002,3170.2175666666662,-2.392271637540888,-2.3018788184747674,公开指数日线计算（周K最后实际交易日）
20221125,000001.SH,上证综指,week,周K,3101.693,3158.85625,3170.7100333333333,-1.8096185921723906,-2.176705930462397,公开指数日线计算（周K最后实际交易日）
20221130,000001.SH,上证综指,month,月K,3151.335,3357.33155,3352.615333333333,-6.135722580035319,-6.003681106272651,公开指数日线计算（月K最后实际交易日）
20221202,000001.SH,上证综指,week,周K,3156.144,3148.85955,3174.3460999999998,0.23133613564947364,-0.5734125840909376,公开指数日线计算（周K最后实际交易日）
20221209,000001.SH,上证综指,week,周K,3206.95,3147.804,3181.1924000000004,1.8789606976800322,0.8096838154145969,公开指数日线计算（周K最后实际交易日）
20221216,000001.SH,上证综指,week,周K,3167.858,3142.6982,3183.9781666666668,0.8005795784017833,-0.5062901132749542,公开指数日线计算（周K最后实际交易日）
20221223,000001.SH,上证综指,week,周K,3045.866,3132.3296,3180.6214666666665,-2.7603608509142896,-4.236765301338796,公开指数日线计算（周K最后实际交易日）
20221230,000001.SH,上证综指,week,周K,3089.258,3125.44115,3179.2554333333333,-1.1576973701776572,-2.8307707644294022,公开指数日线计算（周K最后实际交易日）
20221230,000001.SH,上证综指,month,月K,3089.258,3339.45165,3356.1014666666665,-7.492057865248636,-7.950995204316625,公开指数日线计算（月K最后实际交易日）
20230106,000001.SH,上证综指,week,周K,3157.637,3119.4786,3177.994733333333,1.2232300615878655,-0.6405842375950099,公开指数日线计算（周K最后实际交易日）
20230113,000001.SH,上证综指,week,周K,3195.306,3116.34,3175.0104666666666,2.533934038006125,0.6392272890564987,公开指数日线计算（周K最后实际交易日）
20230120,000001.SH,上证综指,week,周K,3264.814,3117.76955,3173.2780666666667,4.716334791325427,2.884585952137697,公开指数日线计算（周K最后实际交易日）
20230131,000001.SH,上证综指,month,月K,3255.669,3321.4612500000003,3354.2902000000004,-1.9808224467469104,-2.9401510936650777,公开指数日线计算（月K最后实际交易日）
20230203,000001.SH,上证综指,week,周K,3263.406,3121.6159500000003,3170.400033333333,4.542200330569157,2.9335719684837835,公开指数日线计算（周K最后实际交易日）
20230210,000001.SH,上证综指,week,周K,3260.673,3121.5469,3166.1679000000004,4.456960105260621,2.984841707225927,公开指数日线计算（周K最后实际交易日）
20230217,000001.SH,上证综指,week,周K,3224.024,3126.4282,3161.7661,3.121638936086879,1.9690862015378174,公开指数日线计算（周K最后实际交易日）
20230224,000001.SH,上证综指,week,周K,3267.16,3135.3677,3163.0694,4.203408104255213,3.290809869679112,公开指数日线计算（周K最后实际交易日）
20230228,000001.SH,上证综指,month,月K,3279.605,3305.8816500000003,3350.4211,-0.7948454537082483,-2.1136477441596857,公开指数日线计算（月K最后实际交易日）
20230303,000001.SH,上证综指,week,周K,3328.393,3150.5678,3165.0166999999997,5.644227050120931,5.161941167640616,公开指数日线计算（周K最后实际交易日）
20230310,000001.SH,上证综指,week,周K,3230.077,3158.4723,3164.2446666666665,2.2670675313505306,2.080507048864977,公开指数日线计算（周K最后实际交易日）
20230317,000001.SH,上证综指,week,周K,3250.546,3169.05315,3165.0286333333333,2.5715204555657234,2.7019460666490636,公开指数日线计算（周K最后实际交易日）
20230324,000001.SH,上证综指,week,周K,3265.654,3186.53955,3164.6541666666667,2.482770063217954,3.1914967011929862,公开指数日线计算（周K最后实际交易日）
20230331,000001.SH,上证综指,week,周K,3272.86,3196.64275,3165.1468999999997,2.384290518544807,3.4030995528201435,公开指数日线计算（周K最后实际交易日）
20230331,000001.SH,上证综指,month,月K,3272.86,3299.6567999999997,3352.2480333333338,-0.8121087017292083,-2.368202846088141,公开指数日线计算（月K最后实际交易日）
20230407,000001.SH,上证综指,week,周K,3327.646,3208.6603999999998,3168.1943333333334,3.7082640468901085,5.032887818434539,公开指数日线计算（周K最后实际交易日）
20230414,000001.SH,上证综指,week,周K,3338.153,3220.7059,3173.2501666666662,3.6466260393412497,5.1966540509648995,公开指数日线计算（周K最后实际交易日）
20230421,000001.SH,上证综指,week,周K,3301.258,3230.68415,3174.5569666666665,2.184486217880499,3.9911406430476193,公开指数日线计算（周K最后实际交易日）
20230428,000001.SH,上证综指,week,周K,3323.275,3239.0407,3181.1195333333335,2.6005940586050658,4.468724459332374,公开指数日线计算（周K最后实际交易日）
20230428,000001.SH,上证综指,month,月K,3323.275,3288.6235500000003,3355.539433333333,1.0536763929699378,-0.961527467471357,公开指数日线计算（月K最后实际交易日）
20230505,000001.SH,上证综指,week,周K,3334.503,3245.41835,3189.3239666666664,2.744935795411396,4.552031554356906,公开指数日线计算（周K最后实际交易日）
20230512,000001.SH,上证综指,week,周K,3272.362,3250.64355,3197.5896666666667,0.6681277004364272,2.338396765313533,公开指数日线计算（周K最后实际交易日）
20230519,000001.SH,上证综指,week,周K,3283.542,3262.52735,3204.6414999999997,0.6441218033007567,2.4620694701732004,公开指数日线计算（周K最后实际交易日）
20230526,000001.SH,上证综指,week,周K,3212.504,3268.68965,3210.427333333333,-1.7189043933858894,0.06468505438841365,公开指数日线计算（周K最后实际交易日）
20230531,000001.SH,上证综指,month,月K,3204.564,3270.4434,3349.2997333333333,-2.014387406918594,-4.321372969187431,公开指数日线计算（月K最后实际交易日）
20230602,000001.SH,上证综指,week,周K,3230.069,3272.31125,3220.8987666666667,-1.2908995133027235,0.2847103866857603,公开指数日线计算（周K最后实际交易日）
20230609,000001.SH,上证综指,week,周K,3231.406,3274.11625,3226.2524333333336,-1.304481781915967,0.1597384821293124,公开指数日线计算（周K最后实际交易日）
20230616,000001.SH,上证综指,week,周K,3273.334,3274.54225,3232.4538,-0.03689828708119958,1.2646801015377296,公开指数日线计算（周K最后实际交易日）
20230621,000001.SH,上证综指,week,周K,3197.901,3271.267,3235.809066666667,-2.242739586832865,-1.1715174129763417,公开指数日线计算（周K最后实际交易日）
20230630,000001.SH,上证综指,week,周K,3202.062,3268.33645,3239.1547,-2.0277731810627975,-1.14513517986653,公开指数日线计算（周K最后实际交易日）
20230630,000001.SH,上证综指,month,月K,3202.062,3253.1796999999997,3340.266166666667,-1.5713149814625904,-4.137519579901749,公开指数日线计算（月K最后实际交易日）
20230707,000001.SH,上证综指,week,周K,3196.609,3266.9656999999997,3240.5035333333335,-2.153579390196836,-1.3545590332432522,公开指数日线计算（周K最后实际交易日）
20230714,000001.SH,上证综指,week,周K,3237.701,3265.4927500000003,3241.5285666666664,-0.8510737008985969,-0.11807906634005993,公开指数日线计算（周K最后实际交易日）
20230721,000001.SH,上证综指,week,周K,3167.745,3257.46035,3241.5248,-2.7541501771464416,-2.2760831569143103,公开指数日线计算（周K最后实际交易日）
20230728,000001.SH,上证综指,week,周K,3275.926,3259.7527999999998,3249.193466666666,0.4961480514718897,0.8227436626221829,公开指数日线计算（周K最后实际交易日）
20230731,000001.SH,上证综指,month,月K,3291.04,3239.53735,3333.8652,1.5898149777467507,-1.284551037036541,公开指数日线计算（月K最后实际交易日）
20230804,000001.SH,上证综指,week,周K,3288.084,3261.6297,3255.8210000000004,0.8110761316650894,0.9909328553381558,公开指数日线计算（周K最后实际交易日）
20230811,000001.SH,上证综指,week,周K,3189.248,3257.8094,3256.8747000000003,-2.104524592506851,-2.0764292835705467,公开指数日线计算（周K最后实际交易日）
20230818,000001.SH,上证综指,week,周K,3131.953,3250.76405,3254.7629333333334,-3.6548653846470436,-3.7732374323053652,公开指数日线计算（周K最后实际交易日）
20230825,000001.SH,上证综指,week,周K,3064.075,3237.5855,3248.071633333333,-5.359256149374292,-5.664796042213716,公开指数日线计算（周K最后实际交易日）
20230831,000001.SH,上证综指,month,月K,3119.876,3213.5424,3320.891733333333,-2.9147398210771946,-6.0530649438415685,公开指数日线计算（月K最后实际交易日）
20230901,000001.SH,上证综指,week,周K,3133.247,3227.3402,3243.733,-2.915502989117791,-3.406137311548152,公开指数日线计算（周K最后实际交易日）
20230908,000001.SH,上证综指,week,周K,3116.719,3218.11325,3238.934533333333,-3.1507359164566373,-3.773325211595291,公开指数日线计算（周K最后实际交易日）
20230915,000001.SH,上证综指,week,周K,3117.743,3207.83665,3235.3918333333336,-2.808548558730395,-3.6363086573079295,公开指数日线计算（周K最后实际交易日）
20230922,000001.SH,上证综指,week,周K,3132.432,3197.7331000000004,3230.9009,-2.0421060156646798,-3.0477226955491044,公开指数日线计算（周K最后实际交易日）
20230928,000001.SH,上证综指,week,周K,3110.475,3189.63875,3223.6369666666665,-2.4819033189887096,-3.5103818400394893,公开指数日线计算（周K最后实际交易日）
20230928,000001.SH,上证综指,month,月K,3110.475,3200.99415,3309.8438333333334,-2.8278449056209687,-6.02351178401519,公开指数日线计算（月K最后实际交易日）
20231013,000001.SH,上证综指,week,周K,3088.099,3179.8666000000003,3218.9043666666666,-2.8858946472786084,-4.0636611643769305,公开指数日线计算（周K最后实际交易日）
20231020,000001.SH,上证综指,week,周K,2983.059,3168.39435,3209.9881333333333,-5.849503866209071,-7.069469540302753,公开指数日线计算（周K最后实际交易日）
20231027,000001.SH,上证综指,week,周K,3017.784,3157.7801,3201.7258,-4.433370772081302,-5.745082855002758,公开指数日线计算（周K最后实际交易日）
20231031,000001.SH,上证综指,month,月K,3018.771,3178.8174000000004,3295.574333333333,-5.034778027828846,-8.39924411759082,公开指数日线计算（月K最后实际交易日）
20231103,000001.SH,上证综指,week,周K,3030.798,3147.7497,3193.6570666666667,-3.7154065966553795,-5.099453800675247,公开指数日线计算（周K最后实际交易日）
20231110,000001.SH,上证综指,week,周K,3038.97,3136.0315,3184.034533333333,-3.095042253242686,-4.555997487296926,公开指数日线计算（周K最后实际交易日）
20231117,000001.SH,上证综指,week,周K,3054.366,3128.85475,3174.5749666666666,-2.3807033547977863,-3.786616095977313,公开指数日线计算（周K最后实际交易日）
20231124,000001.SH,上证综指,week,周K,3040.972,3120.8002500000002,3165.8987666666667,-2.557941668967756,-3.946012676779309,公开指数日线计算（周K最后实际交易日）
20231130,000001.SH,上证综指,month,月K,3029.673,3167.6909,3276.0475333333334,-4.357050746333879,-7.520481031685488,公开指数日线计算（月K最后实际交易日）
20231201,000001.SH,上证综指,week,周K,3031.636,3112.5516,3156.1774666666665,-2.5996548940746766,-3.9459589323473154,公开指数日线计算（周K最后实际交易日）
20231208,000001.SH,上证综指,week,周K,2969.559,3099.1445,3144.0126666666665,-4.181331331920779,-5.5487583913465865,公开指数日线计算（周K最后实际交易日）
20231215,000001.SH,上证综指,week,周K,2942.557,3087.8851000000004,3133.0191666666665,-4.7063959730885285,-6.079189322972011,公开指数日线计算（周K最后实际交易日）
20231222,000001.SH,上证综指,week,周K,2914.775,3069.82755,3120.7269333333334,-5.050855381110897,-6.599485880469214,公开指数日线计算（周K最后实际交易日）
20231229,000001.SH,上证综指,week,周K,2974.935,3054.1701000000003,3112.8079666666667,-2.5943250508542515,-4.4292152983117505,公开指数日线计算（周K最后实际交易日）
20231229,000001.SH,上证综指,month,月K,2974.935,3164.0845500000005,3255.505466666667,-5.978018191707313,-8.61833805961767,公开指数日线计算（月K最后实际交易日）
20240105,000001.SH,上证综指,week,周K,2929.183,3041.16685,3102.7784333333334,-3.682265903957227,-5.594838209147879,公开指数日线计算（周K最后实际交易日）
20240112,000001.SH,上证综指,week,周K,2881.977,3028.6680499999998,3091.1308,-4.843417884637436,-6.766255248726449,公开指数日线计算（周K最后实际交易日）
20240119,000001.SH,上证综指,week,周K,2832.279,3017.07825,3076.428966666667,-6.125106301104388,-7.936148349662863,公开指数日线计算（周K最后实际交易日）
20240126,000001.SH,上证综指,week,周K,2910.223,3005.92705,3066.8396999999995,-3.183844731028984,-5.106778159940983,公开指数日线计算（周K最后实际交易日）
20240131,000001.SH,上证综指,month,月K,2788.548,3144.1906,3235.2118333333333,-11.311101814247525,-13.806324171147788,公开指数日线计算（月K最后实际交易日）
20240202,000001.SH,上证综指,week,周K,2730.152,2986.5987,3051.1093666666666,-8.586580446847448,-10.51936617458299,公开指数日线计算（周K最后实际交易日）
20240208,000001.SH,上证综指,week,周K,2865.903,2974.0067,3040.0858333333335,-3.634951461272773,-5.7295366934541185,公开指数日线计算（周K最后实际交易日）
20240223,000001.SH,上证综指,week,周K,3004.881,2967.6291499999998,3032.325166666667,1.2552730855875271,-0.9050535532386661,公开指数日线计算（周K最后实际交易日）
20240229,000001.SH,上证综指,month,月K,3015.171,3125.01835,3217.5861999999997,-3.515094559364751,-6.290902167593826,公开指数日线计算（月K最后实际交易日）
20240301,000001.SH,上证综指,week,周K,3027.02,2963.4564,3027.6343333333334,2.1449142966976087,-0.020290869560102287,公开指数日线计算（周K最后实际交易日）
20240308,000001.SH,上证综指,week,周K,3046.019,2961.3523999999998,3019.970766666667,2.8590518305082524,0.8625326318004056,公开指数日线计算（周K最后实际交易日）
20240315,000001.SH,上证综指,week,周K,3054.636,2964.93125,3012.1891666666666,3.0255254653881014,1.4091689128643115,公开指数日线计算（周K最后实际交易日）
20240322,000001.SH,上证综指,week,周K,3048.034,2966.4437499999995,3007.482033333333,2.7504398153513243,1.3483693740215408,公开指数日线计算（周K最后实际交易日）
20240329,000001.SH,上证综指,week,周K,3041.167,2966.9622,3004.4558333333334,2.5010362450859747,1.2218907084394326,公开指数日线计算（周K最后实际交易日）
20240329,000001.SH,上证综指,month,月K,3041.167,3114.4148,3200.019533333333,-2.3518960929674537,-4.964111364903545,公开指数日线计算（月K最后实际交易日）
20240403,000001.SH,上证综指,week,周K,3069.296,2968.4785,3004.6298666666667,3.3962684924280007,2.1522162862966487,公开指数日线计算（周K最后实际交易日）
20240412,000001.SH,上证综指,week,周K,3019.474,2966.7339,3000.837433333333,1.777715891539855,0.6210455274801685,公开指数日线计算（周K最后实际交易日）
20240419,000001.SH,上证综指,week,周K,3065.261,2967.9483499999997,2999.1221666666665,3.2787851581042693,2.2052730651796804,公开指数日线计算（周K最后实际交易日）
20240426,000001.SH,上证综指,week,周K,3088.636,2970.79835,2998.1519333333335,3.9665314207542934,3.0179947073618374,公开指数日线计算（周K最后实际交易日）
20240430,000001.SH,上证综指,week,周K,3104.825,2977.5616499999996,2997.2317,4.274079430059841,3.589755840364295,公开指数日线计算（周K最后实际交易日）
20240430,000001.SH,上证综指,month,月K,3104.825,3109.54915,3185.2691666666665,-0.15192395334867603,-2.5255060862203416,公开指数日线计算（月K最后实际交易日）
20240510,000001.SH,上证综指,week,周K,3154.547,2988.16115,2998.700766666667,5.568168570828247,5.197125203878561,公开指数日线计算（周K最后实际交易日）
20240517,000001.SH,上证综指,week,周K,3154.026,3000.1237,3000.898333333333,5.129865145227175,5.10272757213257,公开指数日线计算（周K最后实际交易日）
20240524,000001.SH,上证综指,week,周K,3088.871,3005.8205,3004.4253999999996,2.762989340181843,2.810707165503268,公开指数日线计算（周K最后实际交易日）
20240531,000001.SH,上证综指,week,周K,3086.813,3013.702,3006.7263666666668,2.4259531964341496,2.6635823672281678,公开指数日线计算（周K最后实际交易日）
20240531,000001.SH,上证综指,month,月K,3086.813,3112.67025,3169.3666999999996,-0.8307095812670862,-2.6047380380439855,公开指数日线计算（月K最后实际交易日）
20240607,000001.SH,上证综指,week,周K,3051.279,3022.1670999999997,3007.4090666666666,0.9632789662755714,1.4587285055291055,公开指数日线计算（周K最后实际交易日）
20240614,000001.SH,上证综指,week,周K,3032.633,3032.1848,3007.197833333333,0.014781420974063764,0.8458095568149915,公开指数日线计算（周K最后实际交易日）
20240621,000001.SH,上证综指,week,周K,2998.138,3036.5805499999997,3005.323566666667,-1.2659815660085116,-0.23909461018990497,公开指数日线计算（周K最后实际交易日）
20240628,000001.SH,上证综指,week,周K,2967.403,3048.4430999999995,3002.8712666666665,-2.6584094680986436,-1.1811450947092461,公开指数日线计算（周K最后实际交易日）
20240628,000001.SH,上证综指,month,月K,2967.403,3116.36625,3146.9543,-4.7800302676234026,-5.705557910389736,公开指数日线计算（月K最后实际交易日）
20240705,000001.SH,上证综指,week,周K,2949.933,3052.6446,3000.1478333333334,-3.364675992744126,-1.673745299328866,公开指数日线计算（周K最后实际交易日）
20240712,000001.SH,上证综指,week,周K,2971.295,3050.9653,3000.2057,-2.611314523963937,-0.9636239275193637,公开指数日线计算（周K最后实际交易日）
20240719,000001.SH,上证综指,week,周K,2982.309,3048.72975,3001.530766666667,-2.1786368568745607,-0.6403987885159501,公开指数日线计算（周K最后实际交易日）
20240726,000001.SH,上证综指,week,周K,2890.897,3040.97365,3000.7348333333334,-4.935151279590999,-3.6603645251560346,公开指数日线计算（周K最后实际交易日）
20240731,000001.SH,上证综指,month,月K,2938.749,3105.73695,3132.8646,-5.376757680652899,-6.196105634440762,公开指数日线计算（月K最后实际交易日）
20240802,000001.SH,上证综指,week,周K,2905.338,3033.50875,2998.414933333333,-4.225165000760256,-3.1042045681736075,公开指数日线计算（周K最后实际交易日）
20240809,000001.SH,上证综指,week,周K,2862.194,3024.2167500000005,2996.181966666666,-5.357511163841034,-4.471956915745389,公开指数日线计算（周K最后实际交易日）
20240816,000001.SH,上证综指,week,周K,2879.43,3016.1299,2996.0970666666667,-4.532294845788975,-3.893968188302588,公开指数日线计算（周K最后实际交易日）
20240823,000001.SH,上证综指,week,周K,2854.368,3005.3835,2996.8333666666667,-5.024832937294022,-4.753863469730679,公开指数日线计算（周K最后实际交易日）
20240830,000001.SH,上证综指,week,周K,2842.214,2996.5204999999996,2994.5664,-5.1495225879482405,-5.087628045248893,公开指数日线计算（周K最后实际交易日）
20240830,000001.SH,上证综指,month,月K,2842.214,3093.3847499999997,3112.1948666666667,-8.119609111023118,-8.674934515133081,公开指数日线计算（月K最后实际交易日）
20240906,000001.SH,上证综指,week,周K,2765.807,2981.5478,2995.7549,-7.235865881472703,-7.6757915008333955,公开指数日线计算（周K最后实际交易日）
20240913,000001.SH,上证综指,week,周K,2704.09,2962.3205000000003,2990.3611333333333,-8.7171695297656,-9.57312914959635,公开指数日线计算（周K最后实际交易日）
20240920,000001.SH,上证综指,week,周K,2736.814,2943.9199500000004,2981.4255666666663,-7.035040134158555,-8.204516973407138,公开指数日线计算（周K最后实际交易日）
20240927,000001.SH,上证综指,week,周K,3087.529,2940.5690499999996,2983.4425333333334,4.997670433891033,3.4888041416495152,公开指数日线计算（周K最后实际交易日）
20240930,000001.SH,上证综指,week,周K,3336.497,2949.6926,2993.125133333333,13.113380017972043,11.47201842123675,公开指数日线计算（周K最后实际交易日）
20240930,000001.SH,上证综指,month,月K,3336.497,3097.4261500000002,3115.0046666666667,7.718371267705604,7.110497640773983,公开指数日线计算（月K最后实际交易日）
20241011,000001.SH,上证综指,week,周K,3217.738,2956.13595,2998.5618666666664,8.849459376183288,7.309375063085799,公开指数日线计算（周K最后实际交易日）
20241018,000001.SH,上证综指,week,周K,3261.563,2964.87345,3005.6794999999997,10.006820021272755,8.513332842041233,公开指数日线计算（周K最后实际交易日）
20241025,000001.SH,上证综指,week,周K,3299.7,2977.2945,3014.2972666666665,10.82880783207707,9.46830083712824,公开指数日线计算（周K最后实际交易日）
20241031,000001.SH,上证综指,month,月K,3279.824,3097.4371,3122.7634000000003,5.888316505281099,5.029538901346142,公开指数日线计算（月K最后实际交易日）
20241101,000001.SH,上证综指,week,周K,3272.014,2989.26355,3021.0545333333334,9.458866549254253,8.307015444364252,公开指数日线计算（周K最后实际交易日）
20241108,000001.SH,上证综指,week,周K,3452.297,3011.9715,3035.4819666666667,14.619178833531453,13.73142841599706,公开指数日线计算（周K最后实际交易日）
20241115,000001.SH,上证综指,week,周K,3330.726,3030.13765,3044.3308,9.919956936609786,9.407492773124382,公开指数日线计算（周K最后实际交易日）
20241122,000001.SH,上证综指,week,周K,3267.192,3046.0006000000003,3050.2826666666665,7.261699160532009,7.111122379040724,公开指数日线计算（周K最后实际交易日）
20241129,000001.SH,上证综指,week,周K,3326.456,3063.75865,3057.6703666666663,8.574348700737232,8.790536621066568,公开指数日线计算（周K最后实际交易日）
20241129,000001.SH,上证综指,month,月K,3326.456,3100.1169,3127.4310333333337,7.30098597249671,6.3638483005822755,公开指数日线计算（月K最后实际交易日）
20241206,000001.SH,上证综指,week,周K,3404.076,3084.847,3065.988,10.348292800258797,11.02704902954612,公开指数日线计算（周K最后实际交易日）
20241213,000001.SH,上证综指,week,周K,3391.878,3109.8960500000003,3073.9164000000005,9.067246797525597,10.343859709392223,公开指数日线计算（周K最后实际交易日）
20241220,000001.SH,上证综指,week,周K,3368.069,3133.0326,3083.223,7.501881723158577,9.238579239970646,公开指数日线计算（周K最后实际交易日）
20241227,000001.SH,上证综指,week,周K,3400.142,3159.93,3093.6673,7.601813964233384,9.906517743520759,公开指数日线计算（周K最后实际交易日）
20241231,000001.SH,上证综指,month,月K,3351.763,3101.5413,3125.8692666666666,8.067656555145675,7.22658928005071,公开指数日线计算（月K最后实际交易日）
20250103,000001.SH,上证综指,week,周K,3211.43,3176.53,3099.0056666666665,1.0986831542595166,3.62775501002095,公开指数日线计算（周K最后实际交易日）
20250110,000001.SH,上证综指,week,周K,3168.524,3192.2378,3103.5353666666665,-0.742858191830198,2.0940194215712804,公开指数日线计算（周K最后实际交易日）
20250117,000001.SH,上证综指,week,周K,3241.821,3212.2181499999997,3111.658133333333,0.9215703485144777,4.183070925186483,公开指数日线计算（周K最后实际交易日）
20250124,000001.SH,上证综指,week,周K,3252.626,3236.5591,3121.165566666667,0.496419175537377,4.211901948980223,公开指数日线计算（周K最后实际交易日）
20250127,000001.SH,上证综指,week,周K,3250.601,3263.8846500000004,3131.187833333333,-0.4069889540980087,3.8136698602186714,公开指数日线计算（周K最后实际交易日）
20250127,000001.SH,上证综指,month,月K,3250.601,3103.8431499999997,3125.781366666667,4.728262444576181,3.9932298101335473,公开指数日线计算（月K最后实际交易日）
20250207,000001.SH,上证综指,week,周K,3303.667,3292.2273,3142.2669,0.3474760081115802,5.136422370741323,公开指数日线计算（周K最后实际交易日）
20250214,000001.SH,上证综指,week,周K,3346.724,3305.1870500000005,3154.4140666666667,1.256720100001596,6.0965342300971725,公开指数日线计算（周K最后实际交易日）
20250221,000001.SH,上证综指,week,周K,3379.113,3307.3178500000004,3170.687933333333,2.1707967983784604,6.5734967000536715,公开指数日线计算（周K最后实际交易日）
20250228,000001.SH,上证综指,week,周K,3320.897,3312.4758,3184.5399,0.25422676295476787,4.281846178155901,公开指数日线计算（周K最后实际交易日）
20250228,000001.SH,上证综指,month,月K,3320.897,3109.7848999999997,3129.74,6.788639947412456,6.107759750011188,公开指数日线计算（月K最后实际交易日）
20250307,000001.SH,上证综指,week,周K,3372.546,3318.02495,3201.5516333333335,1.6431778187804058,5.340984192987497,公开指数日线计算（周K最后实际交易日）
20250314,000001.SH,上证综指,week,周K,3419.562,3324.01805,3219.5560333333333,2.874351118520546,6.212221952217201,公开指数日线计算（周K最后实际交易日）
20250321,000001.SH,上证综指,week,周K,3364.831,3328.6589,3236.5714666666668,1.086686893631561,3.9628209867841324,公开指数日线计算（周K最后实际交易日）
20250328,000001.SH,上证综指,week,周K,3351.307,3323.6094,3253.541233333333,0.8333590583779138,3.0049032624831273,公开指数日线计算（周K最后实际交易日）
20250331,000001.SH,上证综指,month,月K,3335.746,3112.0202,3140.1185,7.18908572637158,6.229940048440841,公开指数日线计算（月K最后实际交易日）
20250403,000001.SH,上证综指,week,周K,3342.008,3324.1735,3272.747933333333,0.5365093007329458,2.1162664549030596,公开指数日线计算（周K最后实际交易日）
20250411,000001.SH,上证综指,week,周K,3238.227,3322.7252500000004,3290.5525,-2.5430405357770858,-1.5901736866377303,公开指数日线计算（周K最后实际交易日）
20250418,000001.SH,上证综指,week,周K,3276.73,3320.23895,3308.5497000000005,-1.3104162277236098,-0.9617416356175745,公开指数日线计算（周K最后实际交易日）
20250425,000001.SH,上证综指,week,周K,3295.06,3314.7881499999994,3315.4674,-0.5951556813668324,-0.6155210574533165,公开指数日线计算（周K最后实际交易日）
20250430,000001.SH,上证综指,week,周K,3279.031,3309.1458,3313.551866666667,-0.9100475415740217,-1.0418085503334562,公开指数日线计算（周K最后实际交易日）
20250430,000001.SH,上证综指,month,月K,3279.031,3119.97795,3152.9701,5.097890195025245,3.998163509384378,公开指数日线计算（月K最后实际交易日）
20250509,000001.SH,上证综指,week,周K,3341.999,3307.8422999999993,3317.6938999999998,1.0325975939058596,0.7325901886247044,公开指数日线计算（周K最后实际交易日）
20250516,000001.SH,上证综指,week,周K,3367.462,3306.2083,3321.2238666666667,1.8526872611142053,1.3922016458270292,公开指数日线计算（周K最后实际交易日）
20250523,000001.SH,上证综指,week,周K,3348.372,3313.0553999999997,3322.846266666667,1.0659827783139342,0.7681888141920945,公开指数日线计算（周K最后实际交易日）
20250530,000001.SH,上证综指,week,周K,3347.487,3322.00355,3325.3620333333333,0.7671108599507814,0.6653400876321713,公开指数日线计算（周K最后实际交易日）
20250530,000001.SH,上证综指,month,月K,3347.487,3131.8285499999997,3159.5085000000004,6.886023502148619,5.949612099476864,公开指数日线计算（月K最后实际交易日）
20250606,000001.SH,上证综指,week,周K,3385.358,3329.1804,3323.1307333333334,1.6874303357066411,1.8725494619421301,公开指数日线计算（周K最后实际交易日）
20250613,000001.SH,上证综指,week,周K,3376.996,3335.3989,3324.673066666667,1.2471401846417818,1.5737767980233963,公开指数日线计算（周K最后实际交易日）
20250620,000001.SH,上证综指,week,周K,3359.895,3340.8635999999997,3327.763166666666,0.5696551035486941,0.9655685132641034,公开指数日线计算（周K最后实际交易日）
20250627,000001.SH,上证综指,week,周K,3424.227,3346.8916,3331.0222,2.310663422741266,2.7980840235769078,公开指数日线计算（周K最后实际交易日）
20250630,000001.SH,上证综指,month,月K,3444.426,3153.1112999999996,3171.347433333334,9.23896026125055,8.610805735013383,公开指数日线计算（月K最后实际交易日）
20250704,000001.SH,上证综指,week,周K,3472.319,3353.1713499999996,3333.296966666667,3.5532824769005655,4.170706502407939,公开指数日线计算（周K最后实际交易日）
20250711,000001.SH,上证综指,week,周K,3510.177,3359.7245500000004,3337.2402666666667,4.478118600526337,5.1820282483306945,公开指数日线计算（周K最后实际交易日）
20250718,000001.SH,上证综指,week,周K,3534.483,3370.40385,3342.7874,4.86823411384365,5.734603403135963,公开指数日线计算（周K最后实际交易日）
20250725,000001.SH,上证综指,week,周K,3593.655,3381.4593,3349.237833333333,6.275269969980135,7.2976951422828895,公开指数日线计算（周K最后实际交易日）
20250731,000001.SH,上证综指,month,月K,3573.208,3180.28805,3181.9320666666667,12.354854145994732,12.296803487172703,公开指数日线计算（月K最后实际交易日）
20250801,000001.SH,上证综指,week,周K,3559.952,3388.4788,3360.8552333333337,5.060477285559539,5.923991152371055,公开指数日线计算（周K最后实际交易日）
20250808,000001.SH,上证综指,week,周K,3635.128,3401.9936500000003,3376.4087,6.852874343254567,7.662558741777925,公开指数日线计算（周K最后实际交易日）
20250815,000001.SH,上证综指,week,周K,3696.771,3419.26685,3391.5737000000004,8.115896248343413,8.998692848691437,公开指数日线计算（周K最后实际交易日）
20250822,000001.SH,上证综指,week,周K,3825.759,3443.4544,3410.6781333333333,11.10235698198878,12.17003922504405,公开指数日线计算（周K最后实际交易日）
20250829,000001.SH,上证综指,week,周K,3857.927,3474.4394,3430.9223333333334,11.037394982338732,12.44576895600571,公开指数日线计算（周K最后实际交易日）
20250829,000001.SH,上证综指,month,月K,3857.927,3224.43765,3201.2094666666667,19.646506422600552,20.514669226476954,公开指数日线计算（月K最后实际交易日）
20250905,000001.SH,上证综指,week,周K,3812.514,3501.2286,3447.8839000000003,8.890747664976818,10.575475003668178,公开指数日线计算（周K最后实际交易日）
20250912,000001.SH,上证综指,week,周K,3870.598,3530.0055,3465.3463666666667,9.648497714805249,11.694404843090677,公开指数日线计算（周K最后实际交易日）
20250919,000001.SH,上证综指,week,周K,3820.089,3557.0584000000003,3480.0455666666667,7.394610108172506,9.771235083540608,公开指数日线计算（周K最后实际交易日）
20250926,000001.SH,上证综指,week,周K,3828.106,3581.3637500000004,3496.9525333333336,6.889617118618574,9.469772995488945,公开指数日线计算（周K最后实际交易日）
20250930,000001.SH,上证综指,week,周K,3882.777,3607.1295000000005,3513.9602333333332,7.641741168427685,10.495758124069843,公开指数日线计算（周K最后实际交易日）
20250930,000001.SH,上证综指,month,月K,3882.777,3279.1491,3221.540033333333,18.40806506785555,20.52549277130924,公开指数日线计算（月K最后实际交易日）
20251010,000001.SH,上证综指,week,周K,3897.028,3634.5623,3529.8757666666666,7.221383988933128,10.40127918382925,公开指数日线计算（周K最后实际交易日）
20251017,000001.SH,上证综指,week,周K,3839.755,3659.1757,3545.706566666667,4.9349721031433536,8.293084264154693,公开指数日线计算（周K最后实际交易日）
20251024,000001.SH,上证综指,week,周K,3950.312,3687.4234000000006,3565.6734,7.129330469617323,10.787263914861068,公开指数日线计算（周K最后实际交易日）
20251031,000001.SH,上证综指,week,周K,3954.79,3716.3131000000003,3586.099466666667,6.417029286364473,10.281101702849217,公开指数日线计算（周K最后实际交易日）
20251031,000001.SH,上证综指,month,月K,3954.79,3326.1300499999998,3242.5905333333335,18.900642504943544,21.963903840012033,公开指数日线计算（月K最后实际交易日）
20251107,000001.SH,上证综指,week,周K,3997.556,3748.1961499999998,3611.4104333333335,6.652796172366804,10.692375563368305,公开指数日线计算（周K最后实际交易日）
20251114,000001.SH,上证综指,week,周K,3990.492,3776.5094,3635.2025,5.666147686538259,9.773582076926957,公开指数日线计算（周K最后实际交易日）
20251121,000001.SH,上证综指,week,周K,3834.891,3794.638,3653.1968666666667,1.0607862989829409,4.973565344676301,公开指数日线计算（周K最后实际交易日）
20251128,000001.SH,上证综指,week,周K,3888.596,3813.55895,3673.5156999999995,1.967638391954063,5.854889908324079,公开指数日线计算（周K最后实际交易日）
20251128,000001.SH,上证综指,month,月K,3888.596,3368.5015,3265.3916000000004,15.439936719636327,19.08513514887462,公开指数日线计算（月K最后实际交易日）
20251205,000001.SH,上证综指,week,周K,3902.808,3831.9752,3692.2093333333332,1.848467077761895,5.7038658335370584,公开指数日线计算（周K最后实际交易日）
20251212,000001.SH,上证综指,week,周K,3889.346,3846.7597499999997,3709.605466666667,1.1070680980271863,4.84527357284823,公开指数日线计算（周K最后实际交易日）
20251219,000001.SH,上证综指,week,周K,3890.448,3863.2845500000003,3727.6746666666663,0.7031180242728752,4.366618546110601,公开指数日线计算（周K最后实际交易日）
20251226,000001.SH,上证综指,week,周K,3963.679,3879.7120999999997,3748.2144,2.1642559508475046,5.748459853310428,公开指数日线计算（周K最后实际交易日）
20251231,000001.SH,上证综指,week,周K,3968.84,3893.3155500000003,3767.6638,1.9398491858693578,5.339547546678669,公开指数日线计算（周K最后实际交易日）
20251231,000001.SH,上证综指,month,月K,3968.84,3411.70225,3290.9508666666666,16.33019851014257,20.598579583777045,公开指数日线计算（月K最后实际交易日）
20260109,000001.SH,上证综指,week,周K,4120.426,3908.0489000000002,3792.4447999999998,5.43435114130737,8.648278809489884,公开指数日线计算（周K最后实际交易日）
20260116,000001.SH,上证综指,week,周K,4101.913,3920.2481999999995,3817.1787333333336,4.63401271378685,7.459285680815442,公开指数日线计算（周K最后实际交易日）
20260123,000001.SH,上证综指,week,周K,4136.164,3936.4307,3840.909966666667,5.073969675117107,7.68708550566648,公开指数日线计算（周K最后实际交易日）
20260130,000001.SH,上证综指,week,周K,4117.948,3948.7982,3862.4309333333335,4.283576709490999,6.615446879878628,公开指数日线计算（周K最后实际交易日）
20260130,000001.SH,上证综指,month,月K,4117.948,3463.2589999999996,3318.514466666667,18.903841728268112,24.090102404656278,公开指数日线计算（月K最后实际交易日）
20260206,000001.SH,上证综指,week,周K,4065.583,3961.0729,3880.9444666666664,2.6384290983384906,4.75756700254768,公开指数日线计算（周K最后实际交易日）
20260213,000001.SH,上证综指,week,周K,4082.073,3973.7712500000002,3899.1974666666665,2.7254148058975414,4.6900813538348185,公开指数日线计算（周K最后实际交易日）
20260227,000001.SH,上证综指,week,周K,4162.882,3987.7765,3918.1717,4.391056018309936,6.245522624748667,公开指数日线计算（周K最后实际交易日）
20260227,000001.SH,上证综指,month,月K,4162.882,3523.0329500000007,3353.2813333333334,18.161880944088217,24.14353542659309,公开指数日线计算（月K最后实际交易日）
20260306,000001.SH,上证综指,week,周K,4124.194,3999.1348000000007,3936.9797666666664,3.1271564039301536,4.755275475846377,公开指数日线计算（周K最后实际交易日）
20260313,000001.SH,上证综指,week,周K,4095.449,4011.9195,3952.3238,2.0820333010171277,3.621292364760187,公开指数日线计算（周K最后实际交易日）
20260320,000001.SH,上证综指,week,周K,3957.053,4012.2565499999996,3960.9998666666665,-1.3758728862938718,-0.09964319110133957,公开指数日线计算（周K最后实际交易日）
20260327,000001.SH,上证综指,week,周K,3913.724,4010.20325,3963.932033333333,-2.4058443920516925,-1.2666219529276934,公开指数日线计算（周K最后实际交易日）
20260331,000001.SH,上证综指,month,月K,3891.861,3570.68855,3379.3275333333336,8.994692354223943,15.166729522696155,公开指数日线计算（月K最后实际交易日）
20260403,000001.SH,上证综指,week,周K,3880.097,4004.3303,3964.6710333333335,-3.102473839383324,-2.133191697930781,公开指数日线计算（周K最后实际交易日）
20260410,000001.SH,上证综指,week,周K,3986.225,4004.1169500000005,3970.4613999999997,-0.44683884670253526,0.3970218675340975,公开指数日线计算（周K最后实际交易日）
20260417,000001.SH,上证综指,week,周K,4051.425,4014.94365,3976.4889666666663,0.908639153627977,1.88447733569721,公开指数日线计算（周K最后实际交易日）
20260424,000001.SH,上证综指,week,周K,4079.9,4024.5088499999997,3985.1493333333337,1.376345588108241,2.3775938802125918,公开指数日线计算（周K最后实际交易日）
20260430,000001.SH,上证综指,week,周K,4112.159,4034.9763999999996,3994.617766666667,1.9128389449811989,2.942490125442343,公开指数日线计算（周K最后实际交易日）
20260430,000001.SH,上证综指,month,月K,4112.159,3634.1858,3415.7738000000004,13.152139882336211,20.387333610908275,公开指数日线计算（月K最后实际交易日）
20260508,000001.SH,上证综指,week,周K,4179.952,4049.5067000000004,4004.5236,3.22126396284268,4.380755803262093,公开指数日线计算（周K最后实际交易日）
20260515,000001.SH,上证综指,week,周K,4135.389,4061.75375,4012.468966666667,1.8128930145014488,3.0634513152496323,公开指数日线计算（周K最后实际交易日）
20260522,000001.SH,上证综指,week,周K,4112.9,4069.2148,4021.5737999999997,1.0735535514124095,2.2709069767661516,公开指数日线计算（周K最后实际交易日）
20260529,000001.SH,上证综指,week,周K,4068.569,4074.2012499999996,4025.5157000000004,-0.13824182101951354,1.0695101748081415,公开指数日线计算（周K最后实际交易日）
20260529,000001.SH,上证综指,month,月K,4068.569,3670.7894,3450.403666666666,10.836350350145384,17.915739520718898,公开指数日线计算（月K最后实际交易日）
20260605,000001.SH,上证综指,week,周K,4027.736,4069.5667499999995,4027.9472333333333,-1.0278919740043468,-0.005244193160858224,公开指数日线计算（周K最后实际交易日）
20260612,000001.SH,上证综指,week,周K,4031.513,4066.0467500000004,4029.079133333333,-0.8493200428647429,0.06040751710560954,公开指数日线计算（周K最后实际交易日）
20260618,000001.SH,上证综指,week,周K,4090.481,4063.7626000000005,4032.4121,0.6574793517711841,1.4400537087962961,公开指数日线计算（周K最后实际交易日）
20260626,000001.SH,上证综指,week,周K,4027.265,4059.22845,4038.8245666666667,-0.7874267337676044,-0.286211160595351,公开指数日线计算（周K最后实际交易日）
20260630,000001.SH,上证综指,month,月K,4094.397,3711.51805,3487.7190666666665,10.315966266148147,17.394690390391922,公开指数日线计算（月K最后实际交易日）
20260703,000001.SH,上证综指,week,周K,4043.643,4058.13145,4043.9928,-0.3570226883606753,-0.008649867032406444,公开指数日线计算（周K最后实际交易日）
20260710,000001.SH,上证综指,week,周K,3996.162,4053.8358999999996,4047.1046,-1.4226994240196023,-1.2587418669633643,公开指数日线计算（周K最后实际交易日）
20260717,000001.SH,上证综指,week,周K,3764.155,4033.8995499999996,4042.9315666666666,-6.686942663210327,-6.895406515537772,公开指数日线计算（周K最后实际交易日）
20260724,000001.SH,上证综指,week,周K,3814.198,4018.3997499999996,4040.3899,-5.081668392996486,-5.598269117542354,公开指数日线计算（周K最后实际交易日）
20260731,000001.SH,上证综指,week,周K,3832.262,4005.2404,4036.0093333333334,-4.318801937581574,-5.048237417356482,公开指数日线计算（周K最后实际交易日）
20260731,000001.SH,上证综指,month,月K,3832.262,3736.8083500000002,3522.509533333333,2.554416525000547,8.793516773638089,公开指数日线计算（月K最后实际交易日）
20260807,000001.SH,上证综指,week,周K,3940.037,4004.3896,4035.0492333333336,-1.6070514217697562,-2.35467345846595,公开指数日线计算（周K最后实际交易日）
20260814,000001.SH,上证综指,week,周K,3927.176,4005.0622000000003,4028.6075666666666,-1.9446938926441781,-2.5177822606978983,公开指数日线计算（周K最后实际交易日）
20260821,000001.SH,上证综指,week,周K,3905.203,4006.3175,4022.0505666666663,-2.523876352785326,-2.905173983516207,公开指数日线计算（周K最后实际交易日）
20260828,000001.SH,上证综指,week,周K,3952.179,4004.6152,4015.917733333333,-1.3093942209478682,-1.5871523663017917,公开指数日线计算（周K最后实际交易日）
20260831,000001.SH,上证综指,month,月K,3986.298,3768.5350999999996,3554.8804333333333,5.778449562536925,12.135923408882011,公开指数日线计算（月K最后实际交易日）
20260904,000001.SH,上证综指,week,周K,3930.116,3998.5497499999997,4009.656666666667,-1.7114642627617638,-1.9837276175765806,公开指数日线计算（周K最后实际交易日）
20260904,000001.SH,上证综指,month,月K,3930.116,3802.51085,3584.5120666666667,3.3558129097777556,9.641589340630109,公开指数日线计算（月K最后实际交易日）
20200103,000300.SH,沪深300,week,周K,4144.965,,,,,公开指数日线计算（周K最后实际交易日）
20200110,000300.SH,沪深300,week,周K,4163.185,,,,,公开指数日线计算（周K最后实际交易日）
20200117,000300.SH,沪深300,week,周K,4154.853,,,,,公开指数日线计算（周K最后实际交易日）
20200123,000300.SH,沪深300,week,周K,4003.901,,,,,公开指数日线计算（周K最后实际交易日）
20200123,000300.SH,沪深300,month,月K,4003.901,,,,,公开指数日线计算（月K最后实际交易日）
20200207,000300.SH,沪深300,week,周K,3899.869,,,,,公开指数日线计算（周K最后实际交易日）
20200214,000300.SH,沪深300,week,周K,3987.734,,,,,公开指数日线计算（周K最后实际交易日）
20200221,000300.SH,沪深300,week,周K,4149.49,,,,,公开指数日线计算（周K最后实际交易日）
20200228,000300.SH,沪深300,week,周K,3940.049,,,,,公开指数日线计算（周K最后实际交易日）
20200228,000300.SH,沪深300,month,月K,3940.049,,,,,公开指数日线计算（月K最后实际交易日）
20200306,000300.SH,沪深300,week,周K,4138.507,,,,,公开指数日线计算（周K最后实际交易日）
20200313,000300.SH,沪深300,week,周K,3895.313,,,,,公开指数日线计算（周K最后实际交易日）
20200320,000300.SH,沪深300,week,周K,3653.224,,,,,公开指数日线计算（周K最后实际交易日）
20200327,000300.SH,沪深300,week,周K,3710.061,,,,,公开指数日线计算（周K最后实际交易日）
20200331,000300.SH,沪深300,month,月K,3686.155,,,,,公开指数日线计算（月K最后实际交易日）
20200403,000300.SH,沪深300,week,周K,3713.218,,,,,公开指数日线计算（周K最后实际交易日）
20200410,000300.SH,沪深300,week,周K,3769.178,,,,,公开指数日线计算（周K最后实际交易日）
20200417,000300.SH,沪深300,week,周K,3839.487,,,,,公开指数日线计算（周K最后实际交易日）
20200424,000300.SH,沪深300,week,周K,3796.972,,,,,公开指数日线计算（周K最后实际交易日）
20200430,000300.SH,沪深300,week,周K,3912.577,,,,,公开指数日线计算（周K最后实际交易日）
20200430,000300.SH,沪深300,month,月K,3912.577,,,,,公开指数日线计算（月K最后实际交易日）
20200508,000300.SH,沪深300,week,周K,3963.622,,,,,公开指数日线计算（周K最后实际交易日）
20200515,000300.SH,沪深300,week,周K,3912.816,,,,,公开指数日线计算（周K最后实际交易日）
20200522,000300.SH,沪深300,week,周K,3824.064,3928.6542500000005,,-2.6622411478434582,,公开指数日线计算（周K最后实际交易日）
20200529,000300.SH,沪深300,week,周K,3867.023,3914.7571500000004,,-1.2193387270523326,,公开指数日线计算（周K最后实际交易日）
20200529,000300.SH,沪深300,month,月K,3867.023,,,,,公开指数日线计算（月K最后实际交易日）
20200605,000300.SH,沪深300,week,周K,4001.251,3906.6604500000003,,2.4212636652361175,,公开指数日线计算（周K最后实际交易日）
20200612,000300.SH,沪深300,week,周K,4003.083,3899.07195,,2.667584782578847,,公开指数日线计算（周K最后实际交易日）
20200619,000300.SH,沪深300,week,周K,4098.71,3903.8124000000003,,4.992494004066383,,公开指数日线计算（周K最后实际交易日）
20200624,000300.SH,沪深300,week,周K,4138.99,3915.7684500000005,,5.7005809421647236,,公开指数日线计算（周K最后实际交易日）
20200630,000300.SH,沪深300,month,月K,4163.964,,,,,公开指数日线计算（月K最后实际交易日）
20200703,000300.SH,沪深300,week,周K,4419.596,3937.36155,,12.247654777854965,,公开指数日线计算（周K最后实际交易日）
20200710,000300.SH,沪深300,week,周K,4753.133,3967.5436999999997,,19.800394385070042,,公开指数日线计算（周K最后实际交易日）
20200717,000300.SH,沪深300,week,周K,4544.701,3997.7763,,13.680722955909275,,公开指数日线计算（周K最后实际交易日）
20200724,000300.SH,沪深300,week,周K,4505.591,4016.1305,,12.187365425500985,,公开指数日线计算（周K最后实际交易日）
20200731,000300.SH,沪深300,week,周K,4695.046,4056.1171500000005,4053.3403000000003,15.752228704735515,15.831527888245645,公开指数日线计算（周K最后实际交易日）
20200731,000300.SH,沪深300,month,月K,4695.046,,,,,公开指数日线计算（月K最后实际交易日）
20200807,000300.SH,沪深300,week,周K,4707.926,4108.85225,4072.105666666667,14.580075250941448,15.614043086799413,公开指数日线计算（周K最后实际交易日）
20200814,000300.SH,沪深300,week,周K,4704.629,4158.58065,4090.1538,13.130642302199913,15.023278586736755,公开指数日线计算（周K最后实际交易日）
20200821,000300.SH,沪深300,week,周K,4718.843,4208.8619,4108.953466666667,12.116840897060555,14.842940867570785,公开指数日线计算（周K最后实际交易日）
20200828,000300.SH,沪深300,week,周K,4844.265,4262.61625,4136.9656,13.64534632926433,17.097057804879977,公开指数日线计算（周K最后实际交易日）
20200831,000300.SH,沪深300,month,月K,4816.215,,,,,公开指数日线计算（月K最后实际交易日）
20200904,000300.SH,沪深300,week,周K,4770.219,4309.15285,4165.977266666667,10.699693560417556,14.50420140714801,公开指数日线计算（周K最后实际交易日）
20200911,000300.SH,沪深300,week,周K,4627.283,4350.6684000000005,4187.295566666667,6.357979385420398,10.507675570740505,公开指数日线计算（周K最后实际交易日）
20200918,000300.SH,沪深300,week,周K,4737.089,4391.894,4206.8822,7.859820842670606,12.603319389356793,公开指数日线计算（周K最后实际交易日）
20200925,000300.SH,沪深300,week,周K,4570.022,4422.214,4227.8813,3.34239817430817,8.092485945620087,公开指数日线计算（周K最后实际交易日）
20200930,000300.SH,沪深300,week,周K,4587.395,4455.942950000001,4242.844233333333,2.9500388913192843,8.12074984888087,公开指数日线计算（周K最后实际交易日）
20200930,000300.SH,沪深300,month,月K,4587.395,,,,,公开指数日线计算（月K最后实际交易日）
20201009,000300.SH,沪深300,week,周K,4681.141,4498.796799999999,4269.0385,4.053177062809343,9.653286097091884,公开指数日线计算（周K最后实际交易日）
20201016,000300.SH,沪深300,week,周K,4791.676,4545.02945,4306.9869,5.426731613367219,11.253554079767468,公开指数日线计算（周K最后实际交易日）
20201023,000300.SH,沪深300,week,周K,4718.488,4580.8913,4340.601133333334,3.003710216830502,8.705864811320986,公开指数日线计算（周K最后实际交易日）
20201030,000300.SH,沪深300,week,周K,4695.334,4615.50385,4373.338333333333,1.729608567004015,7.362697374964888,公开指数日线计算（周K最后实际交易日）
20201030,000300.SH,沪深300,month,月K,4695.334,,,,,公开指数日线计算（月K最后实际交易日）
20201106,000300.SH,沪深300,week,周K,4885.718,4654.854249999999,4410.556333333333,4.959634343008701,10.773281889079911,公开指数日线计算（周K最后实际交易日）
20201113,000300.SH,沪深300,week,周K,4856.851,4690.747300000001,4444.468466666667,3.5410924822149026,9.2785568494002,公开指数日线计算（周K最后实际交易日）
20201120,000300.SH,沪深300,week,周K,4943.288,4716.9319000000005,4482.679,4.798799406029142,10.27530635140279,公开指数日线计算（周K最后实际交易日）
20201127,000300.SH,沪深300,week,周K,4980.765,4728.3135,4518.285266666667,5.339144707727184,10.235735595210095,公开指数日线计算（周K最后实际交易日）
20201130,000300.SH,沪深300,month,月K,4960.252,,,,,公开指数日线计算（月K最后实际交易日）
20201204,000300.SH,沪深300,week,周K,5065.916,4754.37425,4555.0284,6.552739301076271,11.215903725210573,公开指数日线计算（周K最后实际交易日）
20201211,000300.SH,沪深300,week,周K,4889.629,4773.57615,4587.588833333333,2.4311511192714574,6.583854343528972,公开指数日线计算（周K最后实际交易日）
20201218,000300.SH,沪深300,week,周K,4999.968,4788.822249999999,4626.785633333333,4.40913734060604,8.065693901573967,公开指数日线计算（周K最后实际交易日）
20201225,000300.SH,沪深300,week,周K,5042.014,4805.526650000001,4665.952,4.921153647124177,8.059705714932331,公开指数日线计算（周K最后实际交易日）
20201231,000300.SH,沪深300,week,周K,5211.289,4830.85965,4706.2866,7.8749824578323135,10.730379233597876,公开指数日线计算（周K最后实际交易日）
20201231,000300.SH,沪深300,month,月K,5211.289,,,,,公开指数日线计算（月K最后实际交易日）
20210108,000300.SH,沪深300,week,周K,5495.431,4869.68905,4756.031533333333,12.84973113427026,15.546563589506901,公开指数日线计算（周K最后实际交易日）
20210115,000300.SH,沪深300,week,周K,5458.081,4900.379849999999,4801.343900000001,11.38077388021259,13.678193307502905,公开指数日线计算（周K最后实际交易日）
20210122,000300.SH,沪深300,week,周K,5569.776,4940.3577,4849.036766666667,12.74033861961048,14.863554722617312,公开指数日线计算（周K最后实际交易日）
20210129,000300.SH,沪深300,week,周K,5351.965,4976.5918,4880.115733333334,7.542776564475306,9.668813045635961,公开指数日线计算（周K最后实际交易日）
20210129,000300.SH,沪深300,month,月K,5351.965,,,,,公开指数日线计算（月K最后实际交易日）
20210205,000300.SH,沪深300,week,周K,5483.414,5013.90805,4904.458433333333,9.364071804228624,11.80467883531795,公开指数日线计算（周K最后实际交易日）
20210210,000300.SH,沪深300,week,周K,5807.719,5075.7928999999995,4946.559033333334,14.419936242867614,17.4092730090468,公开指数日线计算（周K最后实际交易日）
20210219,000300.SH,沪深300,week,周K,5778.842,5135.36525,4989.000733333334,12.530301520422515,15.831652647181382,公开指数日线计算（周K最后实际交易日）
20210226,000300.SH,沪深300,week,周K,5336.761,5168.14625,5010.391233333334,3.262576982994636,6.513857929803568,公开指数日线计算（周K最后实际交易日）
20210226,000300.SH,沪深300,month,月K,5336.761,,,,,公开指数日线计算（月K最后实际交易日）
20210305,000300.SH,沪深300,week,周K,5262.796,5191.70225,5028.8869,1.3693726368841697,4.651309616845833,公开指数日线计算（周K最后实际交易日）
20210312,000300.SH,沪深300,week,周K,5146.379,5213.0968,5043.6119,-1.2798112630481029,2.037569544159412,公开指数日线计算（周K最后实际交易日）
20210319,000300.SH,沪深300,week,周K,5007.091,5228.68465,5053.220166666667,-4.238038145979983,-0.9128667492256826,公开指数日线计算（周K最后实际交易日）
20210326,000300.SH,沪深300,week,周K,5037.99,5236.298250000001,5059.677666666667,-3.787184009237843,-0.428637318332481,公开指数日线计算（周K最后实际交易日）
20210331,000300.SH,沪深300,month,月K,5048.361,,,,,公开指数日线计算（月K最后实际交易日）
20210402,000300.SH,沪深300,week,周K,5161.557,5251.53355,5072.722266666667,-1.7133385732630457,1.7512240699057102,公开指数日线计算（周K最后实际交易日）
20210409,000300.SH,沪深300,week,周K,5035.337,5256.136,5086.324066666667,-4.200785520009376,-1.0024344890018244,公开指数日线计算（周K最后实际交易日）
20210416,000300.SH,沪深300,week,周K,4966.181,5255.4068,5093.960466666666,-5.503395093982066,-2.5084503011520543,公开指数日线计算（周K最后实际交易日）
20210423,000300.SH,沪深300,week,周K,5135.453,5258.88365,5112.808166666667,-2.347088435774758,0.4429040283765895,公开指数日线计算（周K最后实际交易日）
20210430,000300.SH,沪深300,week,周K,5123.489,5270.57665,5130.677966666667,-2.7907316365468393,-0.14011728495479936,公开指数日线计算（周K最后实际交易日）
20210430,000300.SH,沪深300,month,月K,5123.489,,,,,公开指数日线计算（月K最后实际交易日）
20210507,000300.SH,沪深300,week,周K,4996.053,5270.3809,5141.175033333334,-5.205086789837143,-2.8227405679133732,公开指数日线计算（周K最后实际交易日）
20210514,000300.SH,沪深300,week,周K,5110.59,5273.8097,5151.8055,-3.0949106866711484,-0.8000204976682523,公开指数日线计算（周K最后实际交易日）
20210521,000300.SH,沪深300,week,周K,5134.148,5269.95265,5165.660833333332,-2.5769614837051757,-0.6100445683538513,公开指数日线计算（周K最后实际交易日）
20210528,000300.SH,沪深300,week,周K,5321.089,5261.235549999999,5186.519333333333,1.1376310646270316,2.594604551106161,公开指数日线计算（周K最后实际交易日）
20210531,000300.SH,沪深300,month,月K,5331.57,,,,,公开指数日线计算（月K最后实际交易日）
20210604,000300.SH,沪深300,week,周K,5282.277,5252.44535,5199.737966666667,0.5679573610413602,1.5873690917207028,公开指数日线计算（周K最后实际交易日）
20210611,000300.SH,沪深300,week,周K,5224.703,5235.1917,5211.9997,-0.2003498744850174,0.24373178686101227,公开指数日线计算（周K最后实际交易日）
20210618,000300.SH,沪深300,week,周K,5102.466,5222.71675,5217.305633333333,-2.3024559009446444,-2.2011291153737123,公开指数日线计算（周K最后实际交易日）
20210625,000300.SH,沪深300,week,周K,5239.968,5210.54445,5225.945733333333,0.5646924286386135,0.26832017365252536,公开指数日线计算（周K最后实际交易日）
20210630,000300.SH,沪深300,month,月K,5224.041,,,,,公开指数日线计算（月K最后实际交易日）
20210702,000300.SH,沪深300,week,周K,5081.117,5174.21435,5226.452433333334,-1.7992557652738106,-2.7807664029698476,公开指数日线计算（周K最后实际交易日）
20210709,000300.SH,沪深300,week,周K,5069.436,5138.74405,5232.446,-1.348735203108642,-3.115368988041156,公开指数日线计算（周K最后实际交易日）
20210716,000300.SH,沪深300,week,周K,5094.773,5126.64465,5235.6061666666665,-0.6216863499599157,-2.689911391030586,公开指数日线计算（周K最后实际交易日）
20210723,000300.SH,沪深300,week,周K,5089.228,5117.9662499999995,5237.179966666667,-0.5615169892923655,-2.8250311734243194,公开指数日线计算（周K最后实际交易日）
20210730,000300.SH,沪深300,week,周K,4811.17,5101.205800000001,5223.842666666666,-5.685632208761316,-7.899791264770095,公开指数日线计算（周K最后实际交易日）
20210730,000300.SH,沪深300,month,月K,4811.17,,,,,公开指数日线计算（月K最后实际交易日）
20210806,000300.SH,沪深300,week,周K,4921.565,5096.9295,5204.7138,-3.4405910460405753,-5.440237655334689,公开指数日线计算（周K最后实际交易日）
20210813,000300.SH,沪深300,week,周K,4945.983,5092.32915,5187.643866666666,-2.8738548842625278,-4.6583935381428905,公开指数日线计算（周K最后实际交易日）
20210820,000300.SH,沪深300,week,周K,4769.268,5072.7146999999995,5160.960266666666,-5.9819390197520805,-7.589523004013554,公开指数日线计算（周K最后实际交易日）
20210827,000300.SH,沪深300,week,周K,4827.043,5062.3,5143.462866666667,-4.647235446338627,-6.1518839519051465,公开指数日线计算（周K最后实际交易日）
20210831,000300.SH,沪深300,month,月K,4805.61,4678.60835,,2.714517662073579,,公开指数日线计算（月K最后实际交易日）
20210903,000300.SH,沪深300,week,周K,4843.062,5056.14405,5122.117800000001,-4.214319210308104,-5.448055099396598,公开指数日线计算（周K最后实际交易日）
20210910,000300.SH,沪深300,week,周K,5013.522,5050.047500000001,5095.644566666667,-0.7232704246841415,-1.6116227415835516,公开指数日线计算（周K最后实际交易日）
20210917,000300.SH,沪深300,week,周K,4855.94,5036.67005,5064.881166666667,-3.588284485699045,-4.125292574320694,公开指数日线计算（周K最后实际交易日）
20210924,000300.SH,沪深300,week,周K,4849.428,5029.3387999999995,5048.636733333333,-3.5772256981374873,-3.9457925744205147,公开指数日线计算（周K最后实际交易日）
20210930,000300.SH,沪深300,week,周K,4866.383,5017.12845,5035.422966666666,-3.0046161166154772,-3.3570162384703672,公开指数日线计算（周K最后实际交易日）
20210930,000300.SH,沪深300,month,月K,4866.383,4721.73245,,3.0635058536618187,,公开指数日线计算（月K最后实际交易日）
20211008,000300.SH,沪深300,week,周K,4929.941,5006.918100000001,5028.208366666667,-1.5374148021314982,-1.9543216887770054,公开指数日线计算（周K最后实际交易日）
20211015,000300.SH,沪深300,week,周K,4932.108,4987.46905,5025.708933333332,-1.1100028781130922,-1.8624423852427685,公开指数日线计算（周K最后实际交易日）
20211022,000300.SH,沪深300,week,周K,4959.725,4971.34145,5023.1001,-0.233668319040925,-1.2616730452972513,公开指数日线计算（周K最后实际交易日）
20211029,000300.SH,沪深300,week,周K,4908.77,4955.544800000001,5014.673866666666,-0.943888147272931,-2.111879445852416,公开指数日线计算（周K最后实际交易日）
20211029,000300.SH,沪深300,month,月K,4908.77,4770.168500000001,,2.9055891841137216,,公开指数日线计算（月K最后实际交易日）
20211105,000300.SH,沪深300,week,周K,4842.346,4942.5388,5008.240833333333,-2.027152523314546,-3.3124372180584394,公开指数日线计算（周K最后实际交易日）
20211112,000300.SH,沪深300,week,周K,4888.375,4924.95915,5005.6473000000005,-0.7428315420646592,-2.34279990122358,公开指数日线计算（周K最后实际交易日）
20211119,000300.SH,沪深300,week,周K,4890.058,4915.406199999999,4997.467466666667,-0.5156888153007522,-2.149277956947049,公开指数日线计算（周K最后实际交易日）
20211126,000300.SH,沪深300,week,周K,4860.127,4904.94075,4988.688733333333,-0.913645083276482,-2.5770646397381247,公开指数日线计算（周K最后实际交易日）
20211130,000300.SH,沪深300,month,月K,4832.026,4827.46205,,0.09454139572158127,,公开指数日线计算（月K最后实际交易日）
20211203,000300.SH,沪深300,week,周K,4901.018,4895.253,4985.5208999999995,0.11776715115643377,-1.6949663173611351,公开指数日线计算（周K最后实际交易日）
20211210,000300.SH,沪深300,week,周K,5055.117,4893.54745,4983.671799999999,3.301685569637214,1.4335855743951909,公开指数日线计算（周K最后实际交易日）
20211217,000300.SH,沪深300,week,周K,4954.76,4900.72695,4977.6922,1.1025517346972435,-0.46069943818543013,公开指数日线计算（周K最后实际交易日）
20211224,000300.SH,沪深300,week,周K,4921.345,4900.71595,4964.3674,0.42093951599051493,-0.8666240133637149,公开指数日线计算（周K最后实际交易日）
20211231,000300.SH,沪深300,week,周K,4940.373,4900.43545,4952.9706,0.8149796157400635,-0.25434433226799724,公开指数日线计算（周K最后实际交易日）
20211231,000300.SH,沪深300,month,月K,4940.373,4878.85185,,1.2609759814699029,,公开指数日线计算（月K最后实际交易日）
20220107,000300.SH,沪深300,week,周K,4822.369,4903.0905,4939.559466666667,-1.646339181379597,-2.3724882240510836,公开指数日线计算（周K最后实际交易日）
20220114,000300.SH,沪深300,week,周K,4726.732,4898.07495,4927.035,-3.4981692144176013,-4.065386180532505,公开指数日线计算（周K最后实际交易日）
20220121,000300.SH,沪深300,week,周K,4779.314,4894.88755,4911.679866666667,-2.3611073557757267,-2.6949204805666094,公开指数日线计算（周K最后实际交易日）
20220128,000300.SH,沪深300,week,周K,4563.772,4872.400049999999,4894.435033333333,-6.334209975225646,-6.755897893860419,公开指数日线计算（周K最后实际交易日）
20220128,000300.SH,沪深300,month,月K,4563.772,4913.6893,,-7.1212744362977975,,公开指数日线计算（月K最后实际交易日）
20220211,000300.SH,沪深300,week,周K,4601.395,4859.6728,4878.833666666667,-5.314715838481964,-5.686577686839234,公开指数日线计算（周K最后实际交易日）
20220218,000300.SH,沪深300,week,周K,4651.236,4849.7632,4864.0491,-4.093544196137255,-4.375225159630903,公开指数日线计算（周K最后实际交易日）
20220225,000300.SH,沪深300,week,周K,4573.425,4835.1153,4846.855666666667,-5.412286652192144,-5.6414031172237085,公开指数日线计算（周K最后实际交易日）
20220228,000300.SH,沪深300,month,月K,4581.646,4934.5734,,-7.1521359880876485,,公开指数日线计算（月K最后实际交易日）
20220304,000300.SH,沪深300,week,周K,4496.43,4813.43975,4836.364333333333,-6.585929531994228,-7.028716405636093,公开指数日线计算（周K最后实际交易日）
20220311,000300.SH,沪深300,week,周K,4306.522,4782.16045,4815.862899999999,-9.946099780069073,-10.57631644787893,公开指数日线计算（周K最后实际交易日）
20220318,000300.SH,沪深300,week,周K,4265.902,4747.4693,4793.193533333334,-10.143663277611925,-11.000839621150016,公开指数日线计算（周K最后实际交易日）
20220325,000300.SH,沪深300,week,周K,4174.574,4710.7595,4773.3704,-11.38214549055201,-12.544519905683416,公开指数日线计算（周K最后实际交易日）
20220331,000300.SH,沪深300,month,月K,4222.597,4910.95095,,-14.016714013403053,,公开指数日线计算（月K最后实际交易日）
20220401,000300.SH,沪深300,week,周K,4276.158,4682.4501,4755.007566666666,-8.676912542004445,-10.070427017266493,公开指数日线计算（周K最后实际交易日）
20220408,000300.SH,沪深300,week,周K,4230.767,4649.5697,4734.597733333333,-9.007343195650986,-10.641468646558438,公开指数日线计算（周K最后实际交易日）
20220415,000300.SH,沪深300,week,周K,4188.747,4614.50415,4707.105233333334,-9.226498366027025,-11.012250791900357,公开指数日线计算（周K最后实际交易日）
20220422,000300.SH,沪深300,week,周K,4013.25,4572.1603000000005,4679.015566666667,-12.224206137304517,-14.228752975510162,公开指数日线计算（周K最后实际交易日）
20220429,000300.SH,沪深300,week,周K,4016.241,4527.92145,4651.242666666667,-11.300559332803795,-13.652301377811016,公开指数日线计算（周K最后实际交易日）
20220429,000300.SH,沪深300,month,月K,4016.241,4870.95225,,-17.547107960255627,,公开指数日线计算（月K最后实际交易日）
20220506,000300.SH,沪深300,week,周K,3908.815,4470.60635,4619.323733333334,-12.566334542069447,-15.381228386446644,公开指数日线计算（周K最后实际交易日）
20220513,000300.SH,沪深300,week,周K,3988.6,4422.29835,4587.9457,-9.80708029344063,-13.06348721607582,公开指数日线计算（周K最后实际交易日）
20220520,000300.SH,沪深300,week,周K,4077.6,4380.1111,4559.462100000001,-6.906470934036357,-10.568397969576292,公开指数日线计算（周K最后实际交易日）
20220527,000300.SH,沪深300,week,周K,4001.299,4333.1574,4527.514566666667,-7.658581707648104,-11.622614547523968,公开指数日线计算（周K最后实际交易日）
20220531,000300.SH,沪深300,month,月K,4091.518,4846.1584,,-15.571930129233913,,公开指数日线计算（月K最后实际交易日）
20220602,000300.SH,沪深300,week,周K,4089.568,4296.51735,4500.207833333333,-4.816676697465216,-9.124908194054882,公开指数日线计算（周K最后实际交易日）
20220610,000300.SH,沪深300,week,周K,4238.994,4272.13045,4480.0961,-0.7756422793690709,-5.381627862848748,公开指数日线计算（周K最后实际交易日）
20220617,000300.SH,沪深300,week,周K,4309.044,4248.6169500000005,4460.785066666666,1.4222757831816146,-3.401667293960331,公开指数日线计算（周K最后实际交易日）
20220624,000300.SH,沪深300,week,周K,4394.772,4240.166950000001,4444.275533333333,3.646201949666139,-1.1138718326990094,公开指数日线计算（周K最后实际交易日）
20220630,000300.SH,沪深300,month,月K,4485.011,4835.64225,4636.016799999999,-7.250975814019311,-3.257231509601066,公开指数日线计算（月K最后实际交易日）
20220701,000300.SH,沪深300,week,周K,4466.718,4233.4331,4431.161900000001,5.510537062697396,0.8024103113903225,公开指数日线计算（周K最后实际交易日）
20220708,000300.SH,沪深300,week,周K,4428.781,4222.31035,4415.420666666667,4.889992276384891,0.3025834760025159,公开指数日线计算（周K最后实际交易日）
20220715,000300.SH,沪深300,week,周K,4248.527,4206.06545,4388.534333333333,1.009531366184513,-3.1902982339661823,公开指数日线计算（周K最后实际交易日）
20220722,000300.SH,沪深300,week,周K,4238.234,4193.15565,4364.6501333333335,1.0750459501783771,-2.896363499284371,公开指数日线计算（周K最后实际交易日）
20220729,000300.SH,沪深300,week,周K,4170.102,4186.33465,4339.6087,-0.3877532819790197,-3.9060365050885837,公开指数日线计算（周K最后实际交易日）
20220729,000300.SH,沪深300,month,月K,4170.102,4796.134749999999,4641.556833333333,-13.052859909742931,-10.157256503843303,公开指数日线计算（月K最后实际交易日）
20220805,000300.SH,沪深300,week,周K,4156.911,4180.8851,4313.4933,-0.5734216422259575,-3.6300578002520623,公开指数日线计算（周K最后实际交易日）
20220812,000300.SH,沪深300,week,周K,4191.152,4181.714,4292.4527333333335,0.2256969271451803,-2.35997318145581,公开指数日线计算（周K最后实际交易日）
20220819,000300.SH,沪深300,week,周K,4151.074,4175.4598,4273.264133333333,-0.5840266980896347,-2.859409798242918,公开指数日线计算（周K最后实际交易日）
20220826,000300.SH,沪深300,week,周K,4107.546,4169.29875,4250.871866666666,-1.4811303699452938,-3.3716816493708057,公开指数日线计算（周K最后实际交易日）
20220831,000300.SH,沪深300,month,月K,4078.84,4739.5123,4646.1831999999995,-13.939668433817554,-12.210951991733765,公开指数日线计算（月K最后实际交易日）
20220902,000300.SH,沪深300,week,周K,4023.613,4161.04205,4232.866566666667,-3.302755616228392,-4.943542712036198,公开指数日线计算（周K最后实际交易日）
20220909,000300.SH,沪深300,week,周K,4093.787,4165.0689,4215.9463,-1.7114218686754556,-2.8975535101099292,公开指数日线计算（周K最后实际交易日）
20220916,000300.SH,沪深300,week,周K,3932.683,4160.891,4191.9945333333335,-5.484594525547526,-6.185874797101365,公开指数日线计算（周K最后实际交易日）
20220923,000300.SH,沪深300,week,周K,3856.021,4158.2513,4168.081066666667,-7.268206709873448,-7.486900126830543,公开指数日线计算（周K最后实际交易日）
20220930,000300.SH,沪深300,week,周K,3804.885,4149.06555,4145.029566666667,-8.295375087530255,-8.206083001241481,公开指数日线计算（周K最后实际交易日）
20220930,000300.SH,沪深300,month,月K,3804.885,4662.1583,4650.140866666667,-18.387906305111944,-18.176994867524655,公开指数日线计算（月K最后实际交易日）
20221014,000300.SH,沪深300,week,周K,3842.47,4137.30905,4129.561166666667,-7.126348223853373,-6.952098663267991,公开指数日线计算（周K最后实际交易日）
20221021,000300.SH,沪深300,week,周K,3742.893,4124.38875,4112.127533333333,-9.24975246331956,-8.97916055229999,公开指数日线计算（周K最后实际交易日）
20221028,000300.SH,沪深300,week,周K,3541.33,4096.97685,4091.0194,-13.562362452694842,-13.436489692520158,公开指数日线计算（周K最后实际交易日）
20221031,000300.SH,沪深300,month,月K,3508.703,4570.7554,4636.678400000001,-23.23581786940513,-24.327229596083278,公开指数日线计算（月K最后实际交易日）
20221104,000300.SH,沪深300,week,周K,3767.175,4073.3859,4074.0533,-7.517355524798175,-7.532505772568065,公开指数日线计算（周K最后实际交易日）
20221111,000300.SH,沪深300,week,周K,3788.439,4047.35565,4059.3090333333334,-6.397180588762941,-6.67281133584714,公开指数日线计算（周K最后实际交易日）
20221118,000300.SH,沪深300,week,周K,3801.569,4017.6955000000003,4046.4031000000004,-5.379364862269931,-6.050660152964015,公开指数日线计算（周K最后实际交易日）
20221125,000300.SH,沪深300,week,周K,3775.776,3983.1484000000005,4038.4873000000002,-5.206243382747189,-6.505190693554996,公开指数日线计算（周K最后实际交易日）
20221130,000300.SH,沪深300,month,月K,3853.037,4510.9892,4636.2122,-14.5855414595096,-16.8925658752203,公开指数日线计算（月K最后实际交易日）
20221202,000300.SH,沪深300,week,周K,3870.948,3955.2567499999996,4033.6441999999997,-2.1315620028965143,-4.033479204735013,公开指数日线计算（周K最后实际交易日）
20221209,000300.SH,沪深300,week,周K,3998.244,3942.7426,4036.6251666666667,1.4076850971706856,-0.9508231525584221,公开指数日线计算（周K最后实际交易日）
20221216,000300.SH,沪深300,week,周K,3954.227,3928.54225,4035.4793999999997,0.6537984923033369,-2.0134509917210774,公开指数日线计算（周K最后实际交易日）
20221223,000300.SH,沪深300,week,周K,3828.219,3911.4481,4027.1666999999998,-2.1278334231253138,-4.940140670114291,公开指数日线计算（周K最后实际交易日）
20221230,000300.SH,沪深300,week,周K,3871.634,3897.18425,4022.8445333333334,-0.6556079559235539,-3.758796346227189,公开指数日线计算（周K最后实际交易日）
20221230,000300.SH,沪深300,month,月K,3871.634,4448.39645,4626.467866666667,-12.965626074087888,-16.31555407755417,公开指数日线计算（月K最后实际交易日）
20230106,000300.SH,沪深300,week,周K,3980.889,3886.6710999999996,4019.2218999999996,2.4241284527522833,-0.9537393294955732,公开指数日线计算（周K最后实际交易日）
20230113,000300.SH,沪深300,week,周K,4074.377,3882.8362500000003,4013.7346666666667,4.933011274941079,1.5108705076336104,公开指数日线计算（周K最后实际交易日）
20230120,000300.SH,沪深300,week,周K,4181.527,3886.5353000000005,4009.4840999999997,7.5900944473603404,4.290898671976295,公开指数日线计算（周K最后实际交易日）
20230131,000300.SH,沪深300,month,月K,4156.858,4389.660849999999,4608.528266666666,-5.3034359135056945,-9.800748536872007,公开指数日线计算（月K最后实际交易日）
20230203,000300.SH,沪深300,week,周K,4141.632,3892.43625,4001.0461,6.402050900640943,3.5137285721351663,公开指数日线计算（周K最后实际交易日）
20230210,000300.SH,沪深300,week,周K,4106.31,3893.0624000000003,3989.0325000000003,5.477631183101517,2.9399986086851904,公开指数日线计算（周K最后实际交易日）
20230217,000300.SH,沪深300,week,周K,4034.507,3898.1536,3975.8900333333336,3.4978970556727162,1.4743105612889051,公开指数日线计算（周K最后实际交易日）
20230224,000300.SH,沪深300,week,周K,4061.046,3908.4048500000004,3969.6406666666667,3.9054590263339684,2.302609757625418,公开指数日线计算（周K最后实际交易日）
20230228,000300.SH,沪深300,month,月K,4069.459,4331.93175,4583.6364,-6.059023205986569,-11.217674246587283,公开指数日线计算（月K最后实际交易日）
20230303,000300.SH,沪深300,week,周K,4130.551,3924.6881499999995,3966.051233333333,5.245330128968351,4.147696461510675,公开指数日线计算（周K最后实际交易日）
20230310,000300.SH,沪深300,week,周K,3967.135,3930.9214,3959.285666666667,0.9212496591765928,0.1982512502044731,公开指数日线计算（周K最后实际交易日）
20230317,000300.SH,沪深300,week,周K,3958.819,3941.7177,3952.6826,0.43385400227926585,0.15524646476801074,公开指数日线计算（周K最后实际交易日）
20230324,000300.SH,沪深300,week,周K,4027.046,3966.0035,3947.2123999999994,1.5391438761967802,2.022531141217554,公开指数日线计算（周K最后实际交易日）
20230331,000300.SH,沪深300,week,周K,4050.926,3980.19105,3943.8741333333332,1.7771747413984018,2.7143834475312545,公开指数日线计算（周K最后实际交易日）
20230331,000300.SH,沪深300,month,月K,4050.926,4293.9195500000005,4565.7541,-5.659014966873343,-11.275861308430956,公开指数日线计算（月K最后实际交易日）
20230407,000300.SH,沪深300,week,周K,4123.28,3996.9330999999997,3944.3986,3.1610961914774194,4.535074117509308,公开指数日线计算（周K最后实际交易日）
20230414,000300.SH,沪深300,week,周K,4091.999,4011.4545999999996,3946.6781333333333,2.0078601911635907,3.6821058560437825,公开指数日线计算（周K最后实际交易日）
20230421,000300.SH,沪深300,week,周K,4032.567,4024.29415,3944.637466666667,0.2055726965187077,2.229090355612229,公开指数日线计算（周K最后实际交易日）
20230428,000300.SH,沪深300,week,周K,4029.086,4032.2010500000006,3947.8509,-0.07725433234537782,2.057704357578438,公开指数日线计算（周K最后实际交易日）
20230428,000300.SH,沪深300,month,月K,4029.086,4255.09335,4543.545833333334,-5.311454565385743,-11.322870995578905,公开指数日线计算（月K最后实际交易日）
20230505,000300.SH,沪深300,week,周K,4016.877,4033.1326999999997,3953.2127666666665,-0.4030539337324446,1.6104428749736943,公开指数日线计算（周K最后实际交易日）
20230512,000300.SH,沪深300,week,周K,3937.762,4032.3094499999997,3957.642,-2.3447468794836612,-0.5023193103368073,公开指数日线计算（周K最后实际交易日）
20230519,000300.SH,沪深300,week,周K,3944.54,4038.1255000000006,3961.0443333333333,-2.3175480801674087,-0.4166662108385011,公开指数日线计算（周K最后实际交易日）
20230526,000300.SH,沪深300,week,周K,3850.951,4037.09135,3964.646266666667,-4.610753977613113,-2.8677278884266744,公开指数日线计算（周K最后实际交易日）
20230531,000300.SH,沪深300,month,月K,3798.543,4201.70135,4504.8222,-9.595121509528514,-15.678292475116983,公开指数日线计算（月K最后实际交易日）
20230602,000300.SH,沪深300,week,周K,3861.834,4031.1385999999998,3975.329733333333,-4.199920092055375,-2.855001746941044,公开指数日线计算（周K最后实际交易日）
20230609,000300.SH,沪深300,week,周K,3836.703,4019.2549,3977.6473333333333,-4.541933879336691,-3.543409496166161,公开指数日线计算（周K最后实际交易日）
20230616,000300.SH,沪深300,week,周K,3963.351,4008.3460999999998,3983.477733333333,-1.1225353020289264,-0.5052553241333468,公开指数日线计算（周K最后实际交易日）
20230621,000300.SH,沪深300,week,周K,3864.032,3994.4661,3985.5598333333332,-3.2653700578407663,-3.04920358532651,公开指数日线计算（周K最后实际交易日）
20230630,000300.SH,沪深300,week,周K,3842.452,3981.2731999999996,3987.7823666666663,-3.4868544062738427,-3.644390623757776,公开指数日线计算（周K最后实际交易日）
20230630,000300.SH,沪深300,month,月K,3842.452,4148.38545,4459.1943,-7.374759498300709,-13.83080122792586,公开指数日线计算（月K最后实际交易日）
20230707,000300.SH,沪深300,week,周K,3825.699,3970.8328,3986.274066666667,-3.6549965035042487,-4.028199365653251,公开指数日线计算（周K最后实际交易日）
20230714,000300.SH,沪深300,week,周K,3899.103,3962.73565,3982.9693666666667,-1.6057757978380383,-2.105624195067668,公开指数日线计算（周K最后实际交易日）
20230721,000300.SH,沪深300,week,周K,3821.91,3947.3036,3978.5588,-3.176690032152585,-3.9373252445081386,公开指数日线计算（周K最后实际交易日）
20230728,000300.SH,沪深300,week,周K,3992.738,3948.5837500000002,3984.042766666667,1.118230048938429,0.2182515058845036,公开指数日线计算（周K最后实际交易日）
20230731,000300.SH,沪深300,month,月K,4014.63,4107.515649999999,4414.616466666667,-2.2613583955547245,-9.060503209890026,公开指数日线计算（月K最后实际交易日）
20230804,000300.SH,沪深300,week,周K,4020.579,3951.67175,3989.0076,1.7437493384919955,0.7914600112569392,公开指数日线计算（周K最后实际交易日）
20230811,000300.SH,沪深300,week,周K,3884.254,3944.5321500000005,3985.7864333333337,-1.5281444720890547,-2.547362610405135,公开指数日线计算（周K最后实际交易日）
20230818,000300.SH,沪深300,week,周K,3784.004,3931.1860500000003,3976.1073333333334,-3.743960426396009,-4.831442343692604,公开指数日线计算（周K最后实际交易日）
20230825,000300.SH,沪深300,week,周K,3709.152,3910.4796499999998,3960.3614999999995,-5.1484131876252,-6.34309519471895,公开指数日线计算（周K最后实际交易日）
20230831,000300.SH,沪深300,month,月K,3765.268,4048.7604,4362.233366666666,-7.001955462713971,-13.684856276335077,公开指数日线计算（月K最后实际交易日）
20230901,000300.SH,沪深300,week,周K,3791.491,3895.4542500000002,3948.690133333333,-2.6688350915686,-3.9810450560888055,公开指数日线计算（周K最后实际交易日）
20230908,000300.SH,沪深300,week,周K,3739.993,3880.82555,3936.479566666667,-3.62893276663776,-4.9914285934690605,公开指数日线计算（周K最后实际交易日）
20230915,000300.SH,沪深300,week,周K,3708.777,3864.8101,3925.6219,-4.037277277866769,-5.523835599144178,公开指数日线计算（周K最后实际交易日）
20230922,000300.SH,沪深300,week,周K,3738.933,3850.9129000000003,3914.8848,-2.907879323887075,-4.494431100501339,公开指数日线计算（周K最后实际交易日）
20230928,000300.SH,沪深300,week,周K,3689.517,3838.5006500000004,3900.183666666667,-3.8812980271346498,-5.401455025494107,公开指数日线计算（周K最后实际交易日）
20230928,000300.SH,沪深300,month,月K,3689.517,4005.0476500000004,4316.938566666667,-7.8783244938421815,-14.533947077943521,公开指数日线计算（月K最后实际交易日）
20231013,000300.SH,沪深300,week,周K,3663.41,3824.4441499999994,3890.0595,-4.210655030744781,-5.826376177536618,公开指数日线计算（周K最后实际交易日）
20231020,000300.SH,沪深300,week,周K,3510.589,3807.4260499999996,3875.1184999999996,-7.796265668771152,-9.406925233383179,公开指数日线计算（周K最后实际交易日）
20231027,000300.SH,沪深300,week,周K,3562.385,3792.4536,3859.6298,-6.066484241231052,-7.701381101368843,公开指数日线计算（周K最后实际交易日）
20231031,000300.SH,沪深300,month,月K,3572.506,3954.5906499999996,4265.2391333333335,-9.661800267494181,-16.2413668185576,公开指数日线计算（月K最后实际交易日）
20231103,000300.SH,沪深300,week,周K,3584.136,3779.8252499999994,3844.070133333333,-5.177203628659798,-6.761950857226817,公开指数日线计算（周K最后实际交易日）
20231110,000300.SH,沪深300,week,周K,3586.489,3760.98215,3826.1771,-4.639563365117272,-6.264427749567569,公开指数日线计算（周K最后实际交易日）
20231117,000300.SH,沪深300,week,周K,3568.069,3746.1839999999997,3808.7127666666665,-4.754571585378608,-6.318244021254316,公开指数日线计算（周K最后实际交易日）
20231124,000300.SH,沪深300,week,周K,3538.009,3730.9618500000006,3792.2275,-5.17166504932235,-6.703672182114595,公开指数日线计算（周K最后实际交易日）
20231130,000300.SH,沪深300,month,月K,3496.203,3918.2709500000005,4204.060233333334,-10.771790807371307,-16.837466497764343,公开指数日线计算（月K最后实际交易日）
20231201,000300.SH,沪深300,week,周K,3482.881,3713.82095,3774.0206666666663,-6.218392138694783,-7.714310343822528,公开指数日线计算（周K最后实际交易日）
20231208,000300.SH,沪深300,week,周K,3399.462,3688.8388999999997,3753.4401666666668,-7.844660822677829,-9.430766202436248,公开指数日线计算（周K最后实际交易日）
20231215,000300.SH,沪深300,week,周K,3341.552,3664.821,3733.5665,-8.820867376605834,-10.499732628305935,公开指数日线计算（周K最后实际交易日）
20231222,000300.SH,沪深300,week,周K,3337.228,3632.0454999999993,3713.322766666666,-8.117120228807684,-10.128254135157622,公开指数日线计算（周K最后实际交易日）
20231229,000300.SH,沪深300,week,周K,3431.11,3602.5720499999998,3699.3280666666665,-4.759434304721255,-7.250453645446697,公开指数日线计算（周K最后实际交易日）
20231229,000300.SH,沪深300,month,月K,3431.11,3889.0144,4144.295866666666,-11.774304564158978,-17.208855004850186,公开指数日线计算（月K最后实际交易日）
20240105,000300.SH,沪深300,week,周K,3329.111,3574.8149,3681.5706333333337,-6.873192231575398,-9.573621381649634,公开指数日线计算（周K最后实际交易日）
20240112,000300.SH,沪深300,week,周K,3284.167,3549.82305,3663.1527666666666,-7.48364203674885,-10.345890297431682,公开指数日线计算（周K最后实际交易日）
20240119,000300.SH,沪深300,week,周K,3269.776,3527.8542500000003,3640.0336,-7.315445358889205,-10.171818194205684,公开指数日线计算（周K最后实际交易日）
20240126,000300.SH,沪深300,week,周K,3333.821,3504.9707499999995,3622.3599,-4.883057868599893,-7.965495090645192,公开指数日线计算（周K最后实际交易日）
20240131,000300.SH,沪深300,month,月K,3215.352,3845.2061000000003,4091.1019333333334,-16.38024292117919,-21.40621151963802,公开指数日线计算（月K最后实际交易日）
20240202,000300.SH,沪深300,week,周K,3179.628,3476.9524999999994,3600.2657666666664,-8.551295998435393,-11.683519882370152,公开指数日线计算（周K最后实际交易日）
20240208,000300.SH,沪深300,week,周K,3364.93,3459.7601499999996,3584.9067999999997,-2.7409457849267294,-6.136192996704959,公开指数日线计算（周K最后实际交易日）
20240223,000300.SH,沪深300,week,周K,3489.742,3447.3006,3571.261433333333,1.231148800890769,-2.2826509583546373,公开指数日线计算（周K最后实际交易日）
20240229,000300.SH,沪深300,month,月K,3516.083,3796.7597,4048.1177000000002,-7.39253263776477,-13.14276756330479,公开指数日线计算（月K最后实际交易日）
20240301,000300.SH,沪深300,week,周K,3537.804,3439.71495,3561.791233333334,2.851662170436531,-0.6734598341656572,公开指数日线计算（周K最后实际交易日）
20240308,000300.SH,沪深300,week,周K,3544.91,3433.78995,3546.8636333333334,3.2360759282902496,-0.055080587676770154,公开指数日线计算（周K最后实际交易日）
20240315,000300.SH,沪深300,week,周K,3569.993,3436.7601499999996,3531.8441,3.87669910569699,1.080141108153665,公开指数日线计算（周K最后实际交易日）
20240322,000300.SH,沪深300,week,周K,3545.002,3435.8909999999996,3520.5357,3.17562460508789,0.6949595767484995,公开指数日线计算（周K最后实际交易日）
20240329,000300.SH,沪深300,week,周K,3537.484,3433.5584000000003,3512.3183666666664,3.0267608088448306,0.7164963624074039,公开指数日线计算（周K最后实际交易日）
20240329,000300.SH,沪深300,month,月K,3537.484,3765.1288,4003.8210666666664,-6.046135792220442,-11.647300388848548,公开指数日线计算（月K最后实际交易日）
20240403,000300.SH,沪深300,week,周K,3567.803,3432.6241,3507.6067333333335,3.9380630113271087,1.7161635052930002,公开指数日线计算（周K最后实际交易日）
20240412,000300.SH,沪深300,week,周K,3475.839,3428.0126000000005,3497.085,1.3951640667831722,-0.6075345609271698,公开指数日线计算（周K最后实际交易日）
20240419,000300.SH,沪深300,week,周K,3541.662,3428.1952499999998,3490.4739666666665,3.3098100232184846,1.4665066642000069,公开指数日线计算（周K最后实际交易日）
20240426,000300.SH,沪深300,week,周K,3584.269,3433.26465,3486.3237,4.3982729382659125,2.809414971994717,公开指数日线计算（周K最后实际交易日）
20240430,000300.SH,沪深300,week,周K,3604.394,3443.5112500000005,3481.839066666667,4.672055304015621,3.5198333692849415,公开指数日线计算（周K最后实际交易日）
20240430,000300.SH,沪深300,month,月K,3604.394,3741.4065,3960.3418666666666,-3.662058640246668,-8.987806574543534,公开指数日线计算（月K最后实际交易日）
20240510,000300.SH,沪深300,week,周K,3666.277,3459.7475,3481.0644,5.969496328850599,5.3205737877184855,公开指数日线计算（周K最后实际交易日）
20240517,000300.SH,沪深300,week,周K,3677.97,3476.7846,3481.5497333333333,5.786536215099436,5.641748121133627,公开指数日线计算（周K最后实际交易日）
20240524,000300.SH,沪深300,week,周K,3601.475,3485.30285,3484.5792666666666,3.333201015802678,3.3546584648411537,公开指数日线计算（周K最后实际交易日）
20240531,000300.SH,沪深300,week,周K,3579.925,3497.84355,3485.1639333333337,2.346630111572612,2.718984486219944,公开指数日线计算（周K最后实际交易日）
20240531,000300.SH,沪深300,month,月K,3579.925,3730.1585,3918.6051666666667,-4.027536631486295,-8.642875519779968,公开指数日线计算（月K最后实际交易日）
20240607,000300.SH,沪深300,week,周K,3574.114,3512.3409,3484.829866666667,1.758744431669479,2.562080122974142,公开指数日线计算（周K最后实际交易日）
20240614,000300.SH,沪深300,week,周K,3541.533,3525.9287500000005,3483.3313333333335,0.44255715604006873,1.6708622033658527,公开指数日线计算（周K最后实际交易日）
20240621,000300.SH,沪深300,week,周K,3495.62,3534.0186999999996,3480.9163666666664,-1.086544901417752,0.42240696944448874,公开指数日线计算（周K最后实际交易日）
20240628,000300.SH,沪深300,week,周K,3461.657,3548.1201499999997,3478.3713,-2.4368720997229976,-0.48052086906305025,公开指数日线计算（周K最后实际交易日）
20240628,000300.SH,沪深300,month,月K,3461.657,3727.8062,3869.3146333333334,-7.1395664291775685,-10.535654811357242,公开指数日线计算（月K最后实际交易日）
20240705,000300.SH,沪深300,week,周K,3431.061,3551.4267,3476.643966666667,-3.3892210136281187,-1.3111197782604944,公开指数日线计算（周K最后实际交易日）
20240712,000300.SH,沪深300,week,周K,3472.401,3550.55965,3479.0752666666667,-2.2013050815805957,-0.1918402493505611,公开指数日线计算（周K最后实际交易日）
20240719,000300.SH,沪深300,week,周K,3539.016,3550.62025,3485.6574000000005,-0.32682317969655594,1.530804490424087,公开指数日线计算（周K最后实际交易日）
20240726,000300.SH,沪深300,week,周K,3409.293,3543.8394,3488.0595666666663,-3.79662803003995,-2.258177223215796,公开指数日线计算（周K最后实际交易日）
20240731,000300.SH,沪深300,month,月K,3442.084,3707.25855,3831.9250333333334,-7.152847486183567,-10.173503655268979,公开指数日线计算（月K最后实际交易日）
20240802,000300.SH,沪深300,week,周K,3384.392,3534.5593499999995,3486.5023,-4.2485451545749235,-2.9287317550313996,公开指数日线计算（周K最后实际交易日）
20240809,000300.SH,沪深300,week,周K,3331.627,3523.8906,3486.5861666666665,-5.456003656867214,-4.444438177038212,公开指数日线计算（周K最后实际交易日）
20240816,000300.SH,沪深300,week,周K,3345.634,3514.2981,3488.6350666666667,-4.799368044503682,-4.099054900669275,公开指数日线计算（周K最后实际交易日）
20240823,000300.SH,沪深300,week,周K,3327.191,3502.2674999999995,3490.5489000000002,-4.998947110693274,-4.680006058645969,公开指数日线计算（周K最后实际交易日）
20240830,000300.SH,沪深300,week,周K,3321.432,3494.54715,3490.1359333333335,-4.953865052300122,-4.833735320223164,公开指数日线计算（周K最后实际交易日）
20240830,000300.SH,沪深300,month,月K,3321.432,3679.74845,3789.9179,-9.737525672441016,-12.36137331629269,公开指数日线计算（月K最后实际交易日）
20240906,000300.SH,沪深300,week,周K,3231.346,3479.03135,3491.8598666666667,-7.11937677710206,-7.460604852833153,公开指数日线计算（周K最后实际交易日）
20240913,000300.SH,沪深300,week,周K,3159.247,3457.78025,3485.0037666666667,-8.633667509668951,-9.347386358157262,公开指数日线计算（周K最后实际交易日）
20240920,000300.SH,沪深300,week,周K,3201.05,3437.61305,3475.3807,-6.881607864503536,-7.893543864129759,公开指数日线计算（周K最后实际交易日）
20240927,000300.SH,沪深300,week,周K,3703.685,3439.4834499999997,3480.9100666666664,7.681431059073707,6.3999048831119065,公开指数日线计算（周K最后实际交易日）
20240930,000300.SH,沪深300,week,周K,4017.855,3456.4777000000004,3496.6748999999995,16.24131120533483,14.90502019504303,公开指数日线计算（周K最后实际交易日）
20240930,000300.SH,沪深300,month,月K,4017.855,3672.7983,3783.0931666666665,9.394926478810461,6.205552519875823,公开指数日线计算（月K最后实际交易日）
20241011,000300.SH,沪深300,week,周K,3887.167,3470.7623,3507.247366666667,11.997499799971889,10.832416240272602,公开指数日线计算（周K最后实际交易日）
20241018,000300.SH,沪深300,week,周K,3925.234,3488.0277499999997,3519.9217666666664,12.53448313305421,11.514808004302912,公开指数日线计算（周K最后实际交易日）
20241025,000300.SH,沪深300,week,周K,3956.421,3507.1431,3533.8863333333334,12.810366933701678,11.956656972271972,公开指数日线计算（周K最后实际交易日）
20241031,000300.SH,沪深300,month,月K,3891.04,3663.87735,3778.9198,6.200061527714618,2.9669907257624306,公开指数日线计算（月K最后实际交易日）
20241101,000300.SH,沪深300,week,周K,3890.02,3524.56745,3544.6269,10.368720564561752,9.74413132169143,公开指数日线计算（周K最后实际交易日）
20241108,000300.SH,沪深300,week,周K,4104.047,3554.9888000000005,3565.5671666666663,15.44472376396795,15.10222099775338,公开指数日线计算（周K最后实际交易日）
20241115,000300.SH,沪深300,week,周K,3968.831,3580.3475,3579.806133333333,10.850441193208216,10.867204875824577,公开指数日线计算（周K最后实际交易日）
20241122,000300.SH,沪深300,week,周K,3865.699,3602.0794,3589.1871333333333,7.318539396993851,7.704024794323439,公开指数日线计算（周K最后实际交易日）
20241129,000300.SH,沪深300,week,周K,3916.583,3624.2885,3599.5934333333335,8.064879492899092,8.806260277375944,公开指数日线计算（周K最后实际交易日）
20241129,000300.SH,沪深300,month,月K,3916.583,3657.1602,3773.0886333333333,7.093558548515322,3.8031008707022362,公开指数日线计算（月K最后实际交易日）
20241206,000300.SH,沪深300,week,周K,3973.141,3645.9947499999994,3609.822233333333,8.972757023306222,10.064727379419347,公开指数日线计算（周K最后实际交易日）
20241213,000300.SH,沪深300,week,周K,3933.181,3672.1891500000006,3618.3292666666666,7.107255082434949,8.701577720796694,公开指数日线计算（周K最后实际交易日）
20241220,000300.SH,沪深300,week,周K,3927.744,3699.35675,3629.2048999999997,6.173701684759125,8.226019423703534,公开指数日线计算（周K最后实际交易日）
20241227,000300.SH,沪深300,week,周K,3981.031,3731.82695,3642.5751,6.677802945819877,9.291665668059945,公开指数日线计算（周K最后实际交易日）
20241231,000300.SH,沪深300,month,月K,3934.911,3652.4514499999996,3754.7519666666662,7.733423807727835,4.7981607022972605,公开指数日线计算（月K最后实际交易日）
20250103,000300.SH,沪深300,week,周K,3775.165,3753.3035000000004,3649.2768,0.5824602247060273,3.449675289087417,公开指数日线计算（周K最后实际交易日）
20250110,000300.SH,沪深300,week,周K,3732.481,3773.568,3655.6417333333334,-1.0888103778704972,2.1019364662029583,公开指数日线计算（周K最后实际交易日）
20250117,000300.SH,沪深300,week,周K,3812.343,3798.1135499999996,3666.1991666666668,0.3746451972190368,3.986249155858279,公开指数日线计算（周K最后实际交易日）
20250124,000300.SH,沪深300,week,周K,3832.864,3828.1894500000003,3678.5727333333334,0.12210863806647598,4.194324208097311,公开指数日线计算（周K最后实际交易日）
20250127,000300.SH,沪深300,week,周K,3817.08,3861.0811000000003,3691.4400333333333,-1.1396056923020925,3.403548900487352,公开指数日线计算（周K最后实际交易日）
20250127,000300.SH,沪深300,month,月K,3817.08,3653.3782999999994,3742.9845666666665,4.4808307970735095,1.9795815882649892,公开指数日线计算（月K最后实际交易日）
20250207,000300.SH,沪深300,week,周K,3892.703,3895.6637499999997,3705.4501,-0.07600116924875167,5.053445464020689,公开指数日线计算（周K最后实际交易日）
20250214,000300.SH,沪深300,week,周K,3939.009,3907.42995,3718.7832,0.8081795554645721,5.9219854494341195,公开指数日线计算（周K最后实际交易日）
20250221,000300.SH,沪深300,week,周K,3978.444,3905.4594000000006,3737.7549000000004,1.8687839899193204,6.439402968878438,公开指数日线计算（周K最后实际交易日）
20250228,000300.SH,沪深300,week,周K,3890.049,3905.6035,3754.6101333333336,-0.3982611138073855,3.607268447507872,公开指数日线计算（周K最后实际交易日）
20250228,000300.SH,沪深300,month,月K,3890.049,3655.75815,3736.691533333333,6.408817005577894,4.10409757665664,公开指数日线计算（月K最后实际交易日）
20250307,000300.SH,沪深300,week,周K,3944.014,3906.5425000000005,3775.0230333333334,0.9591985752106735,4.47655458455436,公开指数日线计算（周K最后实际交易日）
20250314,000300.SH,沪深300,week,周K,4006.557,3909.0493,3797.0538,2.494409574215384,5.517519925580183,公开指数日线计算（周K最后实际交易日）
20250321,000300.SH,沪深300,week,周K,3914.696,3910.2830999999996,3816.6373,0.11285372151188522,2.5692433493745837,公开指数日线计算（周K最后实际交易日）
20250328,000300.SH,沪深300,week,周K,3915.166,3900.8390499999996,3836.428433333333,0.3672786755967383,2.0523663619669064,公开指数日线计算（周K最后实际交易日）
20250331,000300.SH,沪深300,month,月K,3887.306,3649.39195,3739.4388999999996,6.519279191154026,3.9542590199829197,公开指数日线计算（月K最后实际交易日）
20250403,000300.SH,沪深300,week,周K,3861.503,3895.4726500000006,3857.433666666667,-0.8720289693216143,0.1054932808954856,公开指数日线计算（周K最后实际交易日）
20250411,000300.SH,沪深300,week,周K,3750.517,3889.7135499999995,3877.1426666666666,-3.5785809985930617,-3.265953243230324,公开指数日线计算（周K最后实际交易日）
20250418,000300.SH,沪深300,week,周K,3772.523,3882.51055,3896.1917666666664,-2.8328976466013733,-3.1740934243713936,公开指数日线计算（周K最后实际交易日）
20250425,000300.SH,沪深300,week,周K,3786.994,3873.203200000001,3898.9687333333336,-2.22578562364093,-2.8719064191521038,公开指数日线计算（周K最后实际交易日）
20250430,000300.SH,沪深300,week,周K,3770.571,3865.0726999999997,3890.7259333333336,-2.445017399025895,-3.088239454337316,公开指数日线计算（周K最后实际交易日）
20250430,000300.SH,沪深300,month,月K,3770.571,3649.6571000000004,3748.1678333333334,3.313020831463853,0.5977098055063079,公开指数日线计算（月K最后实际交易日）
20250509,000300.SH,沪深300,week,周K,3846.157,3860.9933499999997,3889.3589333333334,-0.38426251109703324,-1.1107725996455597,公开指数日线计算（周K最后实际交易日）
20250516,000300.SH,沪深300,week,周K,3889.085,3856.3960500000003,3888.1539666666667,0.8476554165125272,0.023945382341206134,公开指数日线计算（周K最后实际交易日）
20250523,000300.SH,沪深300,week,周K,3882.274,3861.7515,3885.6824,0.5314298447220089,-0.08771689626512202,公开指数日线计算（周K最后实际交易日）
20250530,000300.SH,沪深300,week,周K,3840.232,3867.1390499999993,3884.0227999999997,-0.6957869797828753,-1.127459910894446,公开指数日线计算（周K最后实际交易日）
20250530,000300.SH,沪深300,month,月K,3840.232,3657.1928499999995,3747.7410000000004,5.004908341106495,2.467913337661254,公开指数日线计算（月K最后实际交易日）
20250606,000300.SH,沪深300,week,周K,3873.984,3870.2211,3876.3540333333335,0.09722700338747892,-0.06114078623761232,公开指数日线计算（周K最后实际交易日）
20250613,000300.SH,沪深300,week,周K,3864.182,3871.7870000000003,3872.8657333333335,-0.19642092914720077,-0.2242198395517203,公开指数日线计算（周K最后实际交易日）
20250620,000300.SH,沪深300,week,周K,3846.644,3873.2652000000003,3872.230566666666,-0.6873064101058812,-0.6607707424997722,公开指数日线计算（周K最后实际交易日）
20250627,000300.SH,沪深300,week,周K,3921.758,3874.7179499999997,3872.4030666666663,1.2140251395588608,1.2745298586858578,公开指数日线计算（周K最后实际交易日）
20250630,000300.SH,沪深300,month,月K,3936.079,3675.3715,3749.889166666667,7.093364575526584,4.965208971731827,公开指数日线计算（月K最后实际交易日）
20250704,000300.SH,沪深300,week,周K,3982.203,3876.87765,3872.705133333334,2.716757130573888,2.8274258663328444,公开指数日线计算（周K最后实际交易日）
20250711,000300.SH,沪深300,week,周K,4014.807,3878.6958,3875.426,3.509200180122396,3.596533645591471,公开指数日线计算（周K最后实际交易日）
20250718,000300.SH,沪深300,week,周K,4058.549,3887.1207999999997,3879.7861666666668,4.410158799284036,4.607543448378193,公开指数日线计算（周K最后实际交易日）
20250725,000300.SH,沪深300,week,周K,4127.163,3896.2782500000003,3884.6572333333334,5.925776733219679,6.242655454534862,公开指数日线计算（周K最后实际交易日）
20250731,000300.SH,沪深300,month,月K,4075.591,3704.3409,3747.180266666667,10.022028480154187,8.764209617955565,公开指数日线计算（月K最后实际交易日）
20250801,000300.SH,沪深300,week,周K,4054.929,3898.6968500000003,3893.9827,4.007291564616011,4.133205317013866,公开指数日线计算（周K最后实际交易日）
20250808,000300.SH,沪深300,week,周K,4104.967,3908.2104,3906.3988999999997,5.034442362673208,5.083149598470338,公开指数日线计算（周K最后实际交易日）
20250815,000300.SH,沪深300,week,周K,4202.353,3922.56975,3919.399233333333,7.132652007016582,7.219314742428606,公开指数日线计算（周K最后实际交易日）
20250822,000300.SH,沪深300,week,周K,4377.998,3948.3944999999994,3937.570366666667,10.880460399790358,11.18526381297853,公开指数日线计算（周K最后实际交易日）
20250829,000300.SH,沪深300,week,周K,4496.759,3985.7066,3960.226333333333,12.822127950913398,13.548030377725052,公开指数日线计算（周K最后实际交易日）
20250829,000300.SH,沪深300,month,月K,4496.759,3757.6233499999994,3761.4236,19.670296385613018,19.549390821071032,公开指数日线计算（月K最后实际交易日）
20250905,000300.SH,沪深300,week,周K,4460.325,4020.0966999999996,3979.1470666666664,10.950689320483264,12.092489301643639,公开指数日线计算（周K最后实际交易日）
20250912,000300.SH,沪深300,week,周K,4521.998,4056.8468999999996,3998.580033333333,11.46582830128493,13.090096041677324,公开指数日线计算（周K最后实际交易日）
20250919,000300.SH,沪深300,week,周K,4501.92,4093.41435,4016.029233333333,9.979582203790338,12.098785602299355,公开指数日线计算（周K最后实际交易日）
20250926,000300.SH,沪深300,week,周K,4550.049,4128.60895,4038.029233333333,10.207797713561618,12.679942047967852,公开指数日线计算（周K最后实际交易日）
20250930,000300.SH,沪深300,week,周K,4640.694,4166.1894,4061.2519,11.389414989150515,14.267573503628284,公开指数日线计算（周K最后实际交易日）
20250930,000300.SH,沪深300,month,月K,4640.694,3828.89045,3781.0825333333332,21.202057374088646,22.73453327422741,公开指数日线计算（月K最后实际交易日）
20251010,000300.SH,沪深300,week,周K,4616.834,4202.9174,4081.594466666667,9.848316314757932,13.113491252119648,公开指数日线计算（周K最后实际交易日）
20251017,000300.SH,沪深300,week,周K,4514.235,4236.617550000001,4101.5791,6.5528088557344155,10.060903128748633,公开指数日线计算（周K最后实际交易日）
20251024,000300.SH,沪深300,week,周K,4660.684,4275.95255,4126.4297,8.99756125684792,12.947131996456896,公开指数日线计算（周K最后实际交易日）
20251031,000300.SH,沪深300,week,周K,4640.668,4314.77685,4152.401866666666,7.552908558874827,11.758643527566083,公开指数日线计算（周K最后实际交易日）
20251031,000300.SH,沪深300,month,月K,4640.668,3885.1197,3801.4686,19.447233504800355,22.075663074002485,公开指数日线计算（月K最后实际交易日）
20251107,000300.SH,沪深300,week,周K,4678.794,4356.38435,4183.344433333334,7.400854105079135,11.843384511178945,公开指数日线计算（周K最后实际交易日）
20251114,000300.SH,沪深300,week,周K,4628.14,4391.70345,4211.865,5.383709366806189,9.883388950025719,公开指数日线计算（周K最后实际交易日）
20251121,000300.SH,沪深300,week,周K,4453.608,4415.2737,4234.085466666666,0.8682202419297402,5.184650500363075,公开指数日线计算（周K最后实际交易日）
20251128,000300.SH,沪深300,week,周K,4526.662,4440.8664499999995,4259.2885,1.9319551931132883,6.277421686744167,公开指数日线计算（周K最后实际交易日）
20251128,000300.SH,沪深300,month,月K,4526.662,3934.5786,3825.7392333333332,15.048203637360302,18.321237384910805,公开指数日线计算（月K最后实际交易日）
20251205,000300.SH,沪深300,week,周K,4584.537,4467.165849999999,4283.9011666666665,2.6274186797877963,7.017805071522232,公开指数日线计算（周K最后实际交易日）
20251212,000300.SH,沪深300,week,周K,4580.95,4489.8552,4306.963333333333,2.028902847468217,6.36148129114944,公开指数日线计算（周K最后实际交易日）
20251219,000300.SH,沪深300,week,周K,4568.178,4515.51765,4329.8268,1.1662084855321053,5.504866845944045,公开指数日线计算（周K最后实际交易日）
20251226,000300.SH,沪深300,week,周K,4657.24,4543.1313,4357.0604,2.5116751523338143,6.889498249783266,公开指数日线计算（周K最后实际交易日）
20251231,000300.SH,沪深300,week,周K,4629.94,4564.51065,4382.258933333333,1.4334362435981962,5.651903970865324,公开指数日线计算（周K最后实际交易日）
20251231,000300.SH,沪深300,month,月K,4629.94,3985.8559,3851.988833333334,16.159241983635162,20.196090911132323,公开指数日线计算（月K最后实际交易日）
20260109,000300.SH,沪深300,week,周K,4758.922,4583.556849999999,4412.0836,3.825962145533346,7.861102178571588,公开指数日线计算（周K最后实际交易日）
20260116,000300.SH,沪深300,week,周K,4731.873,4595.312550000001,4441.591233333334,2.971733663687348,6.535535383989277,公开指数日线计算（周K最后实际交易日）
20260123,000300.SH,沪深300,week,周K,4702.497,4607.42115,4467.615866666666,2.0635372132195906,5.2574155957723745,公开指数日线计算（周K最后实际交易日）
20260130,000300.SH,沪深300,week,周K,4706.34,4616.63825,4491.753766666666,1.9430101546292988,4.777337416084126,公开指数日线计算（周K最后实际交易日）
20260130,000300.SH,沪深300,month,月K,4706.34,4042.17665,3875.045833333333,16.430834362471526,21.45249894893717,公开指数日线计算（月K最后实际交易日）
20260206,000300.SH,沪深300,week,周K,4643.596,4623.722049999999,4512.7134,0.42982579370227647,2.9003082712941497,公开指数日线计算（周K最后实际交易日）
20260213,000300.SH,沪深300,week,周K,4660.406,4629.2399,4532.775299999999,0.6732444347937294,2.8157296921380803,公开指数日线计算（周K最后实际交易日）
20260227,000300.SH,沪深300,week,周K,4710.647,4632.73755,4552.224766666666,1.6817151664462404,3.4801056945467312,公开指数日线计算（周K最后实际交易日）
20260227,000300.SH,沪深300,month,月K,4710.647,4104.62615,3906.558466666667,14.764337307552356,20.583041062724305,公开指数日线计算（月K最后实际交易日）
20260306,000300.SH,沪深300,week,周K,4660.439,4634.9178,4572.408433333333,0.5506289669257924,1.925255977242002,公开指数日线计算（周K最后实际交易日）
20260313,000300.SH,沪深300,week,周K,4669.14,4642.66305,4591.214199999999,0.5702966102612228,1.6972808630884906,公开指数日线计算（周K最后实际交易日）
20260320,000300.SH,沪深300,week,周K,4567.018,4637.97975,4603.369699999999,-1.5300142265606165,-0.7896758759132316,公开指数日线计算（周K最后实际交易日）
20260327,000300.SH,沪深300,week,周K,4502.57,4631.074849999999,4607.5221,-2.7748385453109092,-2.277842573994393,公开指数日线计算（周K最后实际交易日）
20260331,000300.SH,沪深300,month,月K,4450.049,4155.0244,3931.909533333333,7.100430023948823,13.177807431072974,公开指数日线计算（月K最后实际交易日）
20260403,000300.SH,沪深300,week,周K,4440.789,4619.1746,4605.656433333334,-3.8618501236130087,-3.5796728592282667,公开指数日线计算（周K最后实际交易日）
20260410,000300.SH,沪深300,week,周K,4636.566,4619.5959,4611.531133333333,0.3673503130436018,0.542875369217577,公开指数日线计算（周K最后实际交易日）
20260417,000300.SH,沪深300,week,周K,4728.672,4633.349099999999,4618.420266666667,2.057321776164023,2.387217424301369,公开指数日线计算（周K最后实际交易日）
20260424,000300.SH,沪深300,week,周K,4769.369,4645.48445,4627.335233333333,2.666773537472489,3.0694505477691925,公开指数日线计算（周K最后实际交易日）
20260430,000300.SH,沪深300,week,周K,4807.307,4656.62295,4635.910499999999,3.235908331379922,3.6971485968074758,公开指数日线计算（周K最后实际交易日）
20260430,000300.SH,沪深300,month,月K,4807.307,4229.31815,3973.0695666666666,13.666241921289357,20.997302446763943,公开指数日线计算（月K最后实际交易日）
20260508,000300.SH,沪深300,week,周K,4871.912,4671.17105,4643.617766666666,4.297443785536403,4.916301142874002,公开指数日线计算（周K最后实际交易日）
20260515,000300.SH,沪深300,week,周K,4859.593,4685.7418,4651.709733333333,3.710217238175617,4.4689647158551615,公开指数日线计算（周K最后实际交易日）
20260522,000300.SH,沪深300,week,周K,4845.096,4695.134599999999,4662.738433333333,3.1939744602849096,3.910954244463194,公开指数日线计算（周K最后实际交易日）
20260529,000300.SH,沪深300,week,周K,4892.121,4708.243649999999,4670.4529999999995,3.9054340358957607,4.746177726229139,公开指数日线计算（周K最后实际交易日）
20260529,000300.SH,沪深300,month,月K,4892.121,4273.03145,4019.600166666666,14.488298465484029,21.706657308079702,公开指数日线计算（月K最后实际交易日）
20260605,000300.SH,沪深300,week,周K,4816.92,4711.14355,4676.328066666667,2.245239375055763,3.0064600115523588,公开指数日线计算（周K最后实际交易日）
20260612,000300.SH,沪深300,week,周K,4777.321,4713.41595,4679.6123,1.3558118077824366,2.087965706047923,公开指数日线计算（周K最后实际交易日）
20260618,000300.SH,沪深300,week,周K,4941.599,4725.37105,4690.060933333332,4.575893569246814,5.363215323684378,公开指数日线计算（周K最后实际交易日）
20260626,000300.SH,沪深300,week,周K,4868.221,4733.465099999999,4703.8813666666665,2.846876382377883,3.49370276423,公开指数日线计算（周K最后实际交易日）
20260630,000300.SH,沪深300,month,月K,4979.433,4327.4511,4071.2109333333333,15.066187576331004,22.308401149901936,公开指数日线计算（月K最后实际交易日）
20260703,000300.SH,沪深300,week,周K,4842.174,4743.394,4714.398433333333,2.0824751222436877,2.7103260039123,公开指数日线计算（周K最后实际交易日）
20260710,000300.SH,沪深300,week,周K,4780.787,4749.41305,4720.940099999999,0.6605858380752894,1.267690306004976,公开指数日线计算（周K最后实际交易日）
20260717,000300.SH,沪深300,week,周K,4529.095,4740.3354500000005,4719.2116,-4.456234210175991,-4.028566975043024,公开指数日线计算（周K最后实际交易日）
20260724,000300.SH,沪深300,week,周K,4649.192,4739.7731,4721.912066666667,-1.9110851530002582,-1.5400555037866637,公开指数日线计算（周K最后实际交易日）
20260731,000300.SH,沪深300,week,周K,4588.197,4735.72595,4719.610633333333,-3.115234106821574,-2.784416841618109,公开指数日线计算（周K最后实际交易日）
20260731,000300.SH,沪深300,month,月K,4588.197,4361.0318,4116.972433333333,5.208978297291944,11.445900459555336,公开指数日线计算（月K最后实际交易日）
20260807,000300.SH,沪深300,week,周K,4694.437,4742.0969,4721.760533333333,-1.0050385094408254,-0.5786725764774014,公开指数日线计算（周K最后实际交易日）
20260814,000300.SH,沪深300,week,周K,4665.881,4750.26245,4718.659166666666,-1.776353430745703,-1.1184992346872424,公开指数日线计算（周K最后实际交易日）
20260821,000300.SH,沪深300,week,周K,4618.895,4759.16775,4714.893233333334,-2.947421847023546,-2.03606377880724,公开指数日线计算（周K最后实际交易日）
20260828,000300.SH,沪深300,week,周K,4609.176,4757.79825,4711.782533333333,-3.1237610800331717,-2.17765851049887,公开指数日线计算（周K最后实际交易日）
20260831,000300.SH,沪深300,month,月K,4625.086,4395.54055,4153.9392,5.222234839808282,11.342168898379645,公开指数日线计算（月K最后实际交易日）
20260904,000300.SH,沪深300,week,周K,4548.05,4748.767150000001,4706.506200000001,-4.226721244902487,-3.366747928643976,公开指数日线计算（周K最后实际交易日）
20260904,000300.SH,沪深300,month,月K,4548.05,4432.0890500000005,4187.624733333333,2.616394857860538,8.60691417255457,公开指数日线计算（月K最后实际交易日）
20200103,000688.SH,科创50,week,周K,1024.482,,,,,公开指数日线计算（周K最后实际交易日）
20200110,000688.SH,科创50,week,周K,1076.438,,,,,公开指数日线计算（周K最后实际交易日）
20200117,000688.SH,科创50,week,周K,1238.664,,,,,公开指数日线计算（周K最后实际交易日）
20200123,000688.SH,科创50,week,周K,1202.102,,,,,公开指数日线计算（周K最后实际交易日）
20200123,000688.SH,科创50,month,月K,1202.102,,,,,公开指数日线计算（月K最后实际交易日）
20200207,000688.SH,科创50,week,周K,1307.757,,,,,公开指数日线计算（周K最后实际交易日）
20200214,000688.SH,科创50,week,周K,1327.224,,,,,公开指数日线计算（周K最后实际交易日）
20200221,000688.SH,科创50,week,周K,1346.863,,,,,公开指数日线计算（周K最后实际交易日）
20200228,000688.SH,科创50,week,周K,1191.055,,,,,公开指数日线计算（周K最后实际交易日）
20200228,000688.SH,科创50,month,月K,1191.055,,,,,公开指数日线计算（月K最后实际交易日）
20200306,000688.SH,科创50,week,周K,1243.373,,,,,公开指数日线计算（周K最后实际交易日）
20200313,000688.SH,科创50,week,周K,1175.282,,,,,公开指数日线计算（周K最后实际交易日）
20200320,000688.SH,科创50,week,周K,1127.369,,,,,公开指数日线计算（周K最后实际交易日）
20200327,000688.SH,科创50,week,周K,1084.505,,,,,公开指数日线计算（周K最后实际交易日）
20200331,000688.SH,科创50,month,月K,1029.749,,,,,公开指数日线计算（月K最后实际交易日）
20200403,000688.SH,科创50,week,周K,1080.53,,,,,公开指数日线计算（周K最后实际交易日）
20200410,000688.SH,科创50,week,周K,1058.44,,,,,公开指数日线计算（周K最后实际交易日）
20200417,000688.SH,科创50,week,周K,1117.07,,,,,公开指数日线计算（周K最后实际交易日）
20200424,000688.SH,科创50,week,周K,1144.153,,,,,公开指数日线计算（周K最后实际交易日）
20200430,000688.SH,科创50,week,周K,1166.348,,,,,公开指数日线计算（周K最后实际交易日）
20200430,000688.SH,科创50,month,月K,1166.348,,,,,公开指数日线计算（月K最后实际交易日）
20200508,000688.SH,科创50,week,周K,1240.246,,,,,公开指数日线计算（周K最后实际交易日）
20200515,000688.SH,科创50,week,周K,1270.481,,,,,公开指数日线计算（周K最后实际交易日）
20200522,000688.SH,科创50,week,周K,1230.659,1182.6520500000001,,4.05926240097414,,公开指数日线计算（周K最后实际交易日）
20200529,000688.SH,科创50,week,周K,1246.111,1193.7335,,4.3877046258649965,,公开指数日线计算（周K最后实际交易日）
20200529,000688.SH,科创50,month,月K,1246.111,,,,,公开指数日线计算（月K最后实际交易日）
20200605,000688.SH,科创50,week,周K,1297.306,1204.7769,,7.680185435162312,,公开指数日线计算（周K最后实际交易日）
20200612,000688.SH,科创50,week,周K,1262.29,1205.9582,,4.67112375868417,,公开指数日线计算（周K最后实际交易日）
20200619,000688.SH,科创50,week,周K,1325.147,1212.11045,,9.325598174654793,,公开指数日线计算（周K最后实际交易日）
20200624,000688.SH,科创50,week,周K,1424.277,1217.93645,,16.941815806563643,,公开指数日线计算（周K最后实际交易日）
20200630,000688.SH,科创50,month,月K,1447.886,,,,,公开指数日线计算（月K最后实际交易日）
20200703,000688.SH,科创50,week,周K,1438.585,1223.5045,,17.579052631191793,,公开指数日线计算（周K最后实际交易日）
20200710,000688.SH,科创50,week,周K,1654.827,1238.9027,,33.57199076247068,,公开指数日线计算（周K最后实际交易日）
20200717,000688.SH,科创50,week,周K,1443.397,1251.5198,,15.331535306113398,,公开指数日线计算（周K最后实际交易日）
20200724,000688.SH,科创50,week,周K,1389.305,1258.8164000000002,,10.365975530665139,,公开指数日线计算（周K最后实际交易日）
20200731,000688.SH,科创50,week,周K,1512.977,1275.7011499999999,1254.9087666666667,18.599642243796687,20.564700812380444,公开指数日线计算（周K最后实际交易日）
20200731,000688.SH,科创50,month,月K,1512.977,,,,,公开指数日线计算（月K最后实际交易日）
20200807,000688.SH,科创50,week,周K,1526.804,1295.6729,1271.6528333333335,17.838692157565394,20.064530190826435,公开指数日线计算（周K最后实际交易日）
20200814,000688.SH,科创50,week,周K,1484.041,1315.6497,1285.2396,12.799098422627232,15.468041912185072,公开指数日线计算（周K最后实际交易日）
20200821,000688.SH,科创50,week,周K,1447.714,1334.0089,1292.2079333333334,8.523563823299817,12.03413650816465,公开指数日线计算（周K最后实际交易日）
20200828,000688.SH,科创50,week,周K,1413.637,1351.76875,1299.2591,4.576836829524278,8.803317213633521,公开指数日线计算（周K最后实际交易日）
20200831,000688.SH,科创50,month,月K,1423.236,,,,,公开指数日线计算（月K最后实际交易日）
20200904,000688.SH,科创50,week,周K,1390.284,1365.42945,1302.01,1.820273467808975,6.779825039746257,公开指数日线计算（周K最后实际交易日）
20200911,000688.SH,科创50,week,周K,1312.512,1373.8474,1301.5195999999999,-4.46449875000674,0.8445819794031584,公开指数日线计算（周K最后实际交易日）
20200918,000688.SH,科创50,week,周K,1403.899,1385.7249500000003,1303.4208,1.3115192881530735,7.708807470311951,公开指数日线计算（周K最后实际交易日）
20200925,000688.SH,科创50,week,周K,1364.025,1391.9139,1309.1864666666668,-2.00363686288354,4.188748870354453,公开指数日线计算（周K最后实际交易日）
20200930,000688.SH,科创50,week,周K,1418.796,1399.3296500000001,1315.0339,1.3911196693359607,7.8904505807797065,公开指数日线计算（周K最后实际交易日）
20200930,000688.SH,科创50,month,月K,1418.796,,,,,公开指数日线计算（月K最后实际交易日）
20201009,000688.SH,科创50,week,周K,1465.959,1411.09465,1324.7231333333334,3.888070158865675,10.66153848399114,公开指数日线计算（周K最后实际交易日）
20201016,000688.SH,科创50,week,周K,1438.528,1420.7154999999998,1335.0951,1.2537696674668641,7.747230890144086,公开指数日线计算（周K最后实际交易日）
20201023,000688.SH,科创50,week,周K,1336.527,1422.6765500000001,1343.4958333333334,-6.055455823742939,-0.5187089651065846,公开指数日线计算（周K最后实际交易日）
20201030,000688.SH,科创50,week,周K,1393.91,1429.25755,1353.9418333333333,-2.473140687624842,2.951985505039545,公开指数日线计算（周K最后实际交易日）
20201030,000688.SH,科创50,month,月K,1393.91,,,,,公开指数日线计算（月K最后实际交易日）
20201106,000688.SH,科创50,week,周K,1441.474,1435.0738999999999,1366.7096333333332,0.44597703295976565,5.470391430864541,公开指数日线计算（周K最后实际交易日）
20201113,000688.SH,科创50,week,周K,1436.887,1435.7044,1377.3702,0.08237071642323013,4.321046004915741,公开指数日线计算（周K最后实际交易日）
20201120,000688.SH,科创50,week,周K,1430.72,1435.31115,1386.9224333333334,-0.3198714090669408,3.1578959005950535,公开指数日线计算（周K最后实际交易日）
20201127,000688.SH,科创50,week,周K,1387.769,1421.9582500000001,1394.3031333333336,-2.4043779063133597,-0.4686307573384396,公开指数日线计算（周K最后实际交易日）
20201130,000688.SH,科创50,month,月K,1385.483,,,,,公开指数日线计算（月K最后实际交易日）
20201204,000688.SH,科创50,week,周K,1404.866,1420.0317,1399.7904666666666,-1.0679832006567191,0.36259236322846444,公开指数日线计算（周K最后实际交易日）
20201211,000688.SH,科创50,week,周K,1362.961,1418.7145,1402.8731333333335,-3.9298604476094345,-2.8450279918398103,公开指数日线计算（周K最后实际交易日）
20201218,000688.SH,科创50,week,周K,1361.108,1411.1210500000002,1407.2214333333334,-3.5442069268260323,-3.2769137991384145,公开指数日线计算（周K最后实际交易日）
20201225,000688.SH,科创50,week,周K,1349.793,1402.2705,1410.6775,-3.742323610173659,-4.315975834306574,公开指数日线计算（周K最后实际交易日）
20201231,000688.SH,科创50,week,周K,1393.027,1397.7198,1413.8682000000001,-0.3357468356676385,-1.4740553610301244,公开指数日线计算（周K最后实际交易日）
20201231,000688.SH,科创50,month,月K,1393.027,,,,,公开指数日线计算（月K最后实际交易日）
20210108,000688.SH,科创50,week,周K,1378.74,1394.2711,1417.7498666666665,-1.113922536298706,-2.7515337919505,公开指数日线计算（周K最后实际交易日）
20210115,000688.SH,科创50,week,周K,1447.583,1395.9684000000002,1421.8310666666666,3.6974046117376203,1.8111809438589699,公开指数日线计算（周K最后实际交易日）
20210122,000688.SH,科创50,week,周K,1486.308,1400.7696,1423.8987666666667,6.106528868130767,4.382982469985053,公开指数日线计算（周K最后实际交易日）
20210129,000688.SH,科创50,week,周K,1421.962,1406.2421,1423.3446666666669,1.1178658354774162,-0.09714208364618448,公开指数日线计算（周K最后实际交易日）
20210129,000688.SH,科创50,month,月K,1421.962,,,,,公开指数日线计算（月K最后实际交易日）
20210205,000688.SH,科创50,week,周K,1368.8,1404.48715,1413.810433333333,-2.5409381637987893,-3.1836257727432593,公开指数日线计算（周K最后实际交易日）
20210210,000688.SH,科创50,week,周K,1437.025,1408.13715,1413.5980333333332,2.0514940607880394,1.6572580121256175,公开指数日线计算（周K最后实际交易日）
20210219,000688.SH,科创50,week,周K,1427.907,1408.5927,1414.8847666666666,1.3711770620421282,0.92037412799435,公开指数日线计算（周K最后实际交易日）
20210226,000688.SH,科创50,week,周K,1325.587,1401.5741,1408.6384333333333,-5.421554236768511,-5.895865920455146,公开指数日线计算（周K最后实际交易日）
20210226,000688.SH,科创50,month,月K,1325.587,,,,,公开指数日线计算（月K最后实际交易日）
20210305,000688.SH,科创50,week,周K,1329.839,1396.13965,1402.0729333333331,-4.748855173621069,-5.151938363263453,公开指数日线计算（周K最后实际交易日）
20210312,000688.SH,科创50,week,周K,1261.325,1392.37955,1394.6490666666666,-9.412271962770502,-9.559685648040672,公开指数日线计算（周K最后实际交易日）
20210319,000688.SH,科创50,week,周K,1231.292,1384.24865,1387.4350000000002,-11.049795858569201,-11.254076767560296,公开指数日线计算（周K最后实际交易日）
20210326,000688.SH,科创50,week,周K,1256.664,1375.0081500000001,1382.2025666666666,-8.606796257898552,-9.082501342000594,公开指数日线计算（周K最后实际交易日）
20210331,000688.SH,科创50,month,月K,1248.332,,,,,公开指数日线计算（月K最后实际交易日）
20210402,000688.SH,科创50,week,周K,1299.92,1368.1598,1379.1904333333332,-4.9877068453553335,-5.747606089591728,公开指数日线计算（周K最后实际交易日）
20210409,000688.SH,科创50,week,周K,1271.443,1360.19595,1377.8214666666668,-6.525012076385028,-7.720772918716811,公开指数日线计算（周K最后实际交易日）
20210416,000688.SH,科创50,week,周K,1274.702,1354.5426,1373.5149,-5.894284904734626,-7.194162946466753,公开指数日线计算（周K最后实际交易日）
20210423,000688.SH,科创50,week,周K,1311.827,1349.8906499999998,1371.7749666666666,-2.8197580300300507,-4.3701021029955545,公开指数日线计算（周K最后实际交易日）
20210430,000688.SH,科创50,week,周K,1322.24,1347.8546000000001,1368.5564333333334,-1.9003978619058892,-3.3843276174240433,公开指数日线计算（周K最后实际交易日）
20210430,000688.SH,科创50,month,月K,1322.24,,,,,公开指数日线计算（月K最后实际交易日）
20210507,000688.SH,科创50,week,周K,1263.897,1342.99405,1361.8210333333334,-5.88960539326292,-7.190668299023439,公开指数日线计算（周K最后实际交易日）
20210514,000688.SH,科创50,week,周K,1300.535,1340.5311500000003,1357.2212666666667,-2.983604670432327,-4.176641499723033,公开指数日线计算（周K最后实际交易日）
20210521,000688.SH,科创50,week,周K,1315.207,1336.64015,1356.5106,-1.6035093663765654,-3.0448416695011415,公开指数日线计算（周K最后实际交易日）
20210528,000688.SH,科创50,week,周K,1386.039,1337.0051,1356.2482333333332,3.667443003770132,2.1965570855305927,公开指数日线计算（周K最后实际交易日）
20210531,000688.SH,科创50,month,月K,1442.668,,,,,公开指数日线计算（月K最后实际交易日）
20210604,000688.SH,科创50,week,周K,1431.522,1336.20205,1355.9165,7.133647938947552,5.575970201704883,公开指数日线计算（周K最后实际交易日）
20210611,000688.SH,科创50,week,周K,1436.276,1333.7004499999998,1355.8961333333332,7.69104861590173,5.928172865945203,公开指数日线计算（周K最后实际交易日）
20210618,000688.SH,科创50,week,周K,1494.701,1337.3374,1358.0288333333333,11.766933310920646,10.064010668403833,公开指数日线计算（周K最后实际交易日）
20210625,000688.SH,科创50,week,周K,1534.85,1345.6399,1362.9315333333332,14.060975748415316,12.613874025366801,公开指数日线计算（周K最后实际交易日）
20210630,000688.SH,科创50,month,月K,1588.217,,,,,公开指数日线计算（月K最后实际交易日）
20210702,000688.SH,科创50,week,周K,1538.158,1350.69655,1367.3746,13.87887234923344,12.489876585392157,公开指数日线计算（周K最后实际交易日）
20210709,000688.SH,科创50,week,周K,1583.714,1358.4868999999999,1374.7330333333334,16.579261824313505,15.201567257022086,公开指数日线计算（周K最后实际交易日）
20210716,000688.SH,科创50,week,周K,1525.234,1368.4692499999999,1380.2039,11.455482101625591,10.507874959634588,公开指数日线计算（周K最后实际交易日）
20210723,000688.SH,科创50,week,周K,1563.49,1380.1518,1387.3271333333332,13.28391558088029,12.698004849324906,公开指数日线计算（周K最后实际交易日）
20210730,000688.SH,科创50,week,周K,1591.219,1396.6465,1393.9335333333333,13.931406408135484,14.153147330841165,公开指数日线计算（周K最后实际交易日）
20210730,000688.SH,科创50,month,月K,1591.219,,,,,公开指数日线计算（月K最后实际交易日）
20210806,000688.SH,科创50,week,周K,1586.673,1414.4155500000002,1400.8646333333334,12.178701655252567,13.263834509444283,公开指数日线计算（周K最后实际交易日）
20210813,000688.SH,科创50,week,周K,1552.781,1429.2214,1404.3712333333335,8.645238589346626,10.567701982502854,公开指数日线计算（周K最后实际交易日）
20210820,000688.SH,科创50,week,周K,1529.086,1440.6797,1405.7971666666667,6.136429908743768,8.770030005514062,公开指数日线计算（周K最后实际交易日）
20210827,000688.SH,科创50,week,周K,1480.314,1451.12325,1407.7422333333334,2.0115968784870653,5.155188567073599,公开指数日线计算（周K最后实际交易日）
20210831,000688.SH,科创50,month,月K,1441.174,1359.6039500000002,,5.999544941010204,,公开指数日线计算（月K最后实际交易日）
20210903,000688.SH,科创50,week,周K,1400.89,1457.43265,1408.8119000000002,-3.8796063749498066,-0.5623106959843249,公开指数日线计算（周K最后实际交易日）
20210910,000688.SH,科创50,week,周K,1426.814,1463.182,1408.4715333333334,-2.4855417849590777,1.3022958741137458,公开指数日线计算（周K最后实际交易日）
20210917,000688.SH,科创50,week,周K,1349.685,1464.55425,1405.8641333333333,-7.843290885264231,-3.996057086976923,公开指数日线计算（周K最后实际交易日）
20210924,000688.SH,科创50,week,周K,1375.0,1470.1094,1407.5112333333334,-6.469545735847959,-2.309838285008836,公开指数日线计算（周K最后实际交易日）
20210930,000688.SH,科创50,week,周K,1368.716,1473.51845,1408.8071333333332,-7.112394826138768,-2.8457503078135993,公开指数日线计算（周K最后实际交易日）
20210930,000688.SH,科创50,month,月K,1368.716,1367.9346500000001,,0.05711895666944411,,公开指数日线计算（月K最后实际交易日）
20211008,000688.SH,科创50,week,周K,1364.458,1475.981,1412.2449000000001,-7.55585607131799,-3.383754474878975,公开指数日线计算（周K最后实际交易日）
20211015,000688.SH,科创50,week,周K,1363.164,1474.83725,1416.6406333333332,-7.57190327271704,-3.7748905456356674,公开指数日线计算（周K最后实际交易日）
20211022,000688.SH,科创50,week,周K,1368.136,1471.6679499999998,1420.3563666666666,-7.035007455316256,-3.6765679298653042,公开指数日线计算（周K最后实际交易日）
20211029,000688.SH,科创50,week,周K,1396.195,1469.6639,1423.5655333333334,-4.999027328629357,-1.922674628771348,公开指数日线计算（周K最后实际交易日）
20211029,000688.SH,科创50,month,月K,1396.195,1378.1916500000002,,1.3063023564247933,,公开指数日线计算（月K最后实际交易日）
20211105,000688.SH,科创50,week,周K,1396.738,1464.76575,1427.7420333333334,-4.644275031690215,-2.1715430805765767,公开指数日线计算（周K最后实际交易日）
20211112,000688.SH,科创50,week,周K,1440.157,1460.0311,1433.2572,-1.3612107303741627,0.4814069658955811,公开指数日线计算（周K最后实际交易日）
20211119,000688.SH,科创50,week,周K,1444.784,1455.3624,1437.6891,-0.7268567609002297,0.4934933428931254,公开指数日线计算（周K最后实际交易日）
20211126,000688.SH,科创50,week,周K,1459.932,1449.1733,1442.2788333333335,0.7424025822170499,1.2239773793162545,公开指数日线计算（周K最后实际交易日）
20211130,000688.SH,科创50,month,月K,1475.713,1400.4898500000002,,5.371202797364072,,公开指数日线计算（月K最后实际交易日）
20211203,000688.SH,科创50,week,周K,1444.834,1445.1533000000002,1448.3100666666664,-0.02209454180398529,-0.24000845859386555,公开指数日线计算（周K最后实际交易日）
20211210,000688.SH,科创50,week,周K,1435.703,1438.76395,1452.8156666666666,-0.21274858881472625,-1.1778966223519483,公开指数日线计算（周K最后实际交易日）
20211217,000688.SH,科创50,week,周K,1399.06,1429.156,1455.6107666666664,-2.1058582827906847,-3.8850198117294177,公开指数日线计算（周K最后实际交易日）
20211224,000688.SH,科创50,week,周K,1358.73,1417.75885,1454.7004666666667,-4.163532465341335,-6.59726650714394,公开指数日线计算（周K最后实际交易日）
20211231,000688.SH,科创50,week,周K,1398.194,1410.0295,1453.5895333333333,-0.8393796016324617,-3.810947455455449,公开指数日线计算（周K最后实际交易日）
20211231,000688.SH,科创50,month,月K,1398.194,1412.08215,,-0.9835228070831481,,公开指数日线计算（月K最后实际交易日）
20220107,000688.SH,科创50,week,周K,1305.492,1398.8498000000002,1449.2300666666667,-6.673897369109982,-9.91823658456622,公开指数日线计算（周K最后实际交易日）
20220114,000688.SH,科创50,week,周K,1312.292,1390.4487,1443.1497666666667,-5.620969691294619,-9.067511195938948,公开指数日线计算（周K最后实际交易日）
20220121,000688.SH,科创50,week,周K,1290.406,1384.9244999999999,1435.0016333333333,-6.824812471726793,-10.076339285932058,公开指数日线计算（周K最后实际交易日）
20220128,000688.SH,科创50,week,周K,1229.224,1375.045,1424.7038333333333,-10.604816569639553,-13.720734707084736,公开指数日线计算（周K最后实际交易日）
20220128,000688.SH,科创50,month,月K,1229.224,1411.2377999999999,,-12.89745782036167,,公开指数日线计算（月K最后实际交易日）
20220211,000688.SH,科创50,week,周K,1169.59,1366.04025,1410.8996999999997,-14.381000120604071,-17.10324979160459,公开指数日线计算（周K最后实际交易日）
20220218,000688.SH,科创50,week,周K,1204.371,1357.5088,1400.2042666666669,-11.28079611712277,-13.986049844917869,公开指数日线计算（周K最后实际交易日）
20220225,000688.SH,科创50,week,周K,1240.878,1351.1169,1389.4505333333334,-8.159094153881142,-10.692898362988391,公开指数日线计算（周K最后实际交易日）
20220228,000688.SH,科创50,month,月K,1249.585,1401.32275,,-10.828180017772493,,公开指数日线计算（月K最后实际交易日）
20220304,000688.SH,科创50,week,周K,1203.089,1343.04845,1376.5128666666667,-10.42102762562289,-12.598782827698962,公开指数日线计算（周K最后实际交易日）
20220311,000688.SH,科创50,week,周K,1161.21,1332.95075,1362.3307666666667,-12.884253225409859,-14.762990867391657,公开指数日线计算（周K最后实际交易日）
20220318,000688.SH,科创50,week,周K,1144.321,1321.76,1348.7154333333335,-13.424449219222856,-15.154748606099599,公开指数日线计算（周K最后实际交易日）
20220325,000688.SH,科创50,week,周K,1106.863,1307.2934,1334.6413333333333,-15.33170748050896,-17.066632633386636,公开指数日线计算（周K最后实际交易日）
20220331,000688.SH,科创50,month,月K,1091.059,1380.22685,,-20.950748060001878,,公开指数日线计算（月K最后实际交易日）
20220401,000688.SH,科创50,week,周K,1089.195,1291.91625,1321.6040333333333,-15.691516381189574,-17.585375609603293,公开指数日线计算（周K最后实际交易日）
20220408,000688.SH,科创50,week,周K,1027.244,1271.2706,1309.1491666666666,-19.195488356294888,-21.533464164702398,公开指数日线计算（周K最后实际交易日）
20220415,000688.SH,科创50,week,周K,973.363,1247.6995499999998,1294.0341333333333,-21.987388710687583,-24.78073221355521,公开指数日线计算（周K最后实际交易日）
20220422,000688.SH,科创50,week,周K,942.069,1221.8064,1280.4469333333332,-22.895394884164954,-26.426548771720537,公开指数日线计算（周K最后实际交易日）
20220429,000688.SH,科创50,week,周K,947.151,1196.92225,1266.1852999999999,-20.867792373314153,-25.19649375174392,公开指数日线计算（周K最后实际交易日）
20220429,000688.SH,科创50,month,月K,947.151,1356.4226,,-30.17286795427916,,公开指数日线计算（月K最后实际交易日）
20220506,000688.SH,科创50,week,周K,942.227,1172.24845,1251.969,-19.62224390230587,-24.74038893934275,公开指数日线计算（周K最后实际交易日）
20220513,000688.SH,科创50,week,周K,1010.804,1152.83565,1240.1805333333332,-12.320199327631832,-18.49541475359393,公开指数日线计算（周K最后实际交易日）
20220520,000688.SH,科创50,week,周K,1045.377,1137.1680000000001,1229.5876333333333,-8.071894390274803,-14.981496913233439,公开指数日线计算（周K最后实际交易日）
20220527,000688.SH,科创50,week,周K,993.699,1116.9432499999998,1217.1064000000001,-11.034065517652747,-18.355617881887742,公开指数日线计算（周K最后实际交易日）
20220531,000688.SH,科创50,month,月K,1035.316,1337.2486,,-22.57864394099944,,公开指数日线计算（月K最后实际交易日）
20220602,000688.SH,科创50,week,周K,1079.854,1105.6613499999999,1206.5617,-2.3341098067685695,-10.50155164050044,公开指数日线计算（周K最后实际交易日）
20220610,000688.SH,科创50,week,周K,1102.849,1095.1892,1196.7654,0.6994042673174494,-7.8475196558991485,公开指数日线计算（周K最后实际交易日）
20220617,000688.SH,科创50,week,周K,1092.087,1085.27325,1185.1630666666667,0.6278372750825767,-7.85343968981822,公开指数日线计算（周K最后实际交易日）
20220624,000688.SH,科创50,week,周K,1101.477,1078.8859,1173.7195,2.0939285609349545,-6.155005518780243,公开指数日线计算（周K最后实际交易日）
20220630,000688.SH,科创50,month,月K,1105.667,1322.83645,1316.2966333333331,-16.416953887232253,-16.001684422753836,公开指数日线计算（月K最后实际交易日）
20220701,000688.SH,科创50,week,周K,1089.029,1074.8578499999999,1161.3560666666665,1.3184208497895922,-6.22781149921231,公开指数日线计算（周K最后实际交易日）
20220708,000688.SH,科创50,week,周K,1104.022,1069.8404,1149.9956666666667,3.1950186214691367,-3.997725208819636,公开指数日线计算（周K最后实际交易日）
20220715,000688.SH,科创50,week,周K,1072.262,1061.4096,1137.8809666666666,1.0224516529716787,-5.7667689845355525,公开指数日线计算（周K最后实际交易日）
20220722,000688.SH,科创50,week,周K,1084.974,1055.5038499999998,1127.4114333333334,2.792045713523472,-3.7641478593011923,公开指数日线计算（周K最后实际交易日）
20220729,000688.SH,科创50,week,周K,1088.913,1051.889,1118.4175333333333,3.519763016820221,-2.638060693254507,公开指数日线计算（周K最后实际交易日）
20220729,000688.SH,科创50,month,月K,1088.913,1308.00795,1312.5236666666667,-16.750276632492945,-17.036695973228166,公开指数日线计算（月K最后实际交易日）
20220805,000688.SH,科创50,week,周K,1157.333,1052.5396,1110.3888333333334,9.956242976511298,4.227723231486635,公开指数日线计算（周K最后实际交易日）
20220812,000688.SH,科创50,week,周K,1146.191,1054.5059999999999,1105.0787999999998,8.694592539065704,3.7202957834319372,公开指数日线计算（周K最后实际交易日）
20220819,000688.SH,科创50,week,周K,1108.452,1055.46885,1098.2841333333333,5.019868658369209,0.9257956441387272,公开指数日线计算（周K最后实际交易日）
20220826,000688.SH,科创50,week,周K,1045.994,1056.40635,1090.1370666666667,-0.9856387175257053,-4.049313431901169,公开指数日线计算（周K最后实际交易日）
20220831,000688.SH,科创50,month,月K,1029.656,1289.8394,1307.1437,-20.171767120774888,-21.228553524757842,公开指数日线计算（月K最后实际交易日）
20220902,000688.SH,科创50,week,周K,1030.12,1059.2441999999999,1083.5002666666667,-2.749526502009636,-4.926650071890471,公开指数日线计算（周K最后实际交易日）
20220909,000688.SH,科创50,week,周K,1033.784,1063.8299499999998,1078.9733999999999,-2.824318867879183,-4.188184806038753,公开指数日线计算（周K最后实际交易日）
20220916,000688.SH,科创50,week,周K,998.518,1066.3982999999998,1072.1116333333332,-6.365379614727429,-6.864362911959187,公开指数日线计算（周K最后实际交易日）
20220923,000688.SH,科创50,week,周K,960.94,1067.33395,1062.7803666666666,-9.968196926557049,-9.58244712273727,公开指数日线计算（周K最后实际交易日）
20220930,000688.SH,科创50,week,周K,939.376,1063.76255,1053.9899333333333,-11.69307473740262,-10.874291082729503,公开指数日线计算（周K最后实际交易日）
20220930,000688.SH,科创50,month,月K,939.376,1265.7101,1304.1312666666665,-25.782689100766444,-27.96921414199153,公开指数日线计算（月K最后实际交易日）
20221014,000688.SH,科创50,week,周K,954.924,1059.2399,1047.1137333333334,-9.848184533078863,-8.80417574506075,公开指数日线计算（周K最后实际交易日）
20221021,000688.SH,科创50,week,周K,967.98,1057.95395,1041.2357,-8.504524228110311,-7.035457965953329,公开指数日线计算（周K最后实际交易日）
20221028,000688.SH,科创50,week,周K,993.721,1053.6473,1037.4643,-5.687510422130826,-4.216366770403579,公开指数日线计算（周K最后实际交易日）
20221031,000688.SH,科创50,month,月K,1010.327,1249.9471,1298.9305666666667,-19.170419292144448,-22.218552251586864,公开指数日线计算（月K最后实际交易日）
20221104,000688.SH,科创50,week,周K,1072.87,1052.14835,1036.9201333333333,1.9694608654758472,3.4669851139933483,公开指数日线计算（周K最后实际交易日）
20221111,000688.SH,科创50,week,周K,1023.265,1048.70725,1036.7875,-2.426058368529438,-1.3042691969183617,公开指数日线计算（周K最后实际交易日）
20221118,000688.SH,科创50,week,周K,1031.992,1045.2329999999997,1038.7418,-1.2667988859899948,-0.6498053703047346,公开指数日线计算（周K最后实际交易日）
20221125,000688.SH,科创50,week,周K,999.988,1040.7809499999998,1040.6724333333334,-3.9194558662896117,-3.9094370168928916,公开指数日线计算（周K最后实际交易日）
20221130,000688.SH,科创50,month,月K,1000.263,1237.54365,1290.7356333333335,-19.173517637135472,-22.50442506055139,公开指数日线计算（月K最后实际交易日）
20221202,000688.SH,科创50,week,周K,1008.145,1035.9870999999998,1042.7055666666665,-2.6874948539416965,-3.314508694640439,公开指数日线计算（周K最后实际交易日）
20221209,000688.SH,科创50,week,周K,1001.686,1032.4583,1044.6875333333332,-2.9804884129460696,-4.116210059109848,公开指数日线计算（周K最后实际交易日）
20221216,000688.SH,科创50,week,周K,978.361,1027.12765,1043.6061,-4.7478665383022145,-6.2518894820564945,公开指数日线计算（周K最后实际交易日）
20221223,000688.SH,科创50,week,周K,920.351,1018.69955,1039.4385666666667,-9.654323495087446,-11.456912460787727,公开指数日线计算（周K最后实际交易日）
20221230,000688.SH,科创50,week,周K,959.905,1008.8281499999999,1038.3121,-4.84950286131488,-7.551400007762609,公开指数日线计算（周K最后实际交易日）
20221230,000688.SH,科创50,month,月K,959.905,1219.4269,1274.4696000000001,-21.2822843255303,-24.682001045768388,公开指数日线计算（月K最后实际交易日）
20230106,000688.SH,科创50,week,周K,991.095,1001.07335,1035.3534666666667,-0.9967651221561291,-4.274720478713167,公开指数日线计算（周K最后实际交易日）
20230113,000688.SH,科创50,week,周K,974.312,994.3663499999999,1031.0689,-2.0167969280134868,-5.504666080026266,公开指数日线计算（周K最后实际交易日）
20230120,000688.SH,科创50,week,周K,1029.135,993.5234,1028.9705000000001,3.5843745602770927,0.015986852878668856,公开指数日线计算（周K最后实际交易日）
20230131,000688.SH,科创50,month,月K,1014.358,1198.0113999999999,1257.8489666666667,-15.329854123257924,-19.35772681134559,公开指数日线计算（月K最后实际交易日）
20230203,000688.SH,科创50,week,周K,1033.87,993.7109,1026.7169333333334,4.041326305266435,0.6966931619062144,公开指数日线计算（周K最后实际交易日）
20230210,000688.SH,科创50,week,周K,1024.538,993.2486000000001,1024.5672333333334,3.1502083164275163,-0.002853237189548441,公开指数日线计算（周K最后实际交易日）
20230217,000688.SH,科创50,week,周K,986.335,992.63945,1020.6443333333333,-0.635119831274078,-3.361536650214092,公开指数日线计算（周K最后实际交易日）
20230224,000688.SH,科创50,week,周K,990.632,994.12405,1017.9233333333334,-0.3512690393115525,-2.681079452611046,公开指数日线计算（周K最后实际交易日）
20230228,000688.SH,科创50,month,月K,990.467,1168.1239,1243.4233333333332,-15.208737703252206,-20.34354081608033,公开指数日线计算（月K最后实际交易日）
20230303,000688.SH,科创50,week,周K,998.901,997.1002999999998,1015.0542333333334,0.18059366745752925,-1.5913665302678348,公开指数日线计算（周K最后实际交易日）
20230310,000688.SH,科创50,week,周K,993.552,999.0316999999999,1011.8755333333334,-0.548501113628308,-1.8108485411216235,公开指数日线计算（周K最后实际交易日）
20230317,000688.SH,科创50,week,周K,1015.758,1001.4206,1007.1563666666666,1.4317061182883561,0.8540514281612399,公开指数日线计算（周K最后实际交易日）
20230324,000688.SH,科创50,week,周K,1060.987,1004.7839,1004.3162333333333,5.593551011316977,5.642721364621983,公开指数日线计算（周K最后实际交易日）
20230331,000688.SH,科创50,week,周K,1081.541,1005.2174499999999,1003.4191999999999,7.5927402573443326,7.7855596145658845,公开指数日线计算（周K最后实际交易日）
20230331,000688.SH,科创50,month,月K,1081.541,1142.6399999999999,1232.1815,-5.347178463908142,-12.225512231761314,公开指数日线计算（月K最后实际交易日）
20230407,000688.SH,科创50,week,周K,1161.021,1012.10525,1007.2534333333333,14.71346482986824,15.266025567944608,公开指数日线计算（周K最后实际交易日）
20230414,000688.SH,科创50,week,周K,1136.213,1017.3162999999998,1010.7898666666666,11.687289390723432,12.408428049140173,公开指数日线计算（周K最后实际交易日）
20230421,000688.SH,科创50,week,周K,1116.825,1023.15815,1013.5579,9.154679557603096,10.188574328116818,公开指数日线计算（周K最后实际交易日）
20230428,000688.SH,科创50,week,周K,1087.869,1027.14435,1016.5362666666666,5.91198793042087,7.0172344728281155,公开指数日线计算（周K最后实际交易日）
20230428,000688.SH,科创50,month,月K,1087.869,1124.9747499999999,1221.9801333333335,-3.29836291881217,-10.974902919861995,公开指数日线计算（月K最后实际交易日）
20230505,000688.SH,科创50,week,周K,1049.089,1029.5144999999998,1019.4745666666665,1.9013331040990789,2.9048722059013654,公开指数日线计算（周K最后实际交易日）
20230512,000688.SH,科创50,week,周K,1014.105,1031.3017,1021.9655333333333,-1.6674751917891695,-0.7691583597437601,公开指数日线计算（周K最后实际交易日）
20230519,000688.SH,科创50,week,周K,1040.161,1037.2921999999999,1024.8067666666666,0.2765662365917798,1.4982564355303207,公开指数日线计算（周K最后实际交易日）
20230526,000688.SH,科创50,week,周K,1038.661,1041.23,1027.1627999999998,-0.24672742813787174,1.1194135924704751,公开指数日线计算（周K最后实际交易日）
20230531,000688.SH,科创50,month,月K,1053.91,1109.23445,1210.9277,-4.987624572965599,-12.966727906216025,公开指数日线计算（月K最后实际交易日）
20230602,000688.SH,科创50,week,周K,1053.291,1044.3398,1029.1484666666665,0.8571156629288534,2.3458746833223465,公开指数日线计算（周K最后实际交易日）
20230609,000688.SH,科创50,week,周K,1032.551,1047.25175,1027.8045,-1.4037455654764885,0.46180961457162883,公开指数日线计算（周K最后实际交易日）
20230616,000688.SH,科创50,week,周K,1052.883,1048.43915,1028.7917666666667,0.4238538784058221,2.3417016070599095,公开指数日线计算（周K最后实际交易日）
20230621,000688.SH,科创50,week,周K,1020.222,1047.75675,1028.3994333333333,-2.627971616503544,-0.7951612056832702,公开指数日线计算（周K最后实际交易日）
20230630,000688.SH,科创50,week,周K,1005.15,1046.78735,1028.5715,-3.977632133212161,-2.2770901196465188,公开指数日线计算（周K最后实际交易日）
20230630,000688.SH,科创50,month,月K,1005.15,1089.6822,1197.9984666666667,-7.757509483040104,-16.097555383626815,公开指数日线计算（月K最后实际交易日）
20230707,000688.SH,科创50,week,周K,991.849,1047.06305,1028.0283,-5.273230680807606,-3.519290276347442,公开指数日线计算（周K最后实际交易日）
20230714,000688.SH,科创50,week,周K,991.559,1047.1093999999998,1027.6907333333334,-5.305119025767491,-3.5158177612577557,公开指数日线计算（周K最后实际交易日）
20230721,000688.SH,科创50,week,周K,955.549,1044.9418,1026.9303333333332,-8.554811378011685,-6.9509421444038155,公开指数日线计算（周K最后实际交易日）
20230728,000688.SH,科创50,week,周K,962.645,1043.39645,1028.3401333333334,-7.739287401255767,-6.388463427989011,公开指数日线计算（周K最后实际交易日）
20230731,000688.SH,科创50,month,月K,968.994,1064.34625,1182.8995333333332,-8.958762244899155,-18.083153074763793,公开指数日线计算（月K最后实际交易日）
20230804,000688.SH,科创50,week,周K,975.778,1041.39745,1028.8692333333333,-6.301095705582904,-5.160153653475296,公开指数日线计算（周K最后实际交易日）
20230811,000688.SH,科创50,week,周K,938.765,1035.2863499999999,1027.1249,-9.323154893329743,-8.60264413802061,公开指数日线计算（周K最后实际交易日）
20230818,000688.SH,科创50,week,周K,904.249,1026.42175,1024.7894666666666,-11.90278265245256,-11.762461518925315,公开指数日线计算（周K最后实际交易日）
20230825,000688.SH,科创50,week,周K,870.399,1011.89065,1019.4982666666667,-13.982899239161862,-14.624769020369111,公开指数日线计算（周K最后实际交易日）
20230831,000688.SH,科创50,month,月K,942.613,1041.5672,1170.1337333333333,-9.500510384735605,-19.44399403692091,公开指数日线计算（月K最后实际交易日）
20230901,000688.SH,科创50,week,周K,934.787,1001.8193500000001,1016.1954999999999,-6.691061617047033,-8.011106130660872,公开指数日线计算（周K最后实际交易日）
20230908,000688.SH,科创50,week,周K,901.506,991.0534,1012.0944333333333,-9.035577699445863,-10.92669119512003,公开指数日线计算（周K最后实际交易日）
20230915,000688.SH,科创50,week,周K,887.013,981.0106,1008.7837,-9.581710941757404,-12.071041591968623,公开指数日线计算（周K最后实际交易日）
20230922,000688.SH,科创50,week,周K,882.878,972.70005,1005.1918999999999,-9.234300954338392,-12.168213850509524,公开指数日线计算（周K最后实际交易日）
20230928,000688.SH,科创50,week,周K,887.8,966.3848,1001.4885333333333,-8.131833199363248,-11.351955569070249,公开指数日线计算（周K最后实际交易日）
20230928,000688.SH,科创50,month,月K,887.8,1024.496,1158.1159999999998,-13.342755852633893,-23.34101247198034,公开指数日线计算（月K最后实际交易日）
20231013,000688.SH,科创50,week,周K,891.72,958.96275,998.0941333333334,-7.012029403644715,-10.657725537177122,公开指数日线计算（周K最后实际交易日）
20231020,000688.SH,科创50,week,周K,861.809,950.1201500000001,992.9625,-9.294734986938247,-13.208303435426815,公开指数日线计算（周K最后实际交易日）
20231027,000688.SH,科创50,week,周K,861.852,940.5482,986.3246666666666,-8.367056574027787,-12.619847284903486,公开指数日线计算（周K最后实际交易日）
20231031,000688.SH,科创50,month,月K,874.406,1005.73705,1143.1882,-13.058189513849571,-23.5116317680676,公开指数日线计算（月K最后实际交易日）
20231103,000688.SH,科创50,week,周K,875.373,932.6893,979.4524,-6.145272600425455,-10.626284646400375,公开指数日线计算（周K最后实际交易日）
20231110,000688.SH,科创50,week,周K,889.75,924.5326499999999,970.4100333333333,-3.7621873062027467,-8.311953768271351,公开指数日线计算（周K最后实际交易日）
20231117,000688.SH,科创50,week,周K,891.38,918.0905500000001,962.2489333333334,-2.909358995144884,-7.364927190704784,公开指数日线计算（周K最后实际交易日）
20231124,000688.SH,科创50,week,周K,864.774,911.0717500000001,953.8472333333334,-5.081679900622538,-9.338312281103578,公开指数日线计算（周K最后实际交易日）
20231130,000688.SH,科创50,month,月K,865.685,994.4683500000001,1123.9554333333333,-12.949969699890417,-22.97870766702701,公开指数日线计算（月K最后实际交易日）
20231201,000688.SH,科创50,week,周K,867.537,904.8561500000002,946.5028333333335,-4.1243185449974735,-8.342905118966904,公开指数日线计算（周K最后实际交易日）
20231208,000688.SH,科创50,week,周K,868.234,898.6899,940.4743333333333,-3.3889220297234846,-7.681265800980563,公开指数日线计算（周K最后实际交易日）
20231215,000688.SH,科创50,week,周K,847.507,893.2878000000001,934.9210666666667,-5.124977638785633,-9.349887363040132,公开指数日线计算（周K最后实际交易日）
20231222,000688.SH,科创50,week,周K,843.318,887.32145,928.3596333333334,-4.959132904991758,-9.16041911774924,公开指数日线计算（周K最后实际交易日）
20231229,000688.SH,科创50,week,周K,852.005,881.1328,922.1377666666667,-3.3057219070723454,-7.605454326004002,公开指数日线计算（周K最后实际交易日）
20231229,000688.SH,科创50,month,月K,852.005,989.7110499999999,1099.4150333333334,-13.913763011941704,-22.50378845404789,公开指数日线计算（月K最后实际交易日）
20240105,000688.SH,科创50,week,周K,807.729,874.5809999999999,913.9523666666666,-7.643888902228591,-11.622418250754196,公开指数日线计算（周K最后实际交易日）
20240112,000688.SH,科创50,week,周K,778.358,868.28645,905.4792666666667,-10.357002576741813,-14.039114019102527,公开指数日线计算（周K最后实际交易日）
20240119,000688.SH,科创50,week,周K,765.47,863.04,895.8988333333333,-11.30538561364478,-14.55843321595276,公开指数日线计算（周K最后实际交易日）
20240126,000688.SH,科创50,week,周K,746.096,853.60545,886.7613,-12.594747374211357,-15.862814491340572,公开指数日线计算（周K最后实际交易日）
20240131,000688.SH,科创50,month,月K,684.852,972.18785,1069.2028,-29.5555894881838,-35.94741802022966,公开指数日线计算（月K最后实际交易日）
20240202,000688.SH,科创50,week,周K,673.407,842.2005000000001,875.7032,-20.04196150441612,-23.10100043028277,公开指数日线计算（周K最后实际交易日）
20240208,000688.SH,科创50,week,周K,751.504,835.42505,867.6917,-10.045311665002144,-13.39043579649315,公开指数日线计算（周K最后实际交易日）
20240223,000688.SH,科创50,week,周K,764.482,829.5052499999999,860.1224666666666,-7.838799091386095,-11.119401058934475,公开指数日线计算（周K最后实际交易日）
20240229,000688.SH,科创50,month,月K,807.707,957.2898499999999,1048.0872333333332,-15.625659250434953,-22.935136092520537,公开指数日线计算（月K最后实际交易日）
20240301,000688.SH,科创50,week,周K,815.487,825.8896000000001,855.4537333333334,-1.259563021498289,-4.671992391406176,公开指数日线计算（周K最后实际交易日）
20240308,000688.SH,科创50,week,周K,803.2,821.4636,850.1389,-2.223299973364612,-5.5213212805578005,公开指数日线计算（周K最后实际交易日）
20240315,000688.SH,科创50,week,周K,808.674,818.8068499999999,844.5687666666666,-1.2375140730686351,-4.250070341617729,公开指数日线计算（周K最后实际交易日）
20240322,000688.SH,科创50,week,周K,794.201,815.4243,839.7499666666666,-2.602730872749315,-5.42411056560923,公开指数日线计算（周K最后实际交易日）
20240329,000688.SH,科创50,week,周K,762.742,809.7927500000001,835.0330666666666,-5.81022119548491,-8.657269939649492,公开指数日线计算（周K最后实际交易日）
20240329,000688.SH,科创50,month,月K,762.742,940.9812999999998,1027.8881,-18.9418535734982,-25.79523004498252,公开指数日线计算（月K最后实际交易日）
20240403,000688.SH,科创50,week,周K,756.764,803.1434499999999,831.2452333333333,-5.774740490008345,-8.960199751721888,公开指数日线计算（周K最后实际交易日）
20240412,000688.SH,科创50,week,周K,738.43,795.49595,824.7,-7.1736317450767695,-10.460773614647767,公开指数日线计算（周K最后实际交易日）
20240419,000688.SH,科创50,week,周K,730.562,788.78535,819.0018666666667,-7.381393429784156,-10.798493906566598,公开指数日线计算（周K最后实际交易日）
20240426,000688.SH,科创50,week,周K,752.25,783.021,814.5097666666667,-3.929779661081878,-7.643833041003434,公开指数日线计算（周K最后实际交易日）
20240430,000688.SH,科创50,week,周K,767.464,777.9825,810.6626333333334,-1.3520226997393747,-5.328805295453975,公开指数日线计算（周K最后实际交易日）
20240430,000688.SH,科创50,month,月K,767.464,927.8717,1006.9303999999998,-17.287702599400323,-23.781822457639556,公开指数日线计算（月K最后实际交易日）
20240510,000688.SH,科创50,week,周K,767.172,773.9657500000001,806.6417,-0.8777843205594049,-4.893089459669642,公开指数日线计算（周K最后实际交易日）
20240517,000688.SH,科创50,week,周K,754.418,769.5207499999999,802.0649666666667,-1.962617642214315,-5.940537069544948,公开指数日线计算（周K最后实际交易日）
20240524,000688.SH,科创50,week,周K,727.207,763.28085,797.5782333333333,-4.726156826808903,-8.823113569590468,公开指数日线计算（周K最后实际交易日）
20240531,000688.SH,科创50,week,周K,743.228,760.0558,793.6241000000001,-2.214021654725884,-6.350122180009421,公开指数日线计算（周K最后实际交易日）
20240531,000688.SH,科创50,month,月K,743.228,918.0643,982.5142333333333,-19.044014673046327,-24.354480089465714,公开指数日线计算（月K最后实际交易日）
20240607,000688.SH,科创50,week,周K,737.926,758.0342,789.0425333333334,-2.6526771483397438,-6.4782988462472435,公开指数日线计算（周K最后实际交易日）
20240614,000688.SH,科创50,week,周K,754.261,757.4737499999999,784.5262333333334,-0.42414011046586486,-3.8577719963220347,公开指数日线计算（周K最后实际交易日）
20240621,000688.SH,科创50,week,周K,758.374,758.08765,780.0926999999999,0.03777267707762988,-2.784117836252009,公开指数日线计算（周K最后实际交易日）
20240628,000688.SH,科创50,week,周K,712.077,760.02115,775.0028,-6.308265237092414,-8.119428729805877,公开指数日线计算（周K最后实际交易日）
20240628,000688.SH,科创50,month,月K,712.077,903.1518,959.6436666666666,-21.156443468307316,-25.797770075073,公开指数日线计算（月K最后实际交易日）
20240705,000688.SH,科创50,week,周K,698.849,757.3884,769.3798666666665,-7.729112302221686,-9.167235811906682,公开指数日线计算（周K最后实际交易日）
20240712,000688.SH,科创50,week,周K,718.37,755.0827999999999,764.3844000000001,-4.862089296696981,-6.019798415561606,公开指数日线计算（周K最后实际交易日）
20240719,000688.SH,科创50,week,周K,749.471,751.782,761.1165333333333,-0.3074029439385395,-1.5300591727171353,公开指数日线计算（周K最后实际交易日）
20240726,000688.SH,科创50,week,周K,719.87,747.6155,757.0016,-3.711199139129673,-4.905088707870641,公开指数日线计算（周K最后实际交易日）
20240731,000688.SH,科创50,month,月K,743.374,890.3073499999998,943.4486666666667,-16.503665840790806,-21.20673585490961,公开指数日线计算（月K最后实际交易日）
20240802,000688.SH,科创50,week,周K,725.66,743.4648,752.7901,-2.3948410200456016,-3.6039395310857647,公开指数日线计算（周K最后实际交易日）
20240809,000688.SH,科创50,week,周K,705.546,739.03205,749.384,-4.531068713461073,-5.8498713610111714,公开指数日线计算（周K最后实际交易日）
20240816,000688.SH,科创50,week,周K,705.224,736.15615,746.9462000000001,-4.201846306656543,-5.585703495111161,公开指数日线计算（周K最后实际交易日）
20240823,000688.SH,科创50,week,周K,685.759,732.6059,744.2891666666667,-6.394556745993995,-7.863901463029044,公开指数日线计算（周K最后实际交易日）
20240830,000688.SH,科创50,week,周K,694.164,730.3926,742.5581000000001,-4.960154306054032,-6.5172139392190465,公开指数日线计算（周K最后实际交易日）
20240830,000688.SH,科创50,month,月K,694.164,877.0202999999999,924.9346333333332,-20.84972263469842,-24.949939705649093,公开指数日线计算（月K最后实际交易日）
20240906,000688.SH,科创50,week,周K,662.337,726.98135,742.1890999999999,-8.892160713613906,-10.758996595342074,公开指数日线计算（周K最后实际交易日）
20240913,000688.SH,科创50,week,周K,655.046,722.1211500000001,738.9738333333333,-9.288628369353258,-11.357348467232597,公开指数日线计算（周K最后实际交易日）
20240920,000688.SH,科创50,week,周K,648.36,716.16595,735.1031,-9.467910335586316,-11.800127084214452,公开指数日线计算（周K最后实际交易日）
20240927,000688.SH,科创50,week,周K,740.016,714.8081500000001,732.5874,3.5265196682494393,1.0140223541928117,公开指数日线计算（周K最后实际交易日）
20240930,000688.SH,科创50,week,周K,872.365,720.7055,734.8929,21.043200031080644,18.70641286641903,公开指数日线计算（周K最后实际交易日）
20240930,000688.SH,科创50,month,月K,872.365,869.92065,917.6448333333334,0.2809853979210519,-4.934352778825657,公开指数日线计算（月K最后实际交易日）
20241011,000688.SH,科创50,week,周K,898.899,729.2900999999999,737.9004000000001,23.256712246608057,21.818473062218136,公开指数日线计算（周K最后实际交易日）
20241018,000688.SH,科创50,week,周K,978.661,741.0617500000001,744.0490666666667,32.06200427967032,31.53178249176396,公开指数日线计算（周K最后实际交易日）
20241025,000688.SH,科创50,week,周K,991.216,753.7262499999999,751.6648666666666,31.508754007174367,31.869406693922908,公开指数日线计算（周K最后实际交易日）
20241031,000688.SH,科创50,month,月K,969.448,868.8697,918.3880666666666,11.575763316409816,5.559733971572367,公开指数日线计算（月K最后实际交易日）
20241101,000688.SH,科创50,week,周K,939.765,763.00145,757.7649,23.166869473183826,24.018016669814067,公开指数日线计算（周K最后实际交易日）
20241108,000688.SH,科创50,week,周K,1025.637,776.3646,767.3384666666666,32.10764633008769,33.66161668597005,公开指数日线计算（周K最后实际交易日）
20241115,000688.SH,科创50,week,周K,986.876,790.10455,775.8822666666667,24.90448257765381,27.194039920489633,公开指数日线计算（周K最后实际交易日）
20241122,000688.SH,科创50,week,周K,969.353,803.62975,783.1190333333333,20.621841090377746,23.781054825594627,公开指数日线计算（周K最后实际交易日）
20241129,000688.SH,科创50,week,周K,1007.391,818.0808,791.1166,23.14077044712455,27.337866504128485,公开指数日线计算（周K最后实际交易日）
20241129,000688.SH,科创50,month,月K,1007.391,865.1622,917.4572333333333,16.43955318436243,9.802502329173057,公开指数日线计算（月K最后实际交易日）
20241206,000688.SH,科创50,week,周K,1014.446,831.32955,799.3590666666666,22.026938655073657,26.907423997859613,公开指数日线计算（周K最后实际交易日）
20241213,000688.SH,科创50,week,周K,989.776,844.82485,807.2043333333334,17.157538630640424,22.617775837840306,公开指数日线计算（周K最后实际交易日）
20241220,000688.SH,科创50,week,周K,1011.209,859.1022999999999,816.6710666666667,17.705307039685493,23.820843087702535,公开指数日线计算（周K最后实际交易日）
20241227,000688.SH,科创50,week,周K,1018.579,874.7539499999999,825.8494333333333,16.441771997714326,23.337131308398718,公开指数日线计算（周K最后实际交易日）
20241231,000688.SH,科创50,month,月K,988.935,860.2154999999999,913.5661666666666,14.963634112614809,8.249958906461252,公开指数日线计算（月K最后实际交易日）
20250103,000688.SH,科创50,week,周K,941.819,886.5836999999999,832.6458666666666,6.230128074766106,13.1115925393813,公开指数日线计算（周K最后实际交易日）
20250110,000688.SH,科创50,week,周K,950.592,899.8253499999998,839.1902333333334,5.641833718065414,13.27491220008239,公开指数日线计算（周K最后实际交易日）
20250117,000688.SH,科创50,week,周K,965.903,913.4123,846.1078666666667,5.746660078915089,14.158376024238994,公开指数日线计算（周K最后实际交易日）
20250124,000688.SH,科创50,week,周K,974.834,929.0371500000001,854.8664333333332,4.929496091733232,14.033486634734714,公开指数日线计算（周K最后实际交易日）
20250127,000688.SH,科创50,week,周K,955.09,944.03935,863.4078000000001,1.170570908935109,10.618643936272054,公开指数日线计算（周K最后实际交易日）
20250127,000688.SH,科创50,month,月K,955.09,855.2744999999999,909.1053999999999,11.670580614761716,5.058225371887581,公开指数日线计算（月K最后实际交易日）
20250207,000688.SH,科创50,week,周K,1018.799,962.5613,873.4220999999999,5.842505822746036,16.644518154509736,公开指数日线计算（周K最后实际交易日）
20250214,000688.SH,科创50,week,周K,1022.464,976.6836999999999,882.5218666666666,4.687320982217691,15.857072625509282,公开指数日线计算（周K最后实际交易日）
20250221,000688.SH,科创50,week,周K,1094.774,987.8041500000002,895.0186666666666,10.829054524624105,22.318566167707488,公开指数日线计算（周K最后实际交易日）
20250228,000688.SH,科创50,week,周K,1078.798,996.7991,906.7899333333332,8.226221311796934,18.96889900777461,公开指数日线计算（周K最后实际交易日）
20250228,000688.SH,科创50,month,月K,1078.798,858.9568999999999,910.7434666666667,25.593961699358857,18.452455546940705,公开指数日线计算（月K最后实际交易日）
20250307,000688.SH,科创50,week,周K,1107.623,1003.2472,920.1925,10.40379679106007,20.368618522754755,公开指数日线计算（周K最后实际交易日）
20250314,000688.SH,科创50,week,周K,1088.113,1008.09205,932.9554666666666,7.937861428428095,16.630754508325253,公开指数日线计算（周K最后实际交易日）
20250321,000688.SH,科创50,week,周K,1042.893,1013.24845,944.8599333333333,2.9256940881577487,10.375407317867724,公开指数日线计算（周K最后实际交易日）
20250328,000688.SH,科创50,week,周K,1029.476,1013.4404000000001,956.037,1.5822933445321485,7.681606465021762,公开指数日线计算（周K最后实际交易日）
20250331,000688.SH,科创50,month,月K,1022.714,861.6429,913.5214,18.693486594040287,11.952932903378088,公开指数日线计算（月K最后实际交易日）
20250403,000688.SH,科创50,week,周K,1018.072,1015.0002000000001,967.8948333333334,0.3026403344551065,5.184154821227982,公开指数日线计算（周K最后实际交易日）
20250411,000688.SH,科创50,week,周K,1011.709,1017.1179999999998,979.7836000000001,-0.5317967040205596,3.2584133884257627,公开指数日线计算（周K最后实际交易日）
20250418,000688.SH,科创50,week,周K,1008.597,1017.1782999999999,991.7914999999999,-0.8436377378479243,1.6944589664259047,公开指数日线计算（周K最后实际交易日）
20250425,000688.SH,科创50,week,周K,1004.572,1016.6845999999999,1000.6100333333333,-1.191382263486629,0.39595512084444895,公开指数日线计算（周K最后实际交易日）
20250430,000688.SH,科创50,week,周K,1012.417,1017.8166500000001,1005.2784333333333,-0.5305130349361087,0.7101084067820285,公开指数日线计算（周K最后实际交易日）
20250430,000688.SH,科创50,month,月K,1012.417,865.1331,913.5910666666666,17.024420866569546,10.817305131267352,公开指数日线计算（月K最后实际交易日）
20250509,000688.SH,科创50,week,周K,1006.319,1017.5721500000002,1008.8590999999999,-1.1058822708542304,-0.25177946058075884,公开指数日线计算（周K最后实际交易日）
20250516,000688.SH,科创50,week,周K,995.237,1016.40505,1009.4116333333333,-2.0826391997953997,-1.4042470747563152,公开指数日线计算（周K最后实际交易日）
20250523,000688.SH,科创50,week,周K,980.578,1018.3430000000001,1009.0570333333334,-3.708475435094083,-2.8223412941541404,公开指数日线计算（周K最后实际交易日）
20250530,000688.SH,科创50,week,周K,977.027,1019.6647500000001,1010.2991,-4.181545944390064,-3.2932920557882217,公开指数日线计算（周K最后实际交易日）
20250530,000688.SH,科创50,month,月K,977.027,869.5944499999999,912.8165333333333,12.35432792838087,7.0343233631176005,公开指数日线计算（月K最后实际交易日）
20250606,000688.SH,科创50,week,周K,991.642,1020.9517000000002,1009.1659333333333,-2.870821411042279,-1.7364769018164083,公开指数日线计算（周K最后实际交易日）
20250613,000688.SH,科创50,week,周K,972.941,1020.85705,1008.7014333333333,-4.693708095565386,-3.545195054909367,公开指数日线计算（周K最后实际交易日）
20250620,000688.SH,科创50,week,周K,957.872,1020.99615,1008.3187333333334,-6.182604116577717,-5.003054259099693,公开指数日线计算（周K最后实际交易日）
20250627,000688.SH,科创50,week,周K,988.211,1019.4667499999999,1007.6794000000001,-3.0658920460132633,-1.9320033732951214,公开指数日线计算（周K最后实际交易日）
20250630,000688.SH,科创50,month,月K,1003.414,876.04485,914.2668333333334,14.539112923270991,9.750672715715192,公开指数日线计算（月K最后实际交易日）
20250704,000688.SH,科创50,week,周K,984.802,1017.5836499999999,1006.6912666666667,-3.221518938516743,-2.174377328130195,公开指数日线计算（周K最后实际交易日）
20250711,000688.SH,科创50,week,周K,994.448,1012.5673499999999,1006.847,-1.7894464007752076,-1.231468137661429,公开指数日线计算（周K最后实际交易日）
20250718,000688.SH,科创50,week,周K,1007.525,1009.0037,1006.7242,-0.14655050323403307,0.07954512268604219,公开指数日线计算（周K最后实际交易日）
20250725,000688.SH,科创50,week,周K,1054.196,1006.33235,1007.9114333333332,4.756246780698237,4.592126365071159,公开指数日线计算（周K最后实际交易日）
20250731,000688.SH,科创50,month,月K,1047.87,885.1541000000001,915.3839,18.382776513151743,14.473282739624317,公开指数日线计算（月K最后实际交易日）
20250801,000688.SH,科创50,week,周K,1036.775,1003.7654500000001,1011.0766333333333,3.2885720463879275,2.5416833719066334,公开指数日线计算（周K最后实际交易日）
20250808,000688.SH,科创50,week,周K,1043.537,1003.7976499999999,1014.1748000000001,3.958900481586114,2.8951813829331874,公开指数日线计算（周K最后实际交易日）
20250815,000688.SH,科创50,week,周K,1101.293,1007.3885,1018.6877999999999,9.321577524460501,8.108980985145786,公开指数日线计算（周K最后实际交易日）
20250822,000688.SH,科创50,week,周K,1247.862,1018.878,1027.7887333333333,22.474133311348375,21.412305810448352,公开指数日线计算（周K最后实际交易日）
20250829,000688.SH,科创50,week,周K,1341.311,1035.3581,1040.6627666666668,29.550442499073505,28.89007303454658,公开指数日线计算（周K最后实际交易日）
20250829,000688.SH,科创50,month,月K,1341.311,909.6193999999999,927.0787,47.45848648346771,44.681460160825594,公开指数日线计算（月K最后实际交易日）
20250905,000688.SH,科创50,week,周K,1268.552,1048.35585,1048.9878666666668,21.003951091606908,20.93104604069773,公开指数日线计算（周K最后实际交易日）
20250912,000688.SH,科创50,week,周K,1338.018,1065.0281499999999,1059.5063333333335,25.632172257606545,26.286927968654574,公开指数日线计算（周K最后实际交易日）
20250919,000688.SH,科创50,week,周K,1362.649,1082.53975,1068.4355,25.87519303563679,27.536851780009176,公开指数日线计算（周K最后实际交易日）
20250926,000688.SH,科创50,week,周K,1450.824,1104.7649999999999,1080.8363666666667,31.32421827266434,34.2316047779172,公开指数日线计算（周K最后实际交易日）
20250930,000688.SH,科创50,week,周K,1495.288,1129.76755,1093.7585333333334,32.35359787064163,36.71097910824679,公开指数日线计算（周K最后实际交易日）
20250930,000688.SH,科创50,month,月K,1495.288,950.1412,940.8702666666666,57.375345895957366,58.92605526769756,公开指数日线计算（月K最后实际交易日）
20251010,000688.SH,科创50,week,周K,1452.675,1153.3724,1105.9106,25.950213478318005,31.355554418232366,公开指数日线计算（周K最后实际交易日）
20251017,000688.SH,科创50,week,周K,1363.168,1172.67945,1116.5864333333334,16.24387209991611,22.083518060536456,公开指数日线计算（周K最后实际交易日）
20251024,000688.SH,科创50,week,周K,1462.222,1196.2084499999999,1131.0113,22.238059762911732,29.284473108270447,公开指数日线计算（周K最后实际交易日）
20251031,000688.SH,科创50,week,周K,1415.525,1218.33765,1144.2597333333333,16.184950863170002,23.706616493131882,公开指数日线计算（周K最后实际交易日）
20251031,000688.SH,科创50,month,月K,1415.525,980.5321,951.7921333333333,44.36294334474109,48.72207390941525,公开指数日线计算（月K最后实际交易日）
20251107,000688.SH,科创50,week,周K,1415.686,1241.2283499999999,1157.7256333333332,14.05524213171574,22.281649402885307,公开指数日线计算（周K最后实际交易日）
20251114,000688.SH,科创50,week,周K,1361.232,1259.8794,1169.4801333333335,8.044627128596593,16.39633382399768,公开指数日线计算（周K最后实际交易日）
20251121,000688.SH,科创50,week,周K,1285.83,1274.9308,1178.8554000000001,0.8548856141839201,9.074446280688854,公开指数日线计算（周K最后实际交易日）
20251128,000688.SH,科创50,week,周K,1327.149,1291.56585,1189.3464666666666,2.7550395514096326,11.586407930360853,公开指数日线计算（周K最后实际交易日）
20251128,000688.SH,科创50,month,月K,1327.149,1008.75245,960.9001000000001,31.563397937720005,38.11519012226139,公开指数日线计算（月K最后实际交易日）
20251205,000688.SH,科创50,week,周K,1326.101,1307.49465,1200.0058666666666,1.4230536239670188,10.507876405937576,公开指数日线计算（周K最后实际交易日）
20251212,000688.SH,科创50,week,周K,1348.881,1322.2288999999998,1211.794,2.015694861910844,11.312731371833816,公开指数日线计算（周K最后实际交易日）
20251219,000688.SH,科创50,week,周K,1308.589,1335.8196,1222.7277,-2.0384938205727843,7.0221113008235525,公开指数日线计算（周K最后实际交易日）
20251226,000688.SH,科创50,week,周K,1345.827,1350.9341,1235.0210333333334,-0.3780421265552447,8.97199024761548,公开指数日线计算（周K最后实际交易日）
20251231,000688.SH,科创50,week,周K,1344.2,1363.07945,1246.7729666666667,-1.3850586625746564,7.814336365810948,公开指数日线计算（周K最后实际交易日）
20251231,000688.SH,科创50,month,月K,1344.2,1037.58925,972.2017666666667,29.550301335523677,38.26348049220098,公开指数日线计算（月K最后实际交易日）
20260109,000688.SH,科创50,week,周K,1475.968,1374.48475,1263.5405333333333,7.383366748885356,16.812081691298353,公开指数日线计算（周K最后实际交易日）
20260116,000688.SH,科创50,week,周K,1514.068,1383.1226000000001,1282.0803999999998,9.467374764897919,18.0946218349489,公开指数日线计算（周K最后实际交易日）
20260123,000688.SH,科创50,week,周K,1553.707,1397.38035,1300.9302666666667,11.187122389405314,19.43045986477163,公开指数日线计算（周K最后实际交易日）
20260130,000688.SH,科创50,week,周K,1509.402,1405.94955,1318.4169333333334,7.358190768651696,14.485938540231125,公开指数日线计算（周K最后实际交易日）
20260130,000688.SH,科创50,month,月K,1509.402,1075.89795,990.2153666666667,40.292301886066426,52.43168817719486,公开指数日线计算（月K最后实际交易日）
20260206,000688.SH,科创50,week,周K,1422.406,1408.9374,1332.6822,0.9559402710155762,6.7325728519522565,公开指数日线计算（周K最后实际交易日）
20260213,000688.SH,科创50,week,周K,1470.333,1409.91285,1348.1091333333336,4.285381894349016,9.066318419225894,公开指数日线计算（周K最后实际交易日）
20260227,000688.SH,科创50,week,周K,1488.023,1409.5495999999998,1362.5700333333332,5.567267728641845,9.207083936798742,公开指数日线计算（周K最后实际交易日）
20260227,000688.SH,科创50,month,月K,1488.023,1114.69525,1008.3956999999999,33.49146324970882,47.56340194627961,公开指数日线计算（月K最后实际交易日）
20260306,000688.SH,科创50,week,周K,1414.394,1407.63555,1375.1573333333333,0.48012782854198743,2.8532492766888184,公开指数日线计算（周K最后实际交易日）
20260313,000688.SH,科创50,week,周K,1373.636,1408.1589499999998,1386.1606333333334,-2.451637295633413,-0.9035484800354765,公开指数日线计算（周K最后实际交易日）
20260320,000688.SH,科创50,week,周K,1318.307,1400.9632,1393.3944333333334,-5.899955116594057,-5.388813930719261,公开指数日线计算（周K最后实际交易日）
20260327,000688.SH,科创50,week,周K,1300.756,1395.2247499999999,1395.1575666666665,-6.770862543830292,-6.766373126743829,公开指数日线计算（周K最后实际交易日）
20260331,000688.SH,科创50,month,月K,1256.327,1140.3429,1020.6799333333332,10.17098453456411,23.08726359467961,公开指数日线计算（月K最后实际交易日）
20260403,000688.SH,科创50,week,周K,1256.21,1387.25095,1392.3208666666665,-9.446088323096847,-9.775826099089313,公开指数日线计算（周K最后实际交易日）
20260410,000688.SH,科创50,week,周K,1364.495,1387.4141,1395.5189666666668,-1.651929297821042,-2.223113222228046,公开指数日线计算（周K最后实际交易日）
20260417,000688.SH,科创50,week,周K,1423.351,1394.29015,1398.3634,2.0842756437747356,1.7869174779603147,公开指数日线计算（周K最后实际交易日）
20260424,000688.SH,科创50,week,周K,1453.685,1400.61695,1401.3979333333334,3.7889053106204162,3.731064919033922,公开指数日线计算（周K最后实际交易日）
20260430,000688.SH,科创50,week,周K,1571.065,1412.86515,1405.4059666666667,11.19709478289559,11.787272664441751,公开指数日线计算（周K最后实际交易日）
20260430,000688.SH,科创50,month,月K,1571.065,1184.18795,1043.9019,32.67024039553856,50.49929500080419,公开指数日线计算（月K最后实际交易日）
20260508,000688.SH,科创50,week,周K,1640.46,1427.4441000000002,1410.2450333333334,14.922889099475057,16.324465693916878,公开指数日线计算（周K最后实际交易日）
20260515,000688.SH,科创50,week,周K,1696.261,1446.8277000000003,1418.3645666666666,17.24001413575367,19.59273658298053,公开指数日线计算（周K最后实际交易日）
20260522,000688.SH,科创50,week,周K,1790.771,1469.0749,1432.618,21.89786919645824,24.999895296582906,公开指数日线计算（周K最后实际交易日）
20260529,000688.SH,科创50,week,周K,1751.323,1489.43105,1442.2547,17.583355067023753,21.42952281590762,公开指数日线计算（周K最后实际交易日）
20260529,000688.SH,科创50,month,月K,1751.323,1228.1358500000001,1073.4231666666667,42.60010405200694,63.15308392667136,公开指数日线计算（月K最后实际交易日）
20260605,000688.SH,科创50,week,周K,1668.329,1499.0491,1450.6815,11.292485349545922,15.003120946948044,公开指数日线计算（周K最后实际交易日）
20260612,000688.SH,科创50,week,周K,1663.221,1506.50675,1458.9326666666668,10.402492388434359,14.002588193469268,公开指数日线计算（周K最后实际交易日）
20260618,000688.SH,科创50,week,周K,1911.513,1524.39705,1477.2753666666665,25.394692937774966,29.394494969015163,公开指数日线计算（周K最后实际交易日）
20260626,000688.SH,科创50,week,周K,2032.284,1550.54115,1502.1571666666666,31.069336663525515,35.29103645723713,公开指数日线计算（周K最后实际交易日）
20260630,000688.SH,科创50,month,月K,2207.865,1290.0567,1118.6185,71.14480317027923,97.374261198076,公开指数日线计算（月K最后实际交易日）
20260703,000688.SH,科创50,week,周K,1975.6,1578.20085,1523.7721999999999,25.180518056367784,29.651925661854193,公开指数日线计算（周K最后实际交易日）
20260710,000688.SH,科创50,week,周K,2064.976,1607.9330000000002,1548.4013666666665,28.424256483323607,33.36180427464966,公开指数日线计算（周K最后实际交易日）
20260717,000688.SH,科创50,week,周K,1715.404,1619.30205,1560.6188000000002,5.9347760351442735,9.918193988179546,公开指数日线计算（周K最后实际交易日）
20260724,000688.SH,科创50,week,周K,1787.196,1637.94215,1576.5723666666668,9.112278476990166,13.359591845355823,公开指数日线计算（周K最后实际交易日）
20260731,000688.SH,科创50,week,周K,1635.962,1651.05845,1586.2435333333333,-0.9143498220792856,3.134352678001995,公开指数日线计算（周K最后实际交易日）
20260731,000688.SH,科创50,month,月K,1635.962,1321.4852500000002,1150.3221666666666,23.79721983276013,42.217723643506844,公开指数日线计算（月K最后实际交易日）
20260807,000688.SH,科创50,week,周K,1744.024,1672.3443,1599.5710000000001,4.286180782270721,9.030733865517671,公开指数日线计算（周K最后实际交易日）
20260814,000688.SH,科创50,week,周K,1717.679,1693.19045,1607.6280333333334,1.446296250962198,6.845549118628003,公开指数日线计算（周K最后实际交易日）
20260821,000688.SH,科创50,week,周K,1653.555,1713.0577,1612.2776000000001,-3.4734790310915975,2.5601918677031765,公开指数日线计算（周K最后实际交易日）
20260828,000688.SH,科创50,week,周K,1662.149,1727.9404,1615.8923333333332,-3.8075040088188294,2.862608214202389,公开指数日线计算（周K最后实际交易日）
20260831,000688.SH,科创50,month,月K,1684.387,1356.25785,1179.5448333333334,24.1937143442156,42.79974379947971,公开指数日线计算（月K最后实际交易日）
20260904,000688.SH,科创50,week,周K,1577.361,1735.6408999999999,1618.1576333333333,-9.11939215076113,-2.5211779429235137,公开指数日线计算（周K最后实际交易日）
20260904,000688.SH,科创50,month,月K,1577.361,1387.3714,1206.6988,13.694213387994015,30.71704388866552,公开指数日线计算（月K最后实际交易日）
20200103,399001.SZ,深证成指,week,周K,10656.406,,,,,公开指数日线计算（周K最后实际交易日）
20200110,399001.SZ,深证成指,week,周K,10879.843,,,,,公开指数日线计算（周K最后实际交易日）
20200117,399001.SZ,深证成指,week,周K,10954.388,,,,,公开指数日线计算（周K最后实际交易日）
20200123,399001.SZ,深证成指,week,周K,10681.904,,,,,公开指数日线计算（周K最后实际交易日）
20200123,399001.SZ,深证成指,month,月K,10681.904,,,,,公开指数日线计算（月K最后实际交易日）
20200207,399001.SZ,深证成指,week,周K,10611.551,,,,,公开指数日线计算（周K最后实际交易日）
20200214,399001.SZ,深证成指,week,周K,10916.312,,,,,公开指数日线计算（周K最后实际交易日）
20200221,399001.SZ,深证成指,week,周K,11629.698,,,,,公开指数日线计算（周K最后实际交易日）
20200228,399001.SZ,深证成指,week,周K,10980.774,,,,,公开指数日线计算（周K最后实际交易日）
20200228,399001.SZ,深证成指,month,月K,10980.774,,,,,公开指数日线计算（月K最后实际交易日）
20200306,399001.SZ,深证成指,week,周K,11582.815,,,,,公开指数日线计算（周K最后实际交易日）
20200313,399001.SZ,深证成指,week,周K,10831.125,,,,,公开指数日线计算（周K最后实际交易日）
20200320,399001.SZ,深证成指,week,周K,10150.125,,,,,公开指数日线计算（周K最后实际交易日）
20200327,399001.SZ,深证成指,week,周K,10109.906,,,,,公开指数日线计算（周K最后实际交易日）
20200331,399001.SZ,深证成指,month,月K,9962.305,,,,,公开指数日线计算（月K最后实际交易日）
20200403,399001.SZ,深证成指,week,周K,10110.113,,,,,公开指数日线计算（周K最后实际交易日）
20200410,399001.SZ,深证成指,week,周K,10298.413,,,,,公开指数日线计算（周K最后实际交易日）
20200417,399001.SZ,深证成指,week,周K,10527.99,,,,,公开指数日线计算（周K最后实际交易日）
20200424,399001.SZ,深证成指,week,周K,10423.462,,,,,公开指数日线计算（周K最后实际交易日）
20200430,399001.SZ,深证成指,week,周K,10721.779,,,,,公开指数日线计算（周K最后实际交易日）
20200430,399001.SZ,深证成指,month,月K,10721.779,,,,,公开指数日线计算（月K最后实际交易日）
20200508,399001.SZ,深证成指,week,周K,11001.579,,,,,公开指数日线计算（周K最后实际交易日）
20200515,399001.SZ,深证成指,week,周K,10964.892,,,,,公开指数日线计算（周K最后实际交易日）
20200522,399001.SZ,深证成指,week,周K,10604.966,10731.90205,,-1.1827917307538294,,公开指数日线计算（周K最后实际交易日）
20200529,399001.SZ,深证成指,week,周K,10746.076,10736.38555,,0.09025802915580972,,公开指数日线计算（周K最后实际交易日）
20200529,399001.SZ,深证成指,month,月K,10746.076,,,,,公开指数日线计算（月K最后实际交易日）
20200605,399001.SZ,深证成指,week,周K,11180.598,10751.423299999999,,3.9917942771353854,,公开指数日线计算（周K最后实际交易日）
20200612,399001.SZ,深证成指,week,周K,11251.708,10766.2893,,4.508690844857766,,公开指数日线计算（周K最后实际交易日）
20200619,399001.SZ,深证成指,week,周K,11668.133,10815.600750000001,,7.882430848790323,,公开指数日线计算（周K最后实际交易日）
20200624,399001.SZ,深证成指,week,周K,11813.528,10875.6996,,8.623154688825728,,公开指数日线计算（周K最后实际交易日）
20200630,399001.SZ,深证成指,month,月K,11992.347,,,,,公开指数日线计算（月K最后实际交易日）
20200703,399001.SZ,深证成指,week,周K,12433.265,10951.54725,,13.529757176548717,,公开指数日线计算（周K最后实际交易日）
20200710,399001.SZ,深证成指,week,周K,13671.244,11053.624549999999,,23.681096079927944,,公开指数日线计算（周K最后实际交易日）
20200717,399001.SZ,深证成指,week,周K,13114.938,11160.332750000001,,17.51386176187264,,公开指数日线计算（周K最后实际交易日）
20200724,399001.SZ,深证成指,week,周K,12935.697,11227.976850000001,,15.209509004286904,,公开指数日线计算（周K最后实际交易日）
20200731,399001.SZ,深证成指,week,周K,13637.883,11368.314750000001,11236.370366666666,19.963981468757265,21.372672446411677,公开指数日线计算（周K最后实际交易日）
20200731,399001.SZ,深证成指,month,月K,13637.883,,,,,公开指数日线计算（月K最后实际交易日）
20200807,399001.SZ,深证成指,week,周K,13648.5,11543.2335,11336.106833333331,18.238100268871804,20.39847719030996,公开指数日线计算（周K最后实际交易日）
20200814,399001.SZ,深证成指,week,周K,13489.01,11712.1887,11423.079066666665,15.170702466567999,18.085587268338756,公开指数日线计算（周K最后实际交易日）
20200821,399001.SZ,深证成指,week,周K,13478.0,11880.583050000001,11507.199466666667,13.44561073540913,17.126673949141356,公开指数日线计算（周K最后实际交易日）
20200828,399001.SZ,深证成指,week,周K,13851.324,12058.2286,11612.8468,14.870305245332638,19.275869548197267,公开指数日线计算（周K最后实际交易日）
20200831,399001.SZ,深证成指,month,月K,13758.228,,,,,公开指数日线计算（月K最后实际交易日）
20200904,399001.SZ,深证成指,week,周K,13656.657,12214.66195,11714.350333333334,11.805443784713177,16.580575203900196,公开指数日线计算（周K最后实际交易日）
20200911,399001.SZ,深证成指,week,周K,12942.949,12340.6363,11781.9049,4.880726450061568,9.85446843998885,公开指数日线计算（周K最后实际交易日）
20200918,399001.SZ,深证成指,week,周K,13245.09,12466.80185,11835.7513,6.2428853796212325,11.907471391359836,公开指数日线计算（周K最后实际交易日）
20200925,399001.SZ,深证成指,week,周K,12814.174,12557.4316,11896.864633333334,2.0445454785515293,7.710513609581593,公开指数日线计算（周K最后实际交易日）
20200930,399001.SZ,深证成指,week,周K,12907.448,12654.5594,11941.019066666666,1.9983990908446714,8.093353908387257,公开指数日线计算（周K最后实际交易日）
20200930,399001.SZ,深证成指,month,月K,12907.448,,,,,公开指数日线计算（月K最后实际交易日）
20201009,399001.SZ,深证成指,week,周K,13289.262,12788.7742,12022.956966666668,3.913493132125212,10.532392628902599,公开指数日线计算（周K最后实际交易日）
20201016,399001.SZ,深证成指,week,周K,13532.729,12928.10685,12135.710433333334,4.676803471809166,11.511633985839453,公开指数日线计算（周K最后实际交易日）
20201023,399001.SZ,深证成指,week,周K,13128.455,13025.4997,12236.328733333334,0.7904134380349204,7.290800092975602,公开指数日线计算（周K最后实际交易日）
20201030,399001.SZ,深证成指,week,周K,13236.601,13124.744349999999,12340.545,0.8522577432146461,7.261073153576292,公开指数日线计算（周K最后实际交易日）
20201030,399001.SZ,深证成指,month,月K,13236.601,,,,,公开指数日线计算（月K最后实际交易日）
20201106,399001.SZ,深证成指,week,周K,13838.422,13233.2588,12458.5453,4.573047418977416,11.075744934683506,公开指数日线计算（周K最后实际交易日）
20201113,399001.SZ,深证成指,week,周K,13754.554,13330.310099999999,12566.097433333334,3.182550869540557,9.457642461963722,公开指数日线计算（周K最后实际交易日）
20201120,399001.SZ,深证成指,week,周K,13852.418,13401.267749999999,12680.395966666667,3.3664744143329317,9.24278734208508,公开指数日线计算（周K最后实际交易日）
20201127,399001.SZ,深证成指,week,周K,13690.884,13402.249749999999,12779.366133333333,2.153625364278877,7.13273144502129,公开指数日线计算（周K最后实际交易日）
20201130,399001.SZ,深证成指,month,月K,13670.11,,,,,公开指数日线计算（月K最后实际交易日）
20201204,399001.SZ,深证成指,week,周K,14026.656,13447.835649999999,12880.202033333333,4.304189648540224,8.900900495968166,公开指数日线计算（周K最后实际交易日）
20201211,399001.SZ,深证成指,week,周K,13555.145,13478.808050000001,12966.543800000001,0.5663479271818872,4.539383887323933,公开指数日线计算（周K最后实际交易日）
20201218,399001.SZ,深证成指,week,周K,13854.12,13489.6199,13074.848933333333,2.702078358783111,5.960077019933863,公开指数日线计算（周K最后实际交易日）
20201225,399001.SZ,深证成指,week,周K,14017.057,13508.047750000002,13183.881633333333,3.7681925576551034,6.319651448933805,公开指数日线计算（周K最后实际交易日）
20201231,399001.SZ,深证成指,week,周K,14470.684,13557.13145,13293.551166666666,6.738538704660857,8.854916331799823,公开指数日线计算（周K最后实际交易日）
20201231,399001.SZ,深证成指,month,月K,14470.684,,,,,公开指数日线计算（月K最后实际交易日）
20210108,399001.SZ,深证成指,week,周K,15319.291,13649.196,13429.137266666667,12.235848910074987,14.075019830387813,公开指数日线计算（周K最后实际交易日）
20210115,399001.SZ,深证成指,week,周K,15031.703,13708.21495,13541.256266666667,9.654707449710664,11.006709451339724,公开指数日线计算（周K最后实际交易日）
20210122,399001.SZ,深证成指,week,周K,15628.73,13806.818599999999,13668.429666666667,13.19573648921557,14.341810882005968,公开指数日线计算（周K最后实际交易日）
20210129,399001.SZ,深证成指,week,周K,14821.994,13900.77085,13748.053966666666,6.627137156210305,7.811578540040598,公开指数日线计算（周K最后实际交易日）
20210129,399001.SZ,深证成指,month,月K,14821.994,,,,,公开指数日线计算（月K最后实际交易日）
20210205,399001.SZ,深证成指,week,周K,15007.295,13988.881099999999,13792.589000000002,7.28016696060132,8.806946977104868,公开指数日线计算（周K最后实际交易日）
20210210,399001.SZ,深证成指,week,周K,15962.25,14146.284899999999,13887.499399999999,12.837046000678253,14.939698935288526,公开指数日线计算（周K最后实际交易日）
20210219,399001.SZ,深证成指,week,周K,15823.105,14292.067750000002,13983.746333333334,10.71249644754866,13.153547145532452,公开指数日线计算（周K最后实际交易日）
20210226,399001.SZ,深证成指,week,周K,14507.445,14352.9769,14012.731733333336,1.0762094935163002,3.530455560566015,公开指数日线计算（周K最后实际交易日）
20210226,399001.SZ,深证成指,month,月K,14507.445,,,,,公开指数日线计算（月K最后实际交易日）
20210305,399001.SZ,深证成指,week,周K,14412.312,14396.956049999999,14038.192133333334,0.10666108826526965,2.6650145767582734,公开指数日线计算（周K最后实际交易日）
20210312,399001.SZ,深证成指,week,周K,13897.025,14435.384549999999,14051.792633333334,-3.7294437715550743,-1.1014084634738963,公开指数日线计算（周K最后实际交易日）
20210319,399001.SZ,深证成指,week,周K,13606.002,14453.8546,14056.059366666666,-5.8659272800488775,-3.201874401113858,公开指数日线计算（周K最后实际交易日）
20210326,399001.SZ,深证成指,week,周K,13769.683,14450.41765,14053.338,-4.7108302783206994,-2.0184172614363893,公开指数日线计算（周K最后实际交易日）
20210331,399001.SZ,深证成指,month,月K,13778.67,,,,,公开指数日线计算（月K最后实际交易日）
20210402,399001.SZ,深证成指,week,周K,14122.613,14468.820600000001,14068.869866666668,-2.392783832014622,0.38200035854099035,公开指数日线计算（周K最后实际交易日）
20210409,399001.SZ,深证成指,week,周K,13813.31,14466.8652,14097.881900000002,-4.517600675507783,-2.0185436508728505,公开指数日线计算（周K最后实际交易日）
20210416,399001.SZ,深证成指,week,周K,13720.743,14468.35815,14113.737,-5.16724249046876,-2.784478696180881,公开指数日线计算（周K最后实际交易日）
20210423,399001.SZ,深证成指,week,周K,14351.855,14484.618100000002,14164.993033333334,-0.9165799131424901,1.3191814936085011,公开指数日线计算（周K最后实际交易日）
20210430,399001.SZ,深证成指,week,周K,14438.567,14528.7892,14216.030333333334,-0.6209891186252481,1.5653924580117717,公开指数日线计算（周K最后实际交易日）
20210430,399001.SZ,深证成指,month,月K,14438.567,,,,,公开指数日线计算（月K最后实际交易日）
20210507,399001.SZ,深证成指,week,周K,13933.809,14532.77365,14237.515233333334,-4.121475118412787,-2.133140708585779,公开指数日线计算（周K最后实际交易日）
20210514,399001.SZ,深证成指,week,周K,14208.783,14542.359950000002,14260.050366666666,-2.2938295513721063,-0.3595174305029536,公开指数日线计算（周K最后实际交易日）
20210521,399001.SZ,深证成指,week,周K,14417.457,14539.6986,14303.0171,-0.8407437001479501,0.8001102089153056,公开指数日线计算（周K最后实际交易日）
20210528,399001.SZ,深证成指,week,周K,14852.878,14516.377949999998,14356.893,2.318071706034641,3.4546820123267707,公开指数日线计算（周K最后实际交易日）
20210531,399001.SZ,深证成指,month,月K,14996.377,,,,,公开指数日线计算（月K最后实际交易日）
20210604,399001.SZ,深证成指,week,周K,14870.914,14508.338500000002,14391.3094,2.4990835442666226,3.33259876964358,公开指数日线计算（周K最后实际交易日）
20210611,399001.SZ,深证成指,week,周K,14801.24,14466.964000000002,14426.198933333333,2.310616104387897,2.5997219946835237,公开指数日线计算（周K最后实际交易日）
20210618,399001.SZ,深证成指,week,周K,14583.668,14455.047700000001,14450.573933333333,0.8897950575424085,0.9210296233262971,公开指数日线计算（周K最后实际交易日）
20210625,399001.SZ,深证成指,week,周K,15003.85,14454.875449999998,14494.339466666666,3.797850433917116,3.515238031405854,公开指数日线计算（周K最后实际交易日）
20210630,399001.SZ,深证成指,month,月K,15161.702,,,,,公开指数日线计算（月K最后实际交易日）
20210702,399001.SZ,深证成指,week,周K,14670.711,14390.298499999999,14515.807966666667,1.9486218440847525,1.0671333878833567,公开指数日线计算（周K最后实际交易日）
20210709,399001.SZ,深证成指,week,周K,14844.356,14341.361049999998,14558.781666666666,3.5073027465548856,1.9615263136143923,公开指数日线计算（周K最后实际交易日）
20210716,399001.SZ,深证成指,week,周K,14972.214,14364.5995,14596.051466666666,4.229943897844146,2.5771526922358845,公开指数日线计算（周K最后实际交易日）
20210723,399001.SZ,深证成指,week,周K,15028.567,14395.41225,14629.768466666666,4.398309259951905,2.725938788723692,公开指数日线计算（周K最后实际交易日）
20210730,399001.SZ,深证成指,week,周K,14473.21,14424.2215,14629.852666666668,0.339626648134872,-1.070705701798147,公开指数日线计算（周K最后实际交易日）
20210730,399001.SZ,深证成指,month,月K,14473.21,,,,,公开指数日线计算（月K最后实际交易日）
20210806,399001.SZ,深证成指,week,周K,14827.41,14485.2919,14613.456633333331,2.3618308996589787,1.4640845902169408,公开指数日线计算（周K最后实际交易日）
20210813,399001.SZ,深证成指,week,周K,14799.032,14536.759349999998,14605.700933333334,1.8042030117255914,1.3236685288101624,公开指数日线计算（周K最后实际交易日）
20210820,399001.SZ,深证成指,week,周K,14253.535,14543.305449999996,14559.8611,-1.9924662312582941,-2.103908120387221,公开指数日线计算（周K最后实际交易日）
20210827,399001.SZ,深证成指,week,周K,14436.896,14574.484749999998,14547.0245,-0.9440385190975453,-0.7570517255951481,公开指数日线计算（周K最后实际交易日）
20210831,399001.SZ,深证成指,month,月K,14328.382,13163.6243,,8.848305553661229,,公开指数日线计算（月K最后实际交易日）
20210903,399001.SZ,深证成指,week,周K,14179.864,14597.4408,14519.443466666666,-2.860616499297608,-2.338791203989765,公开指数日线计算（周K最后实际交易日）
20210910,399001.SZ,深证成指,week,周K,14771.871,14618.4416,14479.764166666668,1.049560576963282,2.0173452410625625,公开指数日线计算（周K最后实际交易日）
20210917,399001.SZ,深证成指,week,周K,14359.358,14614.481149999998,14430.9726,-1.7456873588700628,-0.4962562260010017,公开指数日线计算（周K最后实际交易日）
20210924,399001.SZ,深证成指,week,周K,14357.846,14635.682999999999,14425.985966666665,-1.8983534967244031,-0.4723418338553276,公开指数日线计算（周K最后实际交易日）
20210930,399001.SZ,深证成指,week,周K,14309.013,14640.694500000001,14422.542666666668,-2.265476545528633,-0.7871681803310326,公开指数日线计算（周K最后实际交易日）
20210930,399001.SZ,深证成指,month,月K,14309.013,13344.979749999999,,7.223939399383528,,公开指数日线计算（月K最后实际交易日）
20211008,399001.SZ,深证成指,week,周K,14414.159,14640.5296,14439.780466666667,-1.5461913344992695,-0.17743667728060686,公开指数日线计算（周K最后实际交易日）
20211015,399001.SZ,深证成指,week,周K,14415.992,14618.685300000001,14466.780133333332,-1.3865357646080545,-0.35106729255053315,公开指数日线计算（周K最后实际交易日）
20211022,399001.SZ,深证成指,week,周K,14492.821,14599.780649999997,14490.884733333332,-0.7326113491985753,0.013361963070579463,公开指数日线计算（周K最后实际交易日）
20211029,399001.SZ,深证成指,week,周K,14451.382,14582.28775,14501.8437,-0.8977037913683983,-0.3479674794729659,公开指数日线计算（周K最后实际交易日）
20211029,399001.SZ,深证成指,month,月K,14451.382,13518.510150000002,,6.900700148529304,,公开指数日线计算（月K最后实际交易日）
20211105,399001.SZ,深证成指,week,周K,14462.622,14576.235449999998,14523.487433333332,-0.7794430214146941,-0.41908276929161214,公开指数日线计算（周K最后实际交易日）
20211112,399001.SZ,深证成指,week,周K,14705.368,14561.31135,14556.308266666667,0.989310966144541,1.024021548613896,公开指数日线计算（周K最后实际交易日）
20211119,399001.SZ,深证成指,week,周K,14752.486,14565.400099999999,14569.662633333332,1.2844542457848496,1.2548222376020934,公开指数日线计算（周K最后实际交易日）
20211126,399001.SZ,深证成指,week,周K,14777.171,14562.040850000001,14580.949433333333,1.4773351634980392,1.345739298828419,公开指数日线计算（周K最后实际交易日）
20211130,399001.SZ,深证成指,month,月K,14795.734,13760.1816,,7.525717538495291,,公开指数日线计算（月K最后实际交易日）
20211203,399001.SZ,深证成指,week,周K,14892.053,14558.032799999997,14612.890899999999,2.2944047769970943,1.910382428161439,公开指数日线计算（周K最后实际交易日）
20211210,399001.SZ,深证成指,week,周K,15111.562,14562.182550000001,14642.983533333334,3.7726449872035106,3.200020443921092,公开指数日线计算（周K最后实际交易日）
20211217,399001.SZ,深证成指,week,周K,14867.554,14581.89975,14657.986766666667,1.9589645718144588,1.4297136207675143,公开指数日线计算（周K最后实际交易日）
20211224,399001.SZ,深证成指,week,周K,14710.328,14576.04565,14653.2351,0.9212536323251586,0.38962658832928376,公开指数日线计算（周K最后实际交易日）
20211231,399001.SZ,深证成指,week,周K,14857.346,14578.961350000001,14652.782833333333,1.9094957680232616,1.396070418796569,公开指数日线计算（周K最后实际交易日）
20211231,399001.SZ,深证成指,month,月K,14857.346,13966.95995,,6.374945250702169,,公开指数日线计算（月K最后实际交易日）
20220107,399001.SZ,深证成指,week,周K,14343.654,14583.4673,14637.529966666665,-1.6444189510405383,-2.0076882324811196,公开指数日线计算（周K最后实际交易日）
20220114,399001.SZ,深证成指,week,周K,14150.569,14569.150950000001,14623.093333333332,-2.873070307504788,-3.231356885729597,公开指数日线计算（周K最后实际交易日）
20220121,399001.SZ,深证成指,week,周K,14029.546,14561.63505,14590.616533333332,-3.654047421000295,-3.8454203223799666,公开指数日线计算（周K最后实际交易日）
20220128,399001.SZ,深证成指,week,周K,13328.056,14489.4443,14545.861366666668,-8.015409535064077,-8.372177734743113,公开指数日线计算（周K最后实际交易日）
20220128,399001.SZ,深证成指,month,月K,13328.056,14096.05895,,-5.448352285728775,,公开指数日线计算（月K最后实际交易日）
20220211,399001.SZ,深证成指,week,周K,13224.378,14432.695300000001,14491.8621,-8.372083487413473,-8.746178312033482,公开指数日线计算（周K最后实际交易日）
20220218,399001.SZ,深证成指,week,周K,13459.681,14387.787050000003,14441.444333333331,-6.450651839471044,-6.79823507034717,公开指数日线计算（周K最后实际交易日）
20220225,399001.SZ,深证成指,week,周K,13412.918,14342.982299999998,14387.589366666665,-6.484455467814376,-6.774389662001301,公开指数日线计算（周K最后实际交易日）
20220228,399001.SZ,深证成指,month,月K,13455.733,14169.22825,,-5.035526546761638,,公开指数日线计算（月K最后实际交易日）
20220304,399001.SZ,深证成指,week,周K,13020.464,14273.29755,14339.1645,-8.777463971526323,-9.196494677217771,公开指数日线计算（周K最后实际交易日）
20220311,399001.SZ,深证成指,week,周K,12447.373,14174.8666,14259.829933333333,-12.187018394938542,-12.710228255223367,公开指数日线计算（周K最后实际交易日）
20220318,399001.SZ,深证成指,week,周K,12328.647,14066.6579,14177.483766666666,-12.355535425369224,-13.040655147943458,公开指数日线计算（周K最后实际交易日）
20220325,399001.SZ,深证成指,week,周K,12072.728,13947.725199999997,14104.7902,-13.443032273104993,-14.406894191166353,公开指数日线计算（周K最后实际交易日）
20220331,399001.SZ,深证成指,month,月K,12118.254,14093.246800000003,,-14.013753026733355,,公开指数日线计算（月K最后实际交易日）
20220401,399001.SZ,深证成指,week,周K,12227.931,13835.990650000002,14031.158033333335,-11.622295003502337,-12.851590931051238,公开指数日线计算（周K最后实际交易日）
20220408,399001.SZ,深证成指,week,周K,11959.271,13698.685800000001,13957.138266666669,-12.69767644426154,-14.314304469119598,公开指数日线计算（周K最后实际交易日）
20220415,399001.SZ,深证成指,week,周K,11648.567,13543.489850000002,13853.028133333333,-13.99139269853702,-15.913207654786554,公开指数日线计算（周K最后实际交易日）
20220422,399001.SZ,深证成指,week,周K,11051.697,13357.216150000002,13742.772766666667,-17.260476465374875,-19.58175262268701,公开指数日线计算（周K最后实际交易日）
20220429,399001.SZ,深证成指,week,周K,11021.436,13163.685300000001,13631.5591,-16.273932802085454,-19.147649075592543,公开指数日线计算（周K最后实际交易日）
20220429,399001.SZ,深证成指,month,月K,11021.436,13956.407200000001,,-21.02956124696621,,公开指数日线计算（月K最后实际交易日）
20220506,399001.SZ,深证成指,week,周K,10809.88,12948.601200000001,13514.921333333332,-16.51700571332756,-20.015220707660298,公开指数日线计算（周K最后实际交易日）
20220513,399001.SZ,深证成指,week,周K,11159.791,12763.21305,13406.4424,-12.562840122769881,-16.757998378451244,公开指数日线计算（周K最后实际交易日）
20220520,399001.SZ,深证成指,week,周K,11454.527,12600.423,13307.726900000001,-9.09410739623583,-13.925743396492463,公开指数日线计算（周K最后实际交易日）
20220527,399001.SZ,深证成指,week,周K,11193.587,12417.23505,13197.752433333335,-9.854432529244905,-15.185657129553743,公开指数日线计算（周K最后实际交易日）
20220531,399001.SZ,深证成指,month,月K,11527.621,13887.41585,,-16.99232510560992,,公开指数日线计算（月K最后实际交易日）
20220602,399001.SZ,深证成指,week,周K,11628.309,12281.4678,13103.65,-5.3182470583850066,-11.25900798632442,公开指数日线计算（周K最后实际交易日）
20220610,399001.SZ,深证成指,week,周K,12035.149,12175.6968,13022.734233333333,-1.154330649889379,-7.5835474765774125,公开指数日线计算（周K最后实际交易日）
20220617,399001.SZ,深证成指,week,周K,12331.141,12090.776549999999,12943.593333333332,1.9879984466341094,-4.7317025308273415,公开指数日线计算（周K最后实际交易日）
20220624,399001.SZ,深证成指,week,周K,12686.032,12058.675350000001,12874.711533333333,5.202533709475787,-1.4655049384588725,公开指数日线计算（周K最后实际交易日）
20220630,399001.SZ,深证成指,month,月K,12896.204,13870.396000000002,13201.108833333334,-7.023534151440247,-2.3096910811267413,公开指数日线计算（月K最后实际交易日）
20220701,399001.SZ,深证成指,week,周K,12860.355,12040.4742,12810.817666666666,6.809373006255837,0.386683618659478,公开指数日线计算（周K最后实际交易日）
20220708,399001.SZ,深证成指,week,周K,12857.13,12010.34665,12742.9869,7.050448872764226,0.8957326951344546,公开指数日线计算（周K最后实际交易日）
20220715,399001.SZ,深证成指,week,周K,12411.008,11960.25115,12652.968433333333,3.768790841821068,-1.9122819645697287,公开指数日线计算（周K最后实际交易日）
20220722,399001.SZ,深证成指,week,周K,12394.022,11928.929049999999,12570.517366666667,3.8988659254369784,-1.4040421847288487,公开指数日线计算（周K最后实际交易日）
20220729,399001.SZ,深证成指,week,周K,12266.92,11919.9064,12489.070433333334,2.911210779306117,-1.7787587516554848,公开指数日线计算（周K最后实际交易日）
20220729,399001.SZ,深证成指,month,月K,12266.92,13800.236499999999,13253.942700000001,-11.110798717108938,-7.447011974783935,公开指数日线计算（月K最后实际交易日）
20220805,399001.SZ,深证成指,week,周K,12269.213,11916.9347,12402.799333333332,2.9561150486122845,-1.0770659892425316,公开指数日线计算（周K最后实际交易日）
20220812,399001.SZ,深证成指,week,周K,12419.391,11934.26785,12338.657233333333,4.06495946041634,0.654315661258198,公开指数日线计算（周K最后实际交易日）
20220819,399001.SZ,深证成指,week,周K,12358.545,11940.798550000001,12278.923099999998,3.498480007436333,0.6484436733706911,公开指数日线计算（周K最后实际交易日）
20220826,399001.SZ,深证成指,week,周K,12059.707,11945.82035,12213.2618,0.9533598083952377,-1.2572791979289288,公开指数日线计算（周K最后实际交易日）
20220831,399001.SZ,深证成指,month,月K,11815.793,13667.49195,13281.776666666667,-13.5481985778671,-11.037556973426998,公开指数日线计算（月K最后实际交易日）
20220902,399001.SZ,深证成指,week,周K,11702.391,11948.51155,12159.072966666665,-2.0598427592430912,-3.7558946139942595,公开指数日线计算（周K最后实际交易日）
20220909,399001.SZ,深证成指,week,周K,11877.787,11989.81605,12114.186599999999,-0.9343683800720148,-1.951427758261537,公开指数日线计算（周K最后实际交易日）
20220916,399001.SZ,深证成指,week,周K,11261.498,12001.81915,12040.913833333334,-6.168407811744103,-6.473062129019203,公开指数日线计算（周K最后实际交易日）
20220923,399001.SZ,深证成指,week,周K,11006.413,12011.645799999998,11960.697000000002,-8.368818201415817,-7.97849824303718,公开指数日线计算（周K最后实际交易日）
20220930,399001.SZ,深证成指,week,周K,10778.614,11992.586949999999,11885.968666666666,-10.122694586758863,-9.316486503722343,公开指数日线计算（周K最后实际交易日）
20220930,399001.SZ,深证成指,month,月K,10778.614,13465.322949999998,13308.986966666667,-19.952799943799338,-19.01251367218386,公开指数日线计算（月K最后实际交易日）
20221014,399001.SZ,深证成指,week,周K,11121.715,11975.94635,11841.780066666666,-7.132892257821444,-6.080716434631073,公开指数日线计算（周K最后实际交易日）
20221021,399001.SZ,深证成指,week,周K,10918.966,11962.2153,11794.790700000001,-8.721204842384001,-7.425521336296381,公开指数日线计算（周K最后实际交易日）
20221028,399001.SZ,深证成指,week,周K,10401.837,11900.8917,11739.094333333334,-12.596154454543939,-11.39148639036125,公开指数日线计算（周K最后实际交易日）
20221031,399001.SZ,深证成指,month,月K,10397.041,13259.802749999999,13298.162366666666,-21.589776288338825,-21.815956871895715,公开指数日线计算（月K最后实际交易日）
20221104,399001.SZ,深证成指,week,周K,11187.43,11858.50575,11704.410966666666,-5.659024536038193,-4.416975515803323,公开指数日线计算（周K最后实际交易日）
20221111,399001.SZ,深证成指,week,周K,11139.773,11798.93735,11677.094366666664,-5.58664166481061,-4.601498881438337,公开指数日线计算（周K最后实际交易日）
20221118,399001.SZ,深证成指,week,周K,11180.429,11723.6572,11661.489766666666,-4.633606994240669,-4.1252084964455875,公开指数日线计算（周K最后实际交易日）
20221125,399001.SZ,深证成指,week,周K,10904.266,11625.85275,11656.5754,-6.206742554863343,-6.453948730087566,公开指数日线计算（周K最后实际交易日）
20221130,399001.SZ,深证成指,month,月K,11108.497,13126.2941,13310.243066666668,-15.37217652315135,-16.54174199253041,公开指数日线计算（月K最后实际交易日）
20221202,399001.SZ,深证成指,week,周K,11219.793,11543.9859,11663.1873,-2.808327234703223,-3.801656344831228,公开指数日线计算（周K最后实际交易日）
20221209,399001.SZ,深证成指,week,周K,11501.578,11498.5144,11686.243900000001,0.02664344186931178,-1.5801989208868217,公开指数日线计算（周K最后实际交易日）
20221216,399001.SZ,深证成指,week,周K,11295.027,11443.56465,11690.751766666664,-1.2980015803030431,-3.384938578500807,公开指数日线计算（周K最后实际交易日）
20221223,399001.SZ,深证成指,week,周K,10849.637,11372.700499999999,11670.588766666666,-4.599290203764694,-7.034364615874855,公开指数日线计算（周K最后实际交易日）
20221230,399001.SZ,深证成指,week,周K,11015.986,11310.03915,11664.668733333332,-2.5999304343698904,-5.561090058902696,公开指数日线计算（周K最后实际交易日）
20221230,399001.SZ,深证成指,month,月K,11015.986,12955.16505,13277.697699999999,-14.968385524351147,-17.033914697425278,公开指数日线计算（月K最后实际交易日）
20230106,399001.SZ,深证成指,week,周K,11367.732,11257.4562,11655.982833333333,0.9795800937693055,-2.4729860832413464,公开指数日线计算（周K最后实际交易日）
20230113,399001.SZ,深证成指,week,周K,11602.305,11219.644199999999,11641.5547,3.4106322195137206,-0.3371517036294125,公开指数日线计算（周K最后实际交易日）
20230120,399001.SZ,深证成指,week,周K,11980.62,11215.689849999999,11629.870666666666,6.820179233112467,3.0159349436158944,公开指数日线计算（周K最后实际交易日）
20230131,399001.SZ,深证成指,month,月K,12001.265,12805.40945,13223.143766666666,-6.2797246205977375,-9.240455887251397,公开指数日线计算（月K最后实际交易日）
20230203,399001.SZ,深证成指,week,周K,12054.295,11233.28505,11608.812766666666,7.308725331420307,3.837448689089751,公开指数日线计算（周K最后实际交易日）
20230210,399001.SZ,深证成指,week,周K,11976.853,11238.23835,11579.3627,6.57233480014241,3.4327476416297076,公开指数日线计算（周K最后实际交易日）
20230217,399001.SZ,深证成指,week,周K,11715.769,11260.9519,11541.317333333334,4.038886801390218,1.5115403348525902,公开指数日线计算（周K最后实际交易日）
20230224,399001.SZ,深证成指,week,周K,11787.453,11300.0039,11520.532166666666,4.31370736075587,2.3169140927850496,公开指数日线计算（周K最后实际交易日）
20230228,399001.SZ,深证成指,month,月K,11783.798,12636.51425,13157.329433333334,-6.748033778381557,-10.439287397133734,公开指数日线计算（月K最后实际交易日）
20230303,399001.SZ,深证成指,week,周K,11851.918,11353.669100000001,11502.462033333333,4.388439504547459,3.0380971104618126,公开指数日线计算（周K最后实际交易日）
20230310,399001.SZ,深证成指,week,周K,11442.537,11369.7102,11474.9826,0.640533476394145,-0.28275075554362594,公开指数日线计算（周K最后实际交易日）
20230317,399001.SZ,深证成指,week,周K,11278.046,11387.664200000001,11441.9437,-0.9626047807064886,-1.432428827630039,公开指数日线计算（周K最后实际交易日）
20230324,399001.SZ,深证成指,week,周K,11634.22,11449.283350000002,11415.771333333334,1.6152683477782759,1.9135690466119293,公开指数日线计算（周K最后实际交易日）
20230331,399001.SZ,深证成指,week,周K,11726.397,11476.2317,11394.699733333335,2.1798557796632867,2.910978563975153,公开指数日线计算（周K最后实际交易日）
20230331,399001.SZ,深证成指,month,月K,11726.397,12499.1736,13117.961066666667,-6.182621545475609,-10.608081999897777,公开指数日线计算（月K最后实际交易日）
20230407,399001.SZ,深证成指,week,周K,11967.743,11517.6302,11391.634266666668,3.908033095210861,5.057296607731665,公开指数日线计算（周K最后实际交易日）
20230414,399001.SZ,深证成指,week,周K,11800.094,11548.61345,11394.891033333335,2.1775821927782824,3.5560056299031695,公开指数日线计算（周K最后实际交易日）
20230421,399001.SZ,深证成指,week,周K,11450.435,11575.921900000001,11380.645966666667,-1.0840337476706874,0.613225589634725,公开指数日线计算（周K最后实际交易日）
20230428,399001.SZ,深证成指,week,周K,11338.666,11581.86555,11383.218233333331,-2.0998305406852324,-0.3913852165538745,公开指数日线计算（周K最后实际交易日）
20230428,399001.SZ,深证成指,month,月K,11338.666,12349.6878,13054.696566666667,-8.18661828843965,-13.144928784084575,公开指数日线计算（月K最后实际交易日）
20230505,399001.SZ,深证成指,week,周K,11180.872,11565.83025,11389.033533333333,-3.3284099946045975,-1.8277365917317545,公开指数日线计算（周K最后实际交易日）
20230512,399001.SZ,深证成指,week,周K,11005.644,11551.3611,11396.6012,-4.724266649408094,-3.430471884898445,公开指数日线计算（周K最后实际交易日）
20230519,399001.SZ,深证成指,week,周K,11091.359,11563.4472,11395.589333333333,-4.082590527156993,-2.6697200507518004,公开指数日线计算（周K最后实际交易日）
20230526,399001.SZ,深证成指,week,周K,10909.65,11558.1304,11395.2788,-5.610599444353048,-4.261666682521192,公开指数日线计算（周K最后实际交易日）
20230531,399001.SZ,深证成指,month,月K,10793.85,12173.92965,12958.821233333332,-11.336353089571205,-16.70654447925004,公开指数日线计算（月K最后实际交易日）
20230602,399001.SZ,深证成指,week,周K,10998.075,11539.64755,11415.153400000001,-4.6931463691020525,-3.653725757202708,公开指数日线计算（周K最后实际交易日）
20230609,399001.SZ,深证成指,week,周K,10793.926,11499.228599999999,11402.0366,-6.133477509960961,-5.333350710345908,公开指数日线计算（周K最后实际交易日）
20230616,399001.SZ,深证成指,week,周K,11306.531,11465.524150000001,11407.595200000002,-1.3867063373635635,-0.8859378179899013,公开指数日线计算（周K最后实际交易日）
20230621,399001.SZ,深证成指,week,周K,11058.634,11415.7411,11403.535366666669,-3.1281990093485867,-3.024512623294351,公开指数日线计算（周K最后实际交易日）
20230630,399001.SZ,深证成指,week,周K,11026.586,11368.22775,11407.6127,-3.0052331595837423,-3.340109013343351,公开指数日线计算（周K最后实际交易日）
20230630,399001.SZ,深证成指,month,月K,11026.586,12002.689849999999,12844.017966666666,-8.13237584406965,-14.150026661309123,公开指数日线计算（月K最后实际交易日）
20230707,399001.SZ,深证成指,week,周K,10888.555,11326.86705,11396.571433333333,-3.8696671203534594,-4.457625140201882,公开指数日线计算（周K最后实际交易日）
20230714,399001.SZ,深证成指,week,周K,11080.323,11291.51055,11382.5296,-1.8703215045041133,-2.655003857841931,公开指数日线计算（周K最后实际交易日）
20230721,399001.SZ,深证成指,week,周K,10810.182,11239.42375,11366.3681,-3.8190725747839105,-4.893261375196878,公开指数日线计算（周K最后实际交易日）
20230728,399001.SZ,深证成指,week,周K,11100.396,11222.3167,11374.726733333333,-1.0864129329018035,-2.4117566932787327,公开指数日线计算（周K最后实际交易日）
20230731,399001.SZ,深证成指,month,月K,11183.911,11822.0987,12722.748533333333,-5.398260632014518,-12.095165830729194,公开指数日线计算（月K最后实际交易日）
20230804,399001.SZ,深证成指,week,周K,11238.062,11220.3175,11382.129266666667,0.1581461487163871,-1.2657321252586562,公开指数日线计算（周K最后实际交易日）
20230811,399001.SZ,深证成指,week,周K,10808.865,11179.049750000002,11363.500366666667,-3.3114151764106925,-4.880849639373597,公开指数日线计算（周K最后实际交易日）
20230818,399001.SZ,深证成指,week,周K,10458.511,11115.65545,11325.3739,-5.911882146365011,-7.654165837297433,公开指数日线计算（周K最后实际交易日）
20230825,399001.SZ,深证成指,week,周K,10130.471,11023.79185,11263.702266666667,-8.103571458490489,-10.060912831656655,公开指数日线计算（周K最后实际交易日）
20230831,399001.SZ,深证成指,month,月K,10418.21,11600.141899999999,12586.440700000001,-10.188943464562271,-17.226718432002798,公开指数日线计算（月K最后实际交易日）
20230901,399001.SZ,深证成指,week,周K,10463.743,10956.974299999998,11210.683866666666,-4.501528309690361,-6.662759163939902,公开指数日线计算（周K最后实际交易日）
20230908,399001.SZ,深证成指,week,周K,10281.878,10898.54645,11154.184700000002,-5.658263263171204,-7.820443389286902,公开指数日线计算（周K最后实际交易日）
20230915,399001.SZ,深证成指,week,周K,10144.595,10838.8429,11101.812233333332,-6.405184634607075,-8.622170986276245,公开指数日线计算（周K最后实际交易日）
20230922,399001.SZ,深证成指,week,周K,10178.736,10788.736099999998,11048.188333333334,-5.654045982272171,-7.869637148654684,公开指数日线计算（周K最后实际交易日）
20230928,399001.SZ,深证成指,week,周K,10109.527,10743.93025,10990.108633333333,-5.904759573434493,-8.01249253044235,公开指数日线计算（周K最后实际交易日）
20230928,399001.SZ,深证成指,month,月K,10109.527,11439.21545,12464.135933333333,-11.6239479517802,-18.891072320836212,公开指数日线计算（月K最后实际交易日）
20231013,399001.SZ,深证成指,week,周K,10068.282,10692.776399999999,10944.300133333334,-5.840339090977342,-8.004332142401903,公开指数日线计算（周K最后实际交易日）
20231020,399001.SZ,深证成指,week,周K,9570.357,10625.811749999999,10887.377166666667,-9.932932888633184,-12.096762576563636,公开指数日线计算（周K最后实际交易日）
20231027,399001.SZ,深证成指,week,周K,9770.844,10564.4502,10825.264633333334,-7.512044498065784,-9.740368194663308,公开指数日线计算（周K最后实际交易日）
20231031,399001.SZ,深证成指,month,月K,9863.804,11259.619,12311.643833333334,-12.396645037456421,-19.882315200719948,公开指数日线计算（月K最后实际交易日）
20231103,399001.SZ,深证成指,week,周K,9853.89,10517.448400000001,10762.847733333332,-6.309119614981917,-8.445327443574469,公开指数日线计算（周K最后实际交易日）
20231110,399001.SZ,深证成指,week,周K,9978.542,10451.04895,10696.541033333333,-4.521143784327997,-6.7124412564384395,公开指数日线计算（周K最后实际交易日）
20231117,399001.SZ,深证成指,week,周K,9979.687,10397.1016,10635.860799999999,-4.014720794879989,-6.1694470465427536,公开指数日线计算（周K最后实际交易日）
20231124,399001.SZ,深证成指,week,周K,9839.521,10337.74835,10582.163666666665,-4.819495823769005,-7.017871675959386,公开指数日线计算（周K最后实际交易日）
20231130,399001.SZ,深证成指,month,月K,9726.915,11140.05205,12135.9951,-12.685192525648926,-19.850700994432657,公开指数日线计算（月K最后实际交易日）
20231201,399001.SZ,深证成指,week,周K,9720.571,10279.34915,10528.227166666667,-5.4359292776819395,-7.671340614911704,公开指数日线计算（周K最后实际交易日）
20231208,399001.SZ,深证成指,week,周K,9553.923,10203.029149999998,10473.995533333333,-6.361896456994809,-8.784351018722658,公开指数日线计算（周K最后实际交易日）
20231215,399001.SZ,深证成指,week,周K,9385.333,10131.7867,10419.985166666667,-7.367443888253189,-9.929497500404317,公开指数日线计算（周K最后实际交易日）
20231222,399001.SZ,深证成指,week,周K,9221.313,10037.83255,10357.650300000001,-8.134420911414775,-10.970995033497132,公开指数日线计算（周K最后实际交易日）
20231229,399001.SZ,深证成指,week,周K,9524.689,9952.163900000001,10311.484933333333,-4.295296020999018,-7.630287377814071,公开指数日线计算（周K最后实际交易日）
20231229,399001.SZ,深证成指,month,月K,9524.689,11065.2147,11948.094666666668,-13.922239574800122,-20.282779257077642,公开指数日线计算（月K最后实际交易日）
20240105,399001.SZ,深证成指,week,周K,9116.442,9867.542749999999,10248.763833333333,-7.611831729839724,-11.048374728379851,公开指数日线计算（周K最后实际交易日）
20240112,399001.SZ,深证成指,week,周K,8996.256,9794.429999999998,10188.8415,-8.149264428864155,-11.704819434083857,公开指数日线计算（周K最后实际交易日）
20240119,399001.SZ,深证成指,week,周K,8787.024,9727.25765,10104.857933333335,-9.665968393465963,-13.041587937482413,公开指数日线计算（周K最后实际交易日）
20240126,399001.SZ,深证成指,week,周K,8762.329,9642.18695,10028.314433333331,-9.125087021881484,-12.62410988156988,公开指数日线计算（周K最后实际交易日）
20240131,399001.SZ,深证成指,month,月K,8212.845,10899.475900000001,11739.415833333333,-24.649175103914878,-30.040428615875904,公开指数日线计算（月K最后实际交易日）
20240202,399001.SZ,深证成指,week,周K,8055.775,9530.8818,9929.287400000001,-15.477128254806393,-18.868548411641317,公开指数日线计算（周K最后实际交易日）
20240208,399001.SZ,深证成指,week,周K,8820.603,9464.6822,9860.355666666668,-6.805080048012602,-10.544778523371068,公开指数日线计算（周K最后实际交易日）
20240223,399001.SZ,深证成指,week,周K,9069.415,9409.21615,9793.3254,-3.6113651188680485,-7.39187528681523,公开指数日线计算（周K最后实际交易日）
20240229,399001.SZ,深证成指,month,月K,9330.443,10721.18785,11572.817866666668,-12.971928758808204,-19.37622187181749,公开指数日线计算（月K最后实际交易日）
20240301,399001.SZ,深证成指,week,周K,9434.747,9375.47715,9747.477566666668,0.6321795579225409,-3.2083230202663904,公开指数日线计算（周K最后实际交易日）
20240308,399001.SZ,深证成指,week,周K,9369.046,9340.51535,9689.7659,0.30545049101600164,-3.3098828527941992,公开指数日线计算（周K最后实际交易日）
20240315,399001.SZ,深证成指,week,周K,9612.75,9342.635,9635.588833333333,2.8912078872823432,-0.23702581885109986,公开指数日线计算（周K最后实际交易日）
20240322,399001.SZ,深证成指,week,周K,9565.563,9332.37095,9594.145433333333,2.4987439017305713,-0.29791536444744304,公开指数日线计算（周K最后实际交易日）
20240329,399001.SZ,深证成指,week,周K,9400.853,9309.719099999998,9558.890166666668,0.9789113830513063,-1.653300371812716,公开指数日线计算（周K最后实际交易日）
20240329,399001.SZ,深证成指,month,月K,9400.853,10577.8845,11409.212533333333,-11.127286368082402,-17.602963635445303,公开指数日线计算（月K最后实际交易日）
20240403,399001.SZ,深证成指,week,周K,9544.766,9288.0303,9539.366666666665,2.7641565725727624,0.056600543012996773,公开指数日线计算（周K最后实际交易日）
20240412,399001.SZ,深证成指,week,周K,9228.234,9250.45765,9498.183033333335,-0.24024378945186609,-2.8421123533412973,公开指数日线计算（周K最后实际交易日）
20240419,399001.SZ,深证成指,week,周K,9279.46,9222.4546,9464.7691,0.618115268358177,-1.957882945078926,公开指数日线计算（周K最后实际交易日）
20240426,399001.SZ,深证成指,week,周K,9463.907,9209.6214,9442.0795,2.7610863569266675,0.23117259285942993,公开指数日线计算（周K最后实际交易日）
20240430,399001.SZ,深证成指,week,周K,9587.124,9211.28145,9422.3591,4.080241734444012,1.7486586772096135,公开指数日线计算（周K最后实际交易日）
20240430,399001.SZ,深证成指,month,月K,9587.124,10466.45105,11247.070600000001,-8.401386924749431,-14.758923981503248,公开指数日线计算（月K最后实际交易日）
20240510,399001.SZ,深证成指,week,周K,9731.237,9228.576649999999,9409.749433333332,5.44678089659687,3.4165369539790325,公开指数日线计算（周K最后实际交易日）
20240517,399001.SZ,深证成指,week,周K,9709.422,9252.9821,9397.787433333333,4.932895093355927,3.3160418755729726,公开指数日线计算（周K最后实际交易日）
20240524,399001.SZ,深证成指,week,周K,9424.577,9247.976499999999,9392.9281,1.9096123351957095,0.3369439184784051,公开指数日线计算（周K最后实际交易日）
20240531,399001.SZ,深证成指,week,周K,9364.375,9260.37315,9379.379133333332,1.1230848726652143,-0.1599693659893653,公开指数日线计算（周K最后实际交易日）
20240531,399001.SZ,深证成指,month,月K,9364.375,10395.739099999999,11066.025300000001,-9.921027163907937,-15.377249318235343,公开指数日线计算（月K最后实际交易日）
20240607,399001.SZ,深证成指,week,周K,9255.684,9273.34455,9359.438933333333,-0.19044423406009425,-1.1085593278867822,公开指数日线计算（周K最后实际交易日）
20240614,399001.SZ,深证成指,week,周K,9252.251,9296.6059,9335.229233333333,-0.47710853269579134,-0.8888719415377944,公开指数日线计算（周K最后实际交易日）
20240621,399001.SZ,深证成指,week,周K,9064.845,9311.7317,9304.7345,-2.651351090796583,-2.5781444919250607,公开指数日线计算（周K最后实际交易日）
20240628,399001.SZ,深证成指,week,周K,8848.699,9351.3779,9271.7071,-5.375452744776776,-4.562354002748847,公开指数日线计算（周K最后实际交易日）
20240628,399001.SZ,深证成指,month,月K,8848.699,10318.322,10865.737066666665,-14.242848788785611,-18.563288015264302,公开指数日线计算（月K最后实际交易日）
20240705,399001.SZ,深证成指,week,周K,8695.548,9345.12515,9237.539666666667,-6.950973256896398,-5.867272956049375,公开指数日线计算（周K最后实际交易日）
20240712,399001.SZ,深证成指,week,周K,8854.083,9334.35855,9214.211666666666,-5.145244286764628,-3.9084045352405727,公开指数日线计算（周K最后实际交易日）
20240719,399001.SZ,深证成指,week,周K,8903.232,9307.782799999999,9198.141633333335,-4.346371296932272,-3.2061871309374657,公开指数日线计算（周K最后实际交易日）
20240726,399001.SZ,深证成指,week,周K,8597.174,9269.189199999999,9177.337,-7.249989028166537,-6.321692229456088,公开指数日线计算（周K最后实际交易日）
20240731,399001.SZ,深证成指,month,月K,8754.087,10200.6015,10713.271433333333,-14.180678462931828,-18.28745258182777,公开指数日线计算（月K最后实际交易日）
20240802,399001.SZ,深证成指,week,周K,8553.551,9216.22925,9144.965733333334,-7.190340344452705,-6.467107155772411,公开指数日线计算（周K最后实际交易日）
20240809,399001.SZ,深证成指,week,周K,8393.699,9157.63605,9120.8743,-8.342076992675407,-7.972649069398963,公开指数日线计算（周K最后实际交易日）
20240816,399001.SZ,深证成指,week,周K,8349.87,9105.0869,9099.3281,-8.294450215516335,-8.236411433499136,公开指数日线计算（周K最后实际交易日）
20240823,399001.SZ,深证成指,week,周K,8181.917,9036.944449999999,9079.157866666666,-9.461466259206663,-9.88242389705335,公开指数日线计算（周K最后实际交易日）
20240830,399001.SZ,深证成指,week,周K,8348.478,8992.95665,9065.362833333334,-7.166482338152946,-7.907955219369156,公开指数日线计算（周K最后实际交易日）
20240830,399001.SZ,深证成指,month,月K,8348.478,10067.2261,10543.0296,-17.07270784352405,-20.81518959218326,公开指数日线计算（月K最后实际交易日）
20240906,399001.SZ,深证成指,week,周K,8130.77,8935.52215,9067.862666666666,-9.006212916164058,-10.334217677462243,公开指数日线计算（周K最后实际交易日）
20240913,399001.SZ,深证成指,week,周K,7983.548,8861.5042,9039.960833333334,-9.907530145954224,-11.68603330047615,公开指数日线计算（周K最后实际交易日）
20240920,399001.SZ,深证成指,week,周K,8075.142,8785.9051,9006.8184,-8.089810803897713,-10.34412329219384,公开指数日线计算（周K最后实际交易日）
20240927,399001.SZ,深证成指,week,周K,9514.864,8775.086449999999,9009.488966666666,8.43043033496269,5.609364029448516,公开指数日线计算（周K最后实际交易日）
20240930,399001.SZ,深证成指,week,周K,10529.757,8816.103200000001,9048.179333333333,19.437769285640826,16.374318104069395,公开指数日线计算（周K最后实际交易日）
20240930,399001.SZ,深证成指,month,月K,10529.757,9993.6507,10490.0797,5.364469062341737,0.37823640176917195,公开指数日线计算（月K最后实际交易日）
20241011,399001.SZ,深证成指,week,周K,10060.739,8847.911300000002,9063.1123,13.707502922186809,11.007550905002006,公开指数日线计算（周K最后实际交易日）
20241018,399001.SZ,深证成指,week,周K,10357.677,8897.576400000002,9089.516099999999,16.410093427239335,13.951907736870627,公开指数日线计算（周K最后实际交易日）
20241025,399001.SZ,深证成指,week,周K,10619.849,8965.78465,9130.1493,18.448629033265938,16.31626878215453,公开指数日线计算（周K最后实际交易日）
20241031,399001.SZ,深证成指,month,月K,10591.218,9934.0217,10475.7391,6.615611681218714,1.1023460864923562,公开指数日线计算（月K最后实际交易日）
20241101,399001.SZ,深证成指,week,周K,10455.502,9025.947199999999,9160.507166666668,15.838280108707071,14.136715465335481,公开指数日线计算（周K最后实际交易日）
20241108,399001.SZ,深证成指,week,周K,11161.702,9130.79005,9224.9561,22.242455897888046,20.99463541078532,公开指数日线计算（周K最后实际交易日）
20241115,399001.SZ,深证成指,week,周K,10748.97,9225.8036,9273.939766666668,16.509850697450368,15.905109052304113,公开指数日线计算（周K最后实际交易日）
20241122,399001.SZ,深证成指,week,周K,10438.722,9312.962300000001,9306.4336,12.088094676384543,12.166727327211579,公开指数日线计算（周K最后实际交易日）
20241129,399001.SZ,深证成指,week,周K,10611.719,9400.8441,9340.586766666667,12.880491231633107,13.60869788041117,公开指数日线计算（周K最后实际交易日）
20241129,399001.SZ,深证成指,month,月K,10611.719,9878.2878,10445.209033333334,7.42467940648579,1.59412766307776,公开指数日线计算（月K最后实际交易日）
20241206,399001.SZ,深证成指,week,周K,10791.339,9495.24945,9375.9235,13.649873621803588,15.096278249283923,公开指数日线计算（周K最后实际交易日）
20241213,399001.SZ,深证成指,week,周K,10713.072,9601.04435,9409.378499999999,11.58236135009625,13.855256221226519,公开指数日线计算（周K最后实际交易日）
20241220,399001.SZ,深证成指,week,周K,10646.617,9705.69765,9450.113166666668,9.694505062188918,12.66126460319812,公开指数日线计算（周K最后实际交易日）
20241227,399001.SZ,深证成指,week,周K,10659.976,9819.0115,9493.299866666668,8.564655413633027,12.289468885627652,公开指数日线计算（周K最后实际交易日）
20241231,399001.SZ,深证成指,month,月K,10414.611,9832.08505,10362.489266666666,5.924744823072925,0.5029846786041681,公开指数日线计算（月K最后实际交易日）
20250103,399001.SZ,深证成指,week,周K,9897.12,9896.374,9514.681066666668,0.007538114464966661,4.01946140552365,公开指数日线计算（周K最后实际交易日）
20250110,399001.SZ,深证成指,week,周K,9795.943,9977.0753,9532.804133333333,-1.8154849447713506,2.760351130540384,公开指数日线计算（周K最后实际交易日）
20250117,399001.SZ,深证成指,week,周K,10161.321,10067.71745,9569.353333333333,0.9297395409125109,6.186078056127808,公开指数日线计算（周K最后实际交易日）
20250124,399001.SZ,深证成指,week,周K,10292.729,10175.815400000001,9617.487666666666,1.1489359368684893,7.0209742578995815,公开指数日线计算（周K最后实际交易日）
20250127,399001.SZ,深证成指,week,周K,10156.066,10284.4413,9666.1716,-1.2482476806980225,5.068132661745839,公开指数日线计算（周K最后实际交易日）
20250127,399001.SZ,深证成指,month,月K,10156.066,9800.19585,10292.127466666667,3.6312554916950956,-1.3219955456957866,公开指数日线计算（月K最后实际交易日）
20250207,399001.SZ,深证成指,week,周K,10576.003,10409.48435,9723.568933333332,1.5996820245951948,8.766678906799763,公开指数日线计算（周K最后实际交易日）
20250214,399001.SZ,深证成指,week,周K,10749.456,10471.213950000001,9785.109733333335,2.6572091003832288,9.855242229748162,公开指数日线计算（周K最后实际交易日）
20250221,399001.SZ,深证成指,week,周K,10991.369,10494.29455,9864.916233333333,4.736616145389205,11.418776804818753,公开指数日线计算（周K最后实际交易日）
20250228,399001.SZ,深证成指,week,周K,10611.24,10521.819599999999,9933.505866666666,0.8498568061364731,6.8227083411464,公开指数日线计算（周K最后实际交易日）
20250228,399001.SZ,深证成指,month,月K,10611.24,9779.42855,10251.9757,8.505726543704828,3.5043420947632464,公开指数日线计算（月K最后实际交易日）
20250307,399001.SZ,深证成指,week,周K,10843.732,10546.12235,10015.173633333334,2.8219817684933313,8.273030473570508,公开指数日线计算（周K最后实际交易日）
20250314,399001.SZ,深证成指,week,周K,10978.299,10564.04485,10102.787933333335,3.921359250950185,8.666034291168167,公开指数日线计算（周K最后实际交易日）
20250321,399001.SZ,深证成指,week,周K,10687.554,10575.64745,10186.309166666668,1.0581531819122691,4.920769879767528,公开指数日线计算（周K最后实际交易日）
20250328,399001.SZ,深证成指,week,周K,10607.331,10547.9289,10261.604266666667,0.5631636367969817,3.369129468930865,公开指数日线计算（周K最后实际交易日）
20250331,399001.SZ,深证成指,month,月K,10504.332,9745.4496,10242.832966666667,7.787043503872826,2.5529951936571926,公开指数日线计算（月K最后实际交易日）
20250403,399001.SZ,深证成指,week,周K,10365.731,10528.766950000001,10336.102966666665,-1.5484809453399584,0.28664607375605833,公开指数日线计算（周K最后实际交易日）
20250411,399001.SZ,深证成指,week,周K,9834.444,10498.553049999999,10397.7995,-6.325719809550323,-5.418026189098946,公开指数日线计算（周K最后实际交易日）
20250418,399001.SZ,深证成指,week,周K,9781.647,10457.04945,10454.682999999999,-6.458824291014508,-6.437650955079155,公开指数日线计算（周K最后实际交易日）
20250425,399001.SZ,深证成指,week,周K,9917.055,10413.33525,10468.089366666665,-4.765814583756923,-5.263944043325742,公开指数日线计算（周K最后实际交易日）
20250430,399001.SZ,深证成指,week,周K,9899.821,10372.6727,10447.0915,-4.558629329931518,-5.23849628387002,公开指数日线计算（周K最后实际交易日）
20250430,399001.SZ,深证成指,month,月K,9899.821,9719.53015,10226.258966666668,1.854933800477987,-3.1921543130358776,公开指数日线计算（月K最后实际交易日）
20250509,399001.SZ,深证成指,week,周K,10126.825,10346.6831,10449.294366666667,-2.1249138286645652,-3.0860396439337245,公开指数日线计算（周K最后实际交易日）
20250516,399001.SZ,深证成指,week,周K,10179.596,10322.6641,10443.358333333334,-1.3859610136883194,-2.525646682939642,公开指数日线计算（周K最后实际交易日）
20250523,399001.SZ,深证成指,week,周K,10132.412,10334.4287,10427.110433333331,-1.9547931082053882,-2.8262713358366387,公开指数日线计算（周K最后实际交易日）
20250530,399001.SZ,深证成指,week,周K,10040.627,10346.6629,10413.281266666667,-2.95782227523812,-3.57864401357858,公开指数日线计算（周K最后实际交易日）
20250530,399001.SZ,深证成指,month,月K,10040.627,9716.085149999999,10190.663299999998,3.3402532500448556,-1.4722917987094908,公开指数日线计算（月K最后实际交易日）
20250606,399001.SZ,深证成指,week,周K,10183.699,10347.7818,10380.681166666667,-1.5856809040948328,-1.89758420959113,公开指数日线计算（周K最后实际交易日）
20250613,399001.SZ,深证成指,week,周K,10122.114,10339.25105,10359.785966666666,-2.100123586804681,-2.2941783491608136,公开指数日线计算（周K最后实际交易日）
20250620,399001.SZ,深证成指,week,周K,10005.032,10331.699349999999,10345.329633333333,-3.1617969022685433,-3.2893841510556854,公开指数日线计算（周K最后实际交易日）
20250627,399001.SZ,深证成指,week,周K,10378.55,10321.826700000001,10337.557333333332,0.5495471068119873,0.39654113002582925,公开指数日线计算（周K最后实际交易日）
20250630,399001.SZ,深证成指,month,月K,10465.12,9746.15095,10172.3011,7.376953770657546,2.8785905678706314,公开指数日线计算（月K最后实际交易日）
20250704,399001.SZ,深证成指,week,周K,10508.761,10309.79195,10328.138066666666,1.929903638841135,1.748843132880662,公开指数日线计算（周K最后实际交易日）
20250711,399001.SZ,深证成指,week,周K,10696.098,10295.0284,10327.572266666666,3.895760015581895,3.568367509978998,公开指数日线计算（周K最后实际交易日）
20250718,399001.SZ,深证成指,week,周K,10913.839,10310.158350000002,10336.479666666668,5.855202505206902,5.585647647479197,公开指数日线计算（周K最后实际交易日）
20250725,399001.SZ,深证成指,week,周K,11168.142,10326.378850000001,10353.418533333333,8.151581132431529,7.86912519805536,公开指数日线计算（周K最后实际交易日）
20250731,399001.SZ,深证成指,month,月K,11009.769,9810.293650000001,10139.251233333334,12.226701797045592,8.585621823875833,公开指数日线计算（月K最后实际交易日）
20250801,399001.SZ,深证成指,week,周K,10991.321,10327.02995,10389.891899999999,6.4325469492804155,5.788598243259879,公开指数日线计算（周K最后实际交易日）
20250808,399001.SZ,深证成指,week,周K,11128.673,10349.085900000002,10434.316233333335,7.532907809761236,6.654549767702855,公开指数日线计算（周K最后实际交易日）
20250815,399001.SZ,深证成指,week,周K,11634.668,10400.45275,10483.427800000001,11.866937715764347,10.98152457347965,公开指数日线计算（周K最后实际交易日）
20250822,399001.SZ,深证成指,week,周K,12166.061,10490.46925,10545.872200000002,15.972514766200764,15.363250846146205,公开指数日线计算（周K最后实际交易日）
20250829,399001.SZ,深证成指,week,周K,12696.15,10633.554549999999,10630.541666666666,19.39704583543986,19.430885067788182,公开指数日线计算（周K最后实际交易日）
20250829,399001.SZ,深证成指,month,月K,12696.15,9968.8667,10169.662966666665,27.35800750550712,24.843370341912596,公开指数日线计算（月K最后实际交易日）
20250905,399001.SZ,深证成指,week,周K,12590.562,10774.0003,10697.693633333334,16.860605619251757,17.69417251554679,公开指数日线计算（周K最后实际交易日）
20250912,399001.SZ,深证成指,week,周K,12924.135,10924.3543,10770.182933333333,18.305710754913896,19.99921524081325,公开指数日线计算（周K最后实际交易日）
20250919,399001.SZ,深证成指,week,周K,13070.863,11082.9064,10839.4994,17.937141470399865,20.585485709792085,公开指数日线计算（周K最后实际交易日）
20250926,399001.SZ,深证成指,week,周K,13208.996,11237.01495,10926.091266666666,17.548975940447576,20.894066117661136,公开指数日线计算（周K最后实际交易日）
20250930,399001.SZ,深证成指,week,周K,13526.509,11404.3606,11015.517166666665,18.608219035094354,22.795042623433815,公开指数日线计算（周K最后实际交易日）
20250930,399001.SZ,深证成指,month,月K,13526.509,10234.5499,10229.6667,32.16515755128615,32.22824747555069,公开指数日线计算（月K最后实际交易日）
20251010,399001.SZ,深证成指,week,周K,13355.419,11565.51095,11094.754500000001,15.476255720461696,20.37597587220157,公开指数日线计算（周K最后实际交易日）
20251017,399001.SZ,深证成指,week,周K,12688.936,11697.9264,11161.467233333333,8.47166896177427,13.685196889750607,公开指数日线计算（周K最后实际交易日）
20251024,399001.SZ,深证成指,week,周K,13289.185,11853.2007,11250.862366666666,12.114738764188825,18.117034649471364,公开指数日线计算（周K最后实际交易日）
20251031,399001.SZ,深证成指,week,周K,13378.212,12016.0056,11351.278400000001,11.336599243928447,17.8564345668766,公开指数日线计算（周K最后实际交易日）
20251031,399001.SZ,深证成指,month,月K,13378.212,10436.93835,10297.651566666667,28.18138376758734,29.91517447827674,公开指数日线计算（月K最后实际交易日）
20251107,399001.SZ,深证成指,week,周K,13404.056,12185.9568,11470.265466666666,9.995925802067518,16.85916109747465,公开指数日线计算（周K最后实际交易日）
20251114,399001.SZ,深证成指,week,周K,13216.031,12327.83085,11584.744933333333,7.2048372565072905,14.081329162223422,公开指数日线计算（周K最后实际交易日）
20251121,399001.SZ,深证成指,week,周K,12538.071,12429.29635,11672.112133333334,0.8751472886073586,7.419041701918294,公开指数日线计算（周K最后实际交易日）
20251128,399001.SZ,深证成指,week,周K,12984.081,12543.6955,11774.9208,3.510811467003494,10.268945503225812,公开指数日线计算（周K最后实际交易日）
20251128,399001.SZ,深证成指,month,月K,12984.081,10616.09975,10370.659266666666,22.305567070429987,25.20015040638144,公开指数日线计算（月K最后实际交易日）
20251205,399001.SZ,深证成指,week,周K,13147.677,12655.3874,11875.615866666665,3.88996072929384,10.711538227704454,公开指数日线计算（周K最后实际交易日）
20251212,399001.SZ,深证成指,week,周K,13258.328,12759.8967,11978.240266666668,3.9062330340025486,10.6867762278537,公开指数日线计算（周K最后实际交易日）
20251219,399001.SZ,深证成指,week,周K,13140.215,12867.3414,12078.500366666667,2.1206680658989896,8.790119643191584,公开指数日线计算（周K最后实际交易日）
20251226,399001.SZ,深证成指,week,周K,13603.894,12991.10245,12197.275933333332,4.717009602214328,11.532231248639624,公开指数日线计算（周K最后实际交易日）
20251231,399001.SZ,深证成指,week,周K,13525.022,13085.62015,12308.653366666667,3.3578985555376972,9.882223482118757,公开指数日线计算（周K最后实际交易日）
20251231,399001.SZ,深证成指,month,月K,13525.022,10812.99465,10453.940466666665,25.081186459294138,29.377262508101687,公开指数日线计算（月K最后实际交易日）
20260109,399001.SZ,深证成指,week,周K,14120.151,13183.32465,12441.921266666668,7.106146399876456,13.488509510420243,公开指数日线计算（周K最后实际交易日）
20260116,399001.SZ,深证成指,week,周K,14281.08,13262.57115,12584.456199999999,7.679573127115713,13.481899996600589,公开指数日线计算（周K最后实际交易日）
20260123,399001.SZ,深证成指,week,周K,14439.658,13355.02595,12719.826466666667,8.121527086961589,13.520872614420409,公开指数日线计算（周K最后实际交易日）
20260130,399001.SZ,深证成指,week,周K,14205.893,13419.11385,12843.0642,5.863122996009151,10.611399108321828,公开指数日线计算（周K最后实际交易日）
20260130,399001.SZ,深证成指,month,月K,14205.893,11055.07055,10554.6732,28.50115189902609,34.59339508493737,公开指数日线计算（月K最后实际交易日）
20260206,399001.SZ,深证成指,week,周K,13906.734,13460.9074,12950.085400000002,3.312010006101085,7.387199160864211,公开指数日线计算（周K最后实际交易日）
20260213,399001.SZ,深证成指,week,周K,14100.189,13505.467050000001,13056.297066666668,4.403564480948474,7.9953138933889445,公开指数日线计算（周K最后实际交易日）
20260227,399001.SZ,深证成指,week,周K,14495.093,13553.89625,13167.195433333334,6.944104725606115,10.084892970488113,公开指数日线计算（周K最后实际交易日）
20260227,399001.SZ,深证成指,month,月K,14495.093,11337.39025,10690.569300000001,27.852113055736094,35.58766229596397,公开指数日线计算（月K最后实际交易日）
20260306,399001.SZ,深证成指,week,周K,14172.627,13594.756650000001,13273.238966666666,4.2506855023403345,6.775949981703677,公开指数日线计算（周K最后实际交易日）
20260313,399001.SZ,深证成指,week,周K,14280.78,13674.34885,13378.3092,4.434808243172772,6.745776215128907,公开指数日线计算（周K最后实际交易日）
20260320,399001.SZ,深证成指,week,周K,13866.202,13703.199700000001,13452.693666666666,1.1895199921810873,3.073795803125523,公开指数日线计算（周K最后实际交易日）
20260327,399001.SZ,深证成指,week,周K,13760.369,13722.307550000001,13505.837266666667,0.2773691659461397,1.8846053621683678,公开指数日线计算（周K最后实际交易日）
20260331,399001.SZ,深证成指,month,月K,13478.056,11573.5887,10802.8536,16.45528754620422,24.76384943326455,公开指数日线计算（月K最后实际交易日）
20260403,399001.SZ,深证成指,week,周K,13352.904,13719.749950000001,13527.729066666665,-2.673853031847717,-1.2923460087432281,公开指数日线计算（周K最后实际交易日）
20260410,399001.SZ,深证成指,week,周K,14309.472,13774.422,13585.026066666667,3.8843735149104663,5.332679744434876,公开指数日线计算（周K最后实际交易日）
20260417,399001.SZ,深证成指,week,周K,14885.416,13891.789249999998,13650.4021,7.1526189471957435,9.047454360337115,公开指数日线计算（周K最后实际交易日）
20260424,399001.SZ,深证成指,week,周K,14940.301,13989.60025,13712.716699999999,6.795767806160158,8.952159713180684,公开指数日线计算（周K最后实际交易日）
20260430,399001.SZ,深证成指,week,周K,15107.553,14087.59405,13776.001933333331,7.240121672870048,9.665729382955135,公开指数日线计算（周K最后实际交易日）
20260430,399001.SZ,深证成指,month,月K,15107.553,11911.542449999999,10977.645233333335,26.83120648241488,37.621071540245325,公开指数日线计算（月K最后实际交易日）
20260508,399001.SZ,深证成指,week,周K,15563.797,14202.867499999998,13843.911533333334,9.582075591425475,12.423406943373848,公开指数日线计算（周K最后实际交易日）
20260515,399001.SZ,深证成指,week,周K,15561.372,14323.925350000001,13917.4433,8.639019121947577,11.812002136915467,公开指数日线计算（周K最后实际交易日）
20260522,399001.SZ,深证成指,week,周K,15597.297,14423.5955,14014.388666666666,8.137371156865857,11.294879648216805,公开指数日线计算（周K最后实际交易日）
20260529,399001.SZ,深证成指,week,周K,15575.134,14526.1011,14090.586966666666,7.221710029265882,10.53573592672361,公开指数日线计算（周K最后实际交易日）
20260529,399001.SZ,深证成指,month,月K,15575.134,12163.8113,11172.585866666666,28.044850547788425,39.40491651505946,公开指数日线计算（月K最后实际交易日）
20260605,399001.SZ,深证成指,week,周K,15314.7,14585.82855,14155.136566666666,4.997120646944664,8.191820883338853,公开指数日线计算（周K最后实际交易日）
20260612,399001.SZ,深证成指,week,周K,14963.407,14619.944900000002,14207.114933333334,2.349270823859251,5.3233332046341175,公开指数日线计算（周K最后实际交易日）
20260618,399001.SZ,深证成指,week,周K,16030.702,14699.497100000002,14300.9373,9.056125464319443,12.095463840681276,公开指数日线计算（周K最后实际交易日）
20260626,399001.SZ,深证成指,week,周K,15782.223,14778.3136,14409.0757,6.793125570159786,9.529738954733924,公开指数日线计算（周K最后实际交易日）
20260630,399001.SZ,深证成指,month,月K,16205.557,12444.52825,11395.281466666667,30.222348926726106,42.212871594302335,公开指数日线计算（月K最后实际交易日）
20260703,399001.SZ,深证成指,week,周K,15597.512,14862.852499999999,14496.190066666666,4.942923977749225,7.597319904529765,公开指数日线计算（周K最后实际交易日）
20260710,399001.SZ,深证成指,week,周K,15046.67,14910.176549999998,14559.489833333333,0.9154381877523932,3.346134873155293,公开指数日线计算（周K最后实际交易日）
20260717,399001.SZ,深证成指,week,周K,13706.884,14870.766099999999,14574.4417,-7.826645192139758,-5.952596455204173,公开指数日线计算（周K最后实际交易日）
20260724,399001.SZ,深证成指,week,周K,13774.676,14850.86855,14595.5904,-7.246664034340267,-5.624400092784187,公开指数日线计算（周K最后实际交易日）
20260731,399001.SZ,深证成指,week,周K,13578.93,14815.776049999997,14594.758266666666,-8.3481691801085,-6.960226734188135,公开指数日线计算（周K最后实际交易日）
20260731,399001.SZ,深证成指,month,月K,13578.93,12592.8888,11574.150966666668,7.830142993083511,17.321175774422315,公开指数日线计算（月K最后实际交易日）
20260807,399001.SZ,深证成指,week,周K,14311.008,14838.01635,14620.9578,-3.5517439634038417,-2.1199007906308354,公开指数日线计算（周K最后实际交易日）
20260814,399001.SZ,深证成指,week,周K,14354.306,14867.713199999998,14628.762966666665,-3.4531685747072216,-1.8761461053955597,公开指数日线计算（周K最后实际交易日）
20260821,399001.SZ,深证成指,week,周K,14094.168,14904.776399999999,14622.532566666667,-5.438581420114419,-3.6133587958020352,公开指数日线计算（周K最后实际交易日）
20260828,399001.SZ,深证成指,week,周K,13953.065,14886.956049999999,14606.312800000002,-6.273216948202098,-4.47236622236381,公开指数日线计算（周K最后实际交易日）
20260831,399001.SZ,深证成指,month,月K,14014.997,12772.9081,11730.302766666666,9.724401759376944,19.476856469771775,公开指数日线计算（月K最后实际交易日）
20260904,399001.SZ,深证成指,week,周K,13516.969,14818.5337,14583.348666666665,-8.783356885033777,-7.312310025914027,公开指数日线计算（周K最后实际交易日）
20260904,399001.SZ,深证成指,month,月K,13516.969,12940.95325,11867.506633333334,4.4511075720020665,13.898979942709033,公开指数日线计算（月K最后实际交易日）
20200103,399006.SZ,创业板指,week,周K,1836.012,,,,,公开指数日线计算（周K最后实际交易日）
20200110,399006.SZ,创业板指,week,周K,1904.194,,,,,公开指数日线计算（周K最后实际交易日）
20200117,399006.SZ,创业板指,week,周K,1932.511,,,,,公开指数日线计算（周K最后实际交易日）
20200123,399006.SZ,创业板指,week,周K,1927.742,,,,,公开指数日线计算（周K最后实际交易日）
20200123,399006.SZ,创业板指,month,月K,1927.742,,,,,公开指数日线计算（月K最后实际交易日）
20200207,399006.SZ,创业板指,week,周K,2015.799,,,,,公开指数日线计算（周K最后实际交易日）
20200214,399006.SZ,创业板指,week,周K,2069.219,,,,,公开指数日线计算（周K最后实际交易日）
20200221,399006.SZ,创业板指,week,周K,2226.639,,,,,公开指数日线计算（周K最后实际交易日）
20200228,399006.SZ,创业板指,week,周K,2071.566,,,,,公开指数日线计算（周K最后实际交易日）
20200228,399006.SZ,创业板指,month,月K,2071.566,,,,,公开指数日线计算（月K最后实际交易日）
20200306,399006.SZ,创业板指,week,周K,2192.936,,,,,公开指数日线计算（周K最后实际交易日）
20200313,399006.SZ,创业板指,week,周K,2030.58,,,,,公开指数日线计算（周K最后实际交易日）
20200320,399006.SZ,创业板指,week,周K,1915.046,,,,,公开指数日线计算（周K最后实际交易日）
20200327,399006.SZ,创业板指,week,周K,1903.881,,,,,公开指数日线计算（周K最后实际交易日）
20200331,399006.SZ,创业板指,month,月K,1871.917,,,,,公开指数日线计算（月K最后实际交易日）
20200403,399006.SZ,创业板指,week,周K,1906.675,,,,,公开指数日线计算（周K最后实际交易日）
20200410,399006.SZ,创业板指,week,周K,1949.885,,,,,公开指数日线计算（周K最后实际交易日）
20200417,399006.SZ,创业板指,week,周K,2020.77,,,,,公开指数日线计算（周K最后实际交易日）
20200424,399006.SZ,创业板指,week,周K,2003.748,,,,,公开指数日线计算（周K最后实际交易日）
20200430,399006.SZ,创业板指,week,周K,2069.432,,,,,公开指数日线计算（周K最后实际交易日）
20200430,399006.SZ,创业板指,month,月K,2069.432,,,,,公开指数日线计算（月K最后实际交易日）
20200508,399006.SZ,创业板指,week,周K,2125.243,,,,,公开指数日线计算（周K最后实际交易日）
20200515,399006.SZ,创业板指,week,周K,2124.311,,,,,公开指数日线计算（周K最后实际交易日）
20200522,399006.SZ,创业板指,week,周K,2046.596,2013.6392500000002,,1.63667598354571,,公开指数日线计算（周K最后实际交易日）
20200529,399006.SZ,创业板指,week,周K,2086.666,2026.17195,,2.985632586612419,,公开指数日线计算（周K最后实际交易日）
20200529,399006.SZ,创业板指,month,月K,2086.666,,,,,公开指数日线计算（月K最后实际交易日）
20200605,399006.SZ,创业板指,week,周K,2166.375,2039.2810000000002,,6.232294617563738,,公开指数日线计算（周K最后实际交易日）
20200612,399006.SZ,创业板指,week,周K,2206.764,2052.9936500000003,,7.4900548279825285,,公开指数日线计算（周K最后实际交易日）
20200619,399006.SZ,创业板指,week,周K,2319.449,2072.5789999999997,,11.911246808927455,,公开指数日线计算（周K最后实际交易日）
20200624,399006.SZ,创业板指,week,周K,2382.473,2090.9127,,13.944164192029639,,公开指数日线计算（周K最后实际交易日）
20200630,399006.SZ,创业板指,month,月K,2438.197,,,,,公开指数日线计算（月K最后实际交易日）
20200703,399006.SZ,创业板指,week,周K,2462.563,2110.5798999999997,,16.677080076428297,,公开指数日线计算（周K最后实际交易日）
20200710,399006.SZ,创业板指,week,周K,2778.457,2138.1708,,29.945512304255573,,公开指数日线计算（周K最后实际交易日）
20200717,399006.SZ,创业板指,week,周K,2662.402,2167.7126,,22.82080198269827,,公开指数日线计算（周K最后实际交易日）
20200724,399006.SZ,创业板指,week,周K,2627.843,2189.45795,,20.02253799850322,,公开指数日线计算（周K最后实际交易日）
20200731,399006.SZ,创业板指,week,周K,2795.4,2227.6989500000004,2158.7059,25.48374186736495,29.49424930927369,公开指数日线计算（周K最后实际交易日）
20200731,399006.SZ,创业板指,month,月K,2795.4,,,,,公开指数日线计算（月K最后实际交易日）
20200807,399006.SZ,创业板指,week,周K,2749.953,2269.4443,2189.1706,21.17296732067846,25.61620368919626,公开指数日线计算（周K最后实际交易日）
20200814,399006.SZ,创业板指,week,周K,2668.712,2307.68585,2214.6545333333333,15.644510278554602,20.502406123958906,公开指数日线计算（周K最后实际交易日）
20200821,399006.SZ,创业板指,week,周K,2632.452,2343.9746999999998,2237.9859,12.307184885570678,17.62594214735669,公开指数日线计算（周K最后实际交易日）
20200828,399006.SZ,创业板指,week,周K,2757.839,2384.3724,2265.6558,15.663098599866343,21.723652816107375,公开指数日线计算（周K最后实际交易日）
20200831,399006.SZ,创业板指,month,月K,2728.313,,,,,公开指数日线计算（月K最后实际交易日）
20200904,399006.SZ,创业板指,week,周K,2732.155,2419.9416499999998,2289.5343333333335,12.901689179158527,19.332344583025108,公开指数日线计算（周K最后实际交易日）
20200911,399006.SZ,创业板指,week,周K,2536.618,2446.58515,2305.1143,3.679939363647322,10.043046455440408,公开指数日线计算（周K最后实际交易日）
20200918,399006.SZ,创业板指,week,周K,2596.082,2472.91765,2317.4290666666666,4.980527758374809,12.024227077385419,公开指数日线计算（周K最后实际交易日）
20200925,399006.SZ,创业板指,week,周K,2540.426,2493.6768,2333.0577333333335,1.8747096656631657,8.888261259201279,公开指数日线计算（周K最后实际交易日）
20200930,399006.SZ,创业板指,week,周K,2574.758,2516.19915,2345.7851333333333,2.327274055394213,9.76103324268658,公开指数日线计算（周K最后实际交易日）
20200930,399006.SZ,创业板指,month,月K,2574.758,,,,,公开指数日线计算（月K最后实际交易日）
20201009,399006.SZ,创业板指,week,周K,2672.934,2547.51605,2367.196933333333,4.923146607849627,12.915573789467016,公开指数日线计算（周K最后实际交易日）
20201016,399006.SZ,创业板指,week,周K,2724.497,2579.4076,2394.1786333333334,5.624911704532454,13.796730204996255,公开指数日线计算（周K最后实际交易日）
20201023,399006.SZ,创业板指,week,周K,2600.843,2601.131,2417.4107,-0.011072106710507956,7.58796591741735,公开指数日线计算（周K最后实际交易日）
20201030,399006.SZ,创业板指,week,周K,2655.865,2623.5860500000003,2442.3837,1.2303370038119876,8.740694592745601,公开指数日线计算（周K最后实际交易日）
20201030,399006.SZ,创业板指,month,月K,2655.865,,,,,公开指数日线计算（月K最后实际交易日）
20201106,399006.SZ,创业板指,week,周K,2733.072,2644.2672000000002,2468.4899333333333,3.3583898026644077,10.718377381000188,公开指数日线计算（周K最后实际交易日）
20201113,399006.SZ,创业板指,week,周K,2706.813,2660.4842,2491.358033333333,1.7413672293186355,8.648093280209812,公开指数日线计算（周K最后实际交易日）
20201120,399006.SZ,创业板指,week,周K,2667.093,2670.7107,2513.469533333334,-0.13545832575576622,6.112008306817729,公开指数日线计算（周K最后实际交易日）
20201127,399006.SZ,创业板指,week,周K,2618.991,2662.7374,2531.7881666666667,-1.6429107879733063,3.444317912589967,公开指数日线计算（周K最后实际交易日）
20201130,399006.SZ,创业板指,month,月K,2631.889,,,,,公开指数日线计算（月K最后实际交易日）
20201204,399006.SZ,创业板指,week,周K,2730.837,2666.15915,2551.9746333333333,2.425881065652069,7.008783094095272,公开指数日线计算（周K最后实际交易日）
20201211,399006.SZ,创业板指,week,周K,2687.781,2669.15605,2570.756966666667,0.6977842303375281,4.55212355157284,公开指数日线计算（周K最后实际交易日）
20201218,399006.SZ,创业板指,week,周K,2780.73,2668.42255,2595.2281,4.208758091929643,7.147807161921538,公开指数日线计算（周K最后实际交易日）
20201225,399006.SZ,创业板指,week,周K,2840.801,2672.96495,2620.3659333333335,6.27902172828716,8.41237721276027,公开指数日线计算（周K最后实际交易日）
20201231,399006.SZ,创业板指,week,周K,2966.256,2687.84215,2647.0286333333333,10.358266388522841,12.05983806320492,公开指数日线计算（周K最后实际交易日）
20201231,399006.SZ,创业板指,month,月K,2966.256,,,,,公开指数日线计算（月K最后实际交易日）
20210108,399006.SZ,创业板指,week,周K,3150.78,2713.7585499999996,2678.4958333333334,16.103917940673117,17.632439848857963,公开指数日线计算（周K最后实际交易日）
20210115,399006.SZ,创业板指,week,周K,3089.945,2730.36385,2704.1790333333333,13.169715457520436,14.265548320265943,公开指数日线计算（周K最后实际交易日）
20210122,399006.SZ,创业板指,week,周K,3358.238,2761.668,2736.704533333333,21.601800071550947,22.711018273851913,公开指数日线计算（周K最后实际交易日）
20210129,399006.SZ,创业板指,week,周K,3128.865,2791.28035,2758.9146000000005,12.094258106320277,13.409273342494888,公开指数日线计算（周K最后实际交易日）
20210129,399006.SZ,创业板指,month,月K,3128.865,,,,,公开指数日线计算（月K最后实际交易日）
20210205,399006.SZ,创业板指,week,周K,3193.707,2821.1616000000004,2772.7562666666663,13.205390290297414,15.181670974614336,公开指数日线计算（周K最后实际交易日）
20210210,399006.SZ,创业板指,week,周K,3413.81,2864.8308,2797.8032000000003,19.162709364895125,22.017517172044098,公开指数日线计算（周K最后实际交易日）
20210219,399006.SZ,创业板指,week,周K,3285.535,2900.36965,2819.7262666666666,13.279871067468928,16.519643727119227,公开指数日线计算（周K最后实际交易日）
20210226,399006.SZ,创业板指,week,周K,2914.113,2912.4286,2823.6833666666666,0.0578348942185114,3.202541559753014,公开指数日线计算（周K最后实际交易日）
20210226,399006.SZ,创业板指,month,月K,2914.113,,,,,公开指数日线计算（月K最后实际交易日）
20210305,399006.SZ,创业板指,week,周K,2871.972,2919.80235,2827.7506666666663,-1.6381365677029414,1.5638342465837507,公开指数日线计算（周K最后实际交易日）
20210312,399006.SZ,创业板指,week,周K,2756.813,2927.60085,2830.6873666666665,-5.833713636201454,-2.6097677736011793,公开指数日线计算（周K最后实际交易日）
20210319,399006.SZ,创业板指,week,周K,2671.518,2928.3835,2831.9895666666666,-8.771579951874465,-5.666389754943424,公开指数日线计算（周K最后实际交易日）
20210326,399006.SZ,创业板指,week,周K,2745.4,2928.9999,2831.574933333333,-6.268347772903637,-3.0433569784391157,公开指数日线计算（周K最后实际交易日）
20210331,399006.SZ,创业板指,month,月K,2758.501,,,,,公开指数日线计算（月K最后实际交易日）
20210402,399006.SZ,创业板指,week,周K,2852.229,2936.2707,2835.5774,-2.8621918272044966,0.5872384227635585,公开指数日线计算（周K最后实际交易日）
20210409,399006.SZ,创业板指,week,周K,2783.327,2942.0824000000002,2843.8010333333336,-5.396021539029638,-2.126521251820823,公开指数日线计算（周K最后实际交易日）
20210416,399006.SZ,创业板指,week,周K,2783.373,2950.3015,2850.044066666667,-5.658014952031176,-2.3392995022930796,公开指数日线计算（周K最后实际交易日）
20210423,399006.SZ,创业板指,week,周K,2994.488,2963.48405,2865.1794666666665,1.0461993206948295,4.513104147146851,公开指数日线计算（周K最后实际交易日）
20210430,399006.SZ,创业板指,week,周K,3091.395,2983.66475,2882.4006999999997,3.6106687254323644,7.250702513359797,公开指数日线计算（周K最后实际交易日）
20210430,399006.SZ,创业板指,month,月K,3091.395,,,,,公开指数日线计算（月K最后实际交易日）
20210507,399006.SZ,创业板指,week,周K,2910.411,2990.1488,2890.3165999999997,-2.6666833436516546,0.6952317957140242,公开指数日线计算（周K最后实际交易日）
20210514,399006.SZ,创业板指,week,周K,3033.806,2999.79905,2900.6269,1.133640935048641,4.5913902267127105,公开指数日线计算（周K最后实际交易日）
20210521,399006.SZ,创业板指,week,周K,3113.259,3007.1492000000003,2917.7074333333335,3.5285844812754874,6.702233556133441,公开指数日线计算（周K最后实际交易日）
20210528,399006.SZ,创业板指,week,周K,3232.291,3011.2247500000003,2936.9216333333334,7.341406515737492,10.057107527633624,公开指数日线计算（周K最后实际交易日）
20210531,399006.SZ,创业板指,month,月K,3309.069,,,,,公开指数日线计算（月K最后实际交易日）
20210604,399006.SZ,创业板指,week,周K,3242.612,3018.8581000000004,2953.9063,7.411872058511126,9.773691873706358,公开指数日线计算（周K最后实际交易日）
20210611,399006.SZ,创业板指,week,周K,3298.497,3015.87105,2973.6291,9.371287608599822,10.9249637084867,公开指数日线计算（周K最后实际交易日）
20210618,399006.SZ,创业板指,week,周K,3239.227,3021.38915,2992.7002333333335,7.209857426012123,8.237603082353484,公开指数日线计算（周K最后实际交易日）
20210625,399006.SZ,创业板指,week,周K,3347.699,3029.08875,3016.9905,10.518353085560793,10.96153600748826,公开指数日线计算（周K最后实际交易日）
20210630,399006.SZ,创业板指,month,月K,3477.178,,,,,公开指数日线计算（月K最后实际交易日）
20210702,399006.SZ,创业板指,week,周K,3333.897,3025.0931,3037.0924999999997,10.208079215809907,9.772652627471846,公开指数日线计算（周K最后实际交易日）
20210709,399006.SZ,创业板指,week,周K,3409.309,3031.2817999999997,3061.143433333333,12.470869583949629,11.373709669250731,公开指数日线计算（周K最后实际交易日）
20210716,399006.SZ,创业板指,week,周K,3432.647,3057.2084999999997,3082.8740000000003,12.280434913091476,11.34567938877813,公开指数日线计算（周K最后实际交易日）
20210723,399006.SZ,创业板指,week,周K,3469.873,3087.10355,3103.843066666667,12.398983182796064,11.792797685690548,公开指数日线计算（周K最后实际交易日）
20210730,399006.SZ,创业板指,week,周K,3440.182,3121.272,3119.6406,10.217308840754669,10.2749464153018,公开指数日线计算（周K最后实际交易日）
20210730,399006.SZ,创业板指,month,月K,3440.182,,,,,公开指数日线计算（月K最后实际交易日）
20210806,399006.SZ,创业板指,week,周K,3490.902,3162.2412,3130.978,10.393286887793373,11.495577420218229,公开指数日线计算（周K最后实际交易日）
20210813,399006.SZ,创业板指,week,周K,3345.126,3192.2275,3139.484033333333,4.78971188613595,6.550183548738353,公开指数日线计算（周K最后实际交易日）
20210820,399006.SZ,创业板指,week,周K,3192.9,3209.26105,3133.9727666666668,-0.5098073900843936,1.8802726673342818,公开指数日线计算（周K最后实际交易日）
20210827,399006.SZ,创业板指,week,周K,3257.072,3232.9483,3138.2463333333335,0.7461826717117592,3.786371560592383,公开指数日线计算（周K最后实际交易日）
20210831,399006.SZ,创业板指,month,月K,3214.117,2707.57105,,18.708500742759824,,公开指数日线计算（月K最后实际交易日）
20210903,399006.SZ,创业板指,week,周K,3102.145,3248.8869000000004,3135.1942666666664,-4.51668231356408,-1.0541377616706482,公开指数日线计算（周K最后实际交易日）
20210910,399006.SZ,创业板指,week,周K,3232.01,3260.763,3129.134266666667,-0.881787483481622,3.28767398795331,公开指数日线计算（周K最后实际交易日）
20210917,399006.SZ,创业板指,week,周K,3193.261,3265.8563000000004,3126.058466666667,-2.2228565292355507,2.1497529252864966,公开指数日线计算（周K最后实际交易日）
20210924,399006.SZ,创业板指,week,周K,3207.817,3280.7266000000004,3135.8486,-2.222361351293356,2.295021513474871,公开指数日线计算（周K最后实际交易日）
20210930,399006.SZ,创业板指,week,周K,3244.646,3291.2686000000003,3148.271066666667,-1.4165540910274,3.061201888037335,公开指数日线计算（周K最后实际交易日）
20210930,399006.SZ,创业板指,month,月K,3244.646,2773.41625,,16.990949339104787,,公开指数日线计算（月K最后实际交易日）
20211008,399006.SZ,创业板指,week,周K,3243.204,3297.76585,3164.4841,-1.6545095219540729,2.4876061156382523,公开指数日线计算（周K最后实际交易日）
20211015,399006.SZ,创业板指,week,周K,3276.321,3299.96735,3184.6442,-0.7165631502384362,2.8787140491235874,公开指数日线计算（周K最后实际交易日）
20211022,399006.SZ,创业板指,week,周K,3284.911,3302.0822999999996,3202.6279,-0.5200142952221265,2.569236969427524,公开指数日线计算（周K最后实际交易日）
20211029,399006.SZ,创业板指,week,周K,3350.665,3304.6907,3219.2424333333333,1.391183144613195,4.082406634115676,公开指数日线计算（周K最后实际交易日）
20211029,399006.SZ,创业板指,month,月K,3350.665,2837.3712,,18.090470503119228,,公开指数日线计算（月K最后实际交易日）
20211105,399006.SZ,创业板指,week,周K,3352.754,3310.36705,3238.2233333333334,1.2804305190265763,3.5368365574949934,公开指数日线计算（周K最后实际交易日）
20211112,399006.SZ,创业板指,week,周K,3430.141,3314.48915,3259.782266666667,3.489281296938329,5.22607706273388,公开指数日线计算（周K最后实际交易日）
20211119,399006.SZ,创业板指,week,周K,3418.96,3318.7423000000003,3273.9313333333334,3.019749379154857,4.429801724613647,公开指数日线计算（周K最后实际交易日）
20211126,399006.SZ,创业板指,week,周K,3468.865,3321.7201,3286.5136666666667,4.429780221397928,5.548473301140477,公开指数日线计算（周K最后实际交易日）
20211130,399006.SZ,创业板指,month,月K,3495.593,2918.555,,19.771359456991554,,公开指数日线计算（月K最后实际交易日）
20211203,399006.SZ,创业板指,week,周K,3478.666,3324.0210500000003,3305.4555000000005,4.65234568836439,5.24014012592211,公开指数日线计算（周K最后实际交易日）
20211210,399006.SZ,创业板指,week,周K,3466.797,3323.8672500000002,3319.8885333333333,4.300104042963793,4.425102384963608,公开指数日线计算（周K最后实际交易日）
20211217,399006.SZ,创业板指,week,周K,3434.339,3323.5751000000005,3330.5912000000003,3.3326733011087795,3.1149965207378116,公开指数日线计算（周K最后实际交易日）
20211224,399006.SZ,创业板指,week,周K,3297.106,3313.8853000000004,3332.7517,-0.5063331552241812,-1.0695576271103402,公开指数日线计算（周K最后实际交易日）
20211231,399006.SZ,创业板指,week,周K,3322.673,3312.7626499999997,3335.4204,0.2991566570578197,-0.38218270776302354,公开指数日线计算（周K最后实际交易日）
20211231,399006.SZ,创业板指,month,月K,3322.673,2981.21705,,11.453575646228087,,公开指数日线计算（月K最后实际交易日）
20220107,399006.SZ,创业板指,week,周K,3096.881,3307.9617,3328.699866666667,-6.380989840359996,-6.9642465813179015,公开指数日线计算（周K最后实际交易日）
20220114,399006.SZ,创业板指,week,周K,3119.408,3301.0785000000005,3324.7059,-5.503368065921499,-6.174919110890375,公开指数日线计算（周K最后实际交易日）
20220121,399006.SZ,创业板指,week,周K,3034.679,3297.7051999999994,3314.2719,-7.9760373971572545,-8.436027834650506,公开指数日线计算（周K最后实际交易日）
20220128,399006.SZ,创业板指,week,周K,2908.945,3281.55195,3300.1068333333333,-11.354595498632891,-11.853005162812646,公开指数日线计算（周K最后实际交易日）
20220128,399006.SZ,创业板指,month,月K,2908.945,3022.331,,-3.7516076167699697,,公开指数日线计算（月K最后实际交易日）
20220211,399006.SZ,创业板指,week,周K,2746.383,3259.20805,3278.0092999999997,-15.734652164963824,-16.217961919754163,公开指数日线计算（周K最后实际交易日）
20220218,399006.SZ,创业板指,week,周K,2826.813,3240.15785,3257.8148333333334,-12.756935591887908,-13.229783010483153,公开指数日线计算（周K最后实际交易日）
20220225,399006.SZ,创业板指,week,周K,2855.803,3220.7156999999997,3237.3458333333333,-11.330174221835222,-11.785668043394605,公开指数日线计算（周K最后实际交易日）
20220228,399006.SZ,创业板指,month,月K,2881.306,3044.48645,,-5.359867835838116,,公开指数日线计算（月K最后实际交易日）
20220304,399006.SZ,创业板指,week,周K,2748.638,3195.9874,3214.2943666666665,-13.997220389542209,-14.487047965976064,公开指数日线计算（周K最后实际交易日）
20220311,399006.SZ,创业板指,week,周K,2665.462,3165.44445,3186.7797,-15.795015767848962,-16.358761793292466,公开指数日线计算（周K最后实际交易日）
20220318,399006.SZ,创业板指,week,周K,2713.795,3136.88865,3165.735333333333,-13.487684683994116,-14.275998646338717,公开指数日线计算（周K最后实际交易日）
20220325,399006.SZ,创业板指,week,周K,2637.944,3101.2526,3147.2367999999997,-14.939402227345166,-16.182220543430347,公开指数日线计算（周K最后实际交易日）
20220331,399006.SZ,创业板指,month,月K,2659.492,3037.6910500000004,,-12.450214448240226,,公开指数日线计算（月K最后实际交易日）
20220401,399006.SZ,创业板指,week,周K,2666.969,3066.96335,3127.5667,-13.04203227599704,-14.727030441908717,公开指数日线计算（周K最后实际交易日）
20220408,399006.SZ,创业板指,week,周K,2569.911,3023.9518500000004,3109.825566666667,-15.014817448234174,-17.361570772774428,公开指数日线计算（周K最后实际交易日）
20220415,399006.SZ,创业板指,week,周K,2460.362,2976.0219500000003,3084.1039666666666,-17.327155466712874,-20.224414397443734,公开指数日线计算（周K最后实际交易日）
20220422,399006.SZ,创业板指,week,周K,2296.595,2917.40845,3054.2151,-21.2796206167155,-24.80572177120073,公开指数日线计算（周K最后实际交易日）
20220429,399006.SZ,创业板指,week,周K,2319.137,2859.432,3024.5924333333332,-18.89518617683511,-23.323983276512628,公开指数日线计算（周K最后实际交易日）
20220429,399006.SZ,创业板指,month,月K,2319.137,3017.23225,,-23.1369411486305,,公开指数日线计算（月K最后实际交易日）
20220506,399006.SZ,创业板指,week,周K,2244.969,2798.3406,2991.2698666666665,-19.77499093569953,-24.949299124866652,公开指数日线计算（周K最后实际交易日）
20220513,399006.SZ,创业板指,week,周K,2358.161,2744.5317,2961.768433333333,-14.077837031359486,-20.379967135175413,公开指数日线计算（周K最后实际交易日）
20220520,399006.SZ,创业板指,week,周K,2417.349,2700.54385,2933.1360333333337,-10.486585877877886,-17.584831643392018,公开指数日线计算（周K最后实际交易日）
20220527,399006.SZ,创业板指,week,周K,2322.482,2650.5343000000003,2901.055066666667,-12.37683662497785,-19.943539621653972,公开指数日线计算（周K最后实际交易日）
20220531,399006.SZ,创业板指,month,月K,2405.085,3008.7486,,-20.063610499062634,,公开指数日线计算（月K最后实际交易日）
20220602,399006.SZ,创业板指,week,周K,2458.256,2618.60305,2871.3081,-6.123381319669674,-14.385502551955343,公开指数日线计算（周K最后实际交易日）
20220610,399006.SZ,创业板指,week,周K,2556.473,2590.4563000000003,2844.7653999999998,-1.311865403790069,-10.134136192741938,公开指数日线计算（周K最后实际交易日）
20220617,399006.SZ,创业板指,week,周K,2657.212,2571.58295,2819.0011,3.329818701745557,-5.739235078695071,公开指数日线计算（周K最后实际交易日）
20220624,399006.SZ,创业板指,week,周K,2824.44,2567.3576999999996,2799.183766666667,10.013497534839043,0.9022713561749773,公开指数日线计算（周K最后实际交易日）
20220630,399006.SZ,创业板指,month,月K,2810.601,3016.4854,2784.9854666666665,-6.825307359352706,0.919772603481217,公开指数日线计算（月K最后实际交易日）
20220701,399006.SZ,创业板指,week,周K,2781.943,2569.1357,2776.2863666666667,8.283225366414104,0.20374819403536915,公开指数日线计算（周K最后实际交易日）
20220708,399006.SZ,创业板指,week,周K,2817.639,2568.677,2754.2521333333334,9.692226776663638,2.301418446754644,公开指数日线计算（周K最后实际交易日）
20220715,399006.SZ,创业板指,week,周K,2760.499,2563.9118000000003,2730.7088666666664,7.6674712445256255,1.090930406275703,公开指数日线计算（周K最后实际交易日）
20220722,399006.SZ,创业板指,week,周K,2737.314,2563.3456,2707.4746999999998,6.786771163435779,1.1021081748243233,公开指数日线计算（周K最后实际交易日）
20220729,399006.SZ,创业板指,week,周K,2670.451,2563.59505,2686.5861999999997,4.168207065308538,-0.6005837445305029,公开指数日线计算（周K最后实际交易日）
20220729,399006.SZ,创业板指,month,月K,2670.451,3018.4134999999997,2809.7424333333333,-11.527993099686295,-4.957444913129816,公开指数日线计算（月K最后实际交易日）
20220805,399006.SZ,创业板指,week,周K,2683.602,2562.0854,2665.2838333333334,4.742878594132738,0.6872876516028192,公开指数日线计算（周K最后实际交易日）
20220812,399006.SZ,创业板指,week,周K,2690.831,2564.72975,2651.748833333333,4.91674610161168,1.4738261095995187,公开指数日线计算（周K最后实际交易日）
20220819,399006.SZ,创业板指,week,周K,2734.218,2568.0922,2638.909166666667,6.468840955165067,3.6116754050205646,公开指数日线计算（周K最后实际交易日）
20220826,399006.SZ,创业板指,week,周K,2640.291,2571.6112,2625.7629,2.670691432670713,0.5532906265070636,公开指数日线计算（周K最后实际交易日）
20220831,399006.SZ,创业板指,month,月K,2570.415,2998.62145,2826.3707333333327,-14.280110282009762,-9.05598583776257,公开指数日线计算（月K最后实际交易日）
20220902,399006.SZ,创业板指,week,周K,2533.023,2575.2442499999997,2613.232166666667,-1.6395046799929647,-3.0693471360785596,公开指数日线计算（周K最后实际交易日）
20220909,399006.SZ,创业板指,week,周K,2548.216,2587.8253,2606.6266000000005,-1.5306017759390556,-2.240850300537889,公开指数日线计算（周K最后实际交易日）
20220916,399006.SZ,创业板指,week,周K,2367.398,2590.23835,2591.312766666667,-8.603082801241047,-8.640978022683822,公开指数日线计算（周K最后实际交易日）
20220923,399006.SZ,创业板指,week,周K,2303.905,2593.1851500000002,2572.916166666667,-11.155398988768695,-10.455496768679529,公开指数日线计算（周K最后实际交易日）
20220930,399006.SZ,创业板指,week,周K,2288.969,2589.72555,2557.593866666667,-11.613452630144538,-10.503030608873331,公开指数日线计算（周K最后实际交易日）
20220930,399006.SZ,创业板指,month,月K,2288.969,2956.6266499999997,2840.272466666667,-22.581736858794788,-19.41023169913253,公开指数日线计算（月K最后实际交易日）
20221014,399006.SZ,创业板指,week,周K,2434.219,2590.56905,2549.8857666666668,-6.035355436675194,-4.536154841864615,公开指数日线计算（周K最后实际交易日）
20221021,399006.SZ,创业板指,week,周K,2395.157,2594.2028,2539.2645,-7.672715487008186,-5.675166962716959,公开指数日线计算（周K最后实际交易日）
20221028,399006.SZ,创业板指,week,周K,2250.51,2583.8155,2526.3500333333336,-12.899740712910802,-10.918519987089148,公开指数日线计算（周K最后实际交易日）
20221031,399006.SZ,创业板指,month,月K,2265.078,2924.1749,2846.794,-22.539585439981725,-20.43407426037851,公开指数日线计算（月K最后实际交易日）
20221104,399006.SZ,创业板指,week,周K,2451.223,2578.553,2519.1585,-4.938040831427548,-2.6967536977129503,公开指数日线计算（周K最后实际交易日）
20221111,399006.SZ,创业板指,week,周K,2405.318,2565.9583,2513.6720666666665,-6.260440787365862,-4.310588803668114,公开指数日线计算（周K最后实际交易日）
20221118,399006.SZ,创业板指,week,周K,2389.76,2544.2243,2511.318666666667,-6.071174620885422,-4.840431773161413,公开指数日线计算（周K最后实际交易日）
20221125,399006.SZ,创业板指,week,周K,2309.36,2520.59515,2511.744166666667,-8.380368025384799,-8.057515146347505,公开指数日线计算（周K最后实际交易日）
20221130,399006.SZ,创业板指,month,月K,2345.313,2903.5155000000004,2855.415566666666,-19.225056659762974,-17.864389779948763,公开指数日线计算（月K最后实际交易日）
20221202,399006.SZ,创业板指,week,周K,2383.322,2498.8793,2513.883666666667,-4.624365010346832,-5.193624048633394,公开指数日线计算（周K最后实际交易日）
20221209,399006.SZ,创业板指,week,周K,2420.629,2481.8858,2519.739,-2.4681554646873827,-3.933343889982266,公开指数日线计算（周K最后实际交易日）
20221216,399006.SZ,创业板指,week,周K,2373.723,2463.70625,2520.2577333333334,-3.6523530351883604,-5.814275714552586,公开指数日线计算（周K最后实际交易日）
20221223,399006.SZ,创业板指,week,周K,2286.188,2444.4931,2515.8857,-6.475988825658785,-9.129894096540225,公开指数日线计算（周K最后实际交易日）
20221230,399006.SZ,创业板指,week,周K,2346.767,2427.65135,2516.6952,-3.3317943287037632,-6.752037354384443,公开指数日线计算（周K最后实际交易日）
20221230,399006.SZ,创业板指,month,月K,2346.767,2866.2841,2852.3678999999997,-18.125108393826007,-17.725655235427375,公开指数日线计算（月K最后实际交易日）
20230106,399006.SZ,创业板指,week,周K,2422.141,2414.21685,2515.4913666666666,0.32822859305285945,-3.7110191632407474,公开指数日线计算（周K最后实际交易日）
20230113,399006.SZ,创业板指,week,周K,2493.126,2402.1622500000003,2513.3798,3.7867446297601193,-0.8058392129991598,公开指数日线计算（周K最后实际交易日）
20230120,399006.SZ,创业板指,week,周K,2585.963,2399.44585,2511.0048333333334,7.773342749118517,2.9851860765700122,公开指数日线计算（周K最后实际交易日）
20230131,399006.SZ,创业板指,month,月K,2580.839,2829.8725999999997,2845.2158666666664,-8.800170014720798,-9.291979204952172,公开指数日线计算（月K最后实际交易日）
20230203,399006.SZ,创业板指,week,周K,2580.111,2401.8002500000002,2502.860533333333,7.424045775663468,3.0864870670114453,公开指数日线计算（周K最后实际交易日）
20230210,399006.SZ,创业板指,week,周K,2545.156,2401.6472500000004,2494.967633333333,5.975429988729597,2.0115838777280626,公开指数日线计算（周K最后实际交易日）
20230217,399006.SZ,创业板指,week,周K,2449.351,2405.7449,2482.691366666667,1.8125820405979098,-1.3429122570088325,公开指数日线计算（周K最后实际交易日）
20230224,399006.SZ,创业板指,week,周K,2428.936,2411.99645,2471.639266666667,0.7023041016499088,-1.7277305488133776,公开指数日线计算（周K最后实际交易日）
20230228,399006.SZ,创业板指,month,月K,2429.027,2777.4650500000002,2835.239666666667,-12.545182161698133,-14.3272779173636,公开指数日线计算（月K最后实际交易日）
20230303,399006.SZ,创业板指,week,周K,2422.437,2418.6698499999998,2461.1433666666667,0.15575296479592993,-1.5726985754222822,公开指数日线计算（周K最后实际交易日）
20230310,399006.SZ,创业板指,week,周K,2370.358,2415.4768,2451.1402666666672,-1.867904506472584,-3.2957015053456606,公开指数日线计算（周K最后实际交易日）
20230317,399006.SZ,创业板指,week,周K,2293.67,2410.40245,2438.1425333333336,-4.842861406816112,-5.925516304242329,公开指数日线计算（周K最后实际交易日）
20230324,399006.SZ,创业板指,week,周K,2370.38,2416.39595,2427.460833333333,-1.9043215992809448,-2.3514625879648476,公开指数日线计算（周K最后实际交易日）
20230331,399006.SZ,创业板指,week,周K,2399.502,2413.8099,2416.3036333333334,-0.5927517324376019,-0.6953444551236032,公开指数日线计算（周K最后实际交易日）
20230331,399006.SZ,创业板指,month,月K,2399.502,2725.43105,2829.3978,-11.958807396723547,-15.1938974434772,公开指数日线计算（月K最后实际交易日）
20230407,399006.SZ,创业板指,week,周K,2446.945,2415.89125,2409.8587666666663,1.2853951931818042,1.5389380426070298,公开指数日线计算（周K最后实际交易日）
20230414,399006.SZ,创业板指,week,周K,2428.09,2417.80775,2406.361,0.42527161226944,0.9029817221938075,公开指数日线计算（周K最后实际交易日）
20230421,399006.SZ,创业板指,week,周K,2341.191,2419.3993,2399.4601666666663,-3.2325503276784517,-2.4284281721423273,公开指数日线计算（周K最后实际交易日）
20230428,399006.SZ,创业板指,week,周K,2324.715,2416.46895,2398.0374,-3.7970258214987562,-3.0576003526884166,公开指数日线计算（周K最后实际交易日）
20230428,399006.SZ,创业板指,month,月K,2324.715,2680.9609499999997,2818.359466666667,-13.287994739348951,-17.515312454110422,公开指数日线计算（月K最后实际交易日）
20230505,399006.SZ,创业板指,week,周K,2267.632,2408.8190999999997,2396.8283,-5.861257908491324,-5.390302676249281,公开指数日线计算（周K最后实际交易日）
20230512,399006.SZ,创业板指,week,周K,2252.38,2402.7519500000003,2395.6086666666665,-6.258321838007463,-5.978800655532767,公开指数日线计算（周K最后实际交易日）
20230519,399006.SZ,创业板指,week,周K,2278.585,2402.3718,2390.420866666667,-5.152691186268498,-4.678501105230759,公开指数日线计算（周K最后实际交易日）
20230526,399006.SZ,创业板指,week,周K,2229.268,2396.49685,2384.8912333333333,-6.978054237792963,-6.525380745176401,公开指数日线计算（周K最后实际交易日）
20230531,399006.SZ,创业板指,month,月K,2193.408,2628.39905,2803.7434333333335,-16.549657861122725,-21.768590737552394,公开指数日线计算（月K最后实际交易日）
20230602,399006.SZ,创业板指,week,周K,2233.275,2387.05355,2384.3167333333336,-6.442191043430922,-6.3348015480381825,公开指数日线计算（周K最后实际交易日）
20230609,399006.SZ,创业板指,week,周K,2143.009,2369.5477,2374.042933333333,-9.560419484275418,-9.731666183852216,公开指数日线计算（周K最后实际交易日）
20230616,399006.SZ,创业板指,week,周K,2270.064,2353.75275,2369.5344666666665,-3.555545500690349,-4.1978906855318465,公开指数日线计算（周K最后实际交易日）
20230621,399006.SZ,创业板指,week,周K,2211.836,2335.339,2363.603666666667,-5.288439922426691,-6.421028567818277,公开指数日线计算（周K最后实际交易日）
20230630,399006.SZ,创业板指,week,周K,2215.001,2318.83125,2360.4583666666663,-4.477697546986226,-6.162250888249066,公开指数日线计算（周K最后实际交易日）
20230630,399006.SZ,创业板指,month,月K,2215.001,2571.61585,2778.7016,-13.867345311314672,-20.286474805355127,公开指数日线计算（月K最后实际交易日）
20230707,399006.SZ,创业板指,week,周K,2169.208,2304.8241000000003,2353.3212333333336,-5.884010844905696,-7.823548724478579,公开指数日线计算（周K最后实际交易日）
20230714,399006.SZ,创业板指,week,周K,2224.096,2294.5821,2346.7701333333334,-3.0718491179722918,-5.227360430017402,公开指数日线计算（周K最后实际交易日）
20230721,399006.SZ,创业板指,week,周K,2163.117,2281.6161,2339.749933333333,-5.193647607938956,-7.549222710381365,公开指数日线计算（周K最后实际交易日）
20230728,399006.SZ,创业板指,week,周K,2219.538,2274.0751,2337.5282666666667,-2.3982101558563285,-5.047650903273215,公开指数日线计算（周K最后实际交易日）
20230731,399006.SZ,创业板指,month,月K,2236.673,2508.66985,2748.9618666666665,-10.842273645533728,-18.635721101793877,公开指数日线计算（月K最后实际交易日）
20230804,399006.SZ,创业板指,week,周K,2263.373,2272.5602499999995,2334.748466666667,-0.404268709707456,-3.057094487294809,公开指数日线计算（周K最后实际交易日）
20230811,399006.SZ,创业板指,week,周K,2187.036,2263.3930499999997,2326.9116333333336,-3.3735656297079974,-6.011213805010707,公开指数日线计算（周K最后实际交易日）
20230818,399006.SZ,创业板指,week,周K,2118.925,2249.3642,2314.4382666666666,-5.798936428347168,-8.447547272377731,公开指数日线计算（周K最后实际交易日）
20230825,399006.SZ,创业板指,week,周K,2040.399,2229.0369,2296.2528,-8.462753577565273,-11.14223137800857,公开指数日线计算（周K最后实际交易日）
20230831,399006.SZ,创业板指,month,月K,2102.575,2447.66495,2721.9106,-14.0987413330407,-22.753708369407878,公开指数日线计算（月K最后实际交易日）
20230901,399006.SZ,创业板指,week,周K,2100.258,2212.6453,2280.2577000000006,-5.079318406795719,-7.89383147352164,公开指数日线计算（周K最后实际交易日）
20230908,399006.SZ,创业板指,week,周K,2049.765,2198.0739999999996,2263.744666666667,-6.7472250706754995,-9.452464750883284,公开指数日线计算（周K最后实际交易日）
20230915,399006.SZ,创业板指,week,周K,2002.728,2181.97465,2248.8572333333336,-8.214882331469797,-10.9446357770125,公开指数日线计算（周K最后实际交易日）
20230922,399006.SZ,创业板指,week,周K,2013.344,2169.2602500000003,2235.0041666666666,-7.187530864496328,-9.917662345894207,公开指数日线计算（周K最后实际交易日）
20230928,399006.SZ,创业板指,week,周K,2003.908,2156.83665,2221.0532000000003,-7.090414102523724,-9.77667711876511,公开指数日线计算（周K最后实际交易日）
20230928,399006.SZ,创业板指,month,月K,2003.908,2402.4131,2696.7575,-16.58770092454126,-25.691946717493142,公开指数日线计算（月K最后实际交易日）
20231013,399006.SZ,创业板指,week,周K,1996.601,2142.7374499999996,2208.5946333333336,-6.820081947043932,-9.59857595114143,公开指数日线计算（周K最后实际交易日）
20231020,399006.SZ,创业板指,week,周K,1896.946,2126.1213500000003,2195.3705,-10.779034319936653,-13.593354743538733,公开指数日线计算（周K最后实际交易日）
20231027,399006.SZ,创业板指,week,周K,1929.909,2110.95305,2180.6881333333336,-8.576412914536402,-11.49999990828584,公开指数日线计算（周K最后实际交易日）
20231031,399006.SZ,创业板指,month,月K,1968.226,2356.7591,2659.318533333333,-16.485906429723773,-25.987580076279183,公开指数日线计算（月K最后实际交易日）
20231103,399006.SZ,创业板指,week,周K,1968.213,2102.21325,2166.311833333333,-6.374246285432738,-9.144520668038636,公开指数日线计算（周K最后实际交易日）
20231110,399006.SZ,创业板指,week,周K,2005.235,2088.9718,2151.5881666666664,-4.008517491715303,-6.802099441428111,公开指数日线计算（周K最后实际交易日）
20231117,399006.SZ,创业板指,week,周K,1986.526,2077.7063000000003,2136.869366666667,-4.3885076538488725,-7.035683557071604,公开指数日线计算（周K最后实际交易日）
20231124,399006.SZ,创业板指,week,周K,1937.94,2063.8532499999997,2123.4276666666665,-6.100881930437618,-8.735294805583981,公开指数日线计算（周K最后实际交易日）
20231130,399006.SZ,创业板指,month,月K,1922.591,2319.91405,2613.1025999999997,-17.12662803175833,-26.42497083734867,公开指数日线计算（月K最后实际交易日）
20231201,399006.SZ,创业板指,week,周K,1926.284,2051.70705,2110.1466333333333,-6.11310713193679,-8.71326335473147,公开指数日线计算（周K最后实际交易日）
20231208,399006.SZ,创业板指,week,周K,1892.178,2035.11115,2097.6315,-7.023358404773116,-9.794546849625396,公开指数日线计算（周K最后实际交易日）
20231215,399006.SZ,创业板指,week,周K,1848.501,2019.3803500000001,2084.1688666666664,-8.46196953436732,-11.307522650195988,公开指数日线计算（周K最后实际交易日）
20231222,399006.SZ,创业板指,week,周K,1825.842,1999.69555,2069.0774333333334,-8.694000944293734,-11.755743376963668,公开指数日线计算（周K最后实际交易日）
20231229,399006.SZ,创业板指,week,周K,1891.366,1981.0952000000002,2057.8140333333336,-4.529272495334913,-8.088584810733067,公开指数日线计算（周K最后实际交易日）
20231229,399006.SZ,创业板指,month,月K,1891.366,2298.5255,2560.2422,-17.71394313441379,-26.125504844815072,公开指数日线计算（月K最后实际交易日）
20240105,399006.SZ,创业板指,week,周K,1775.577,1960.52225,2042.5574333333332,-9.433468556656265,-13.070889903822035,公开指数日线计算（周K最后实际交易日）
20240112,399006.SZ,创业板指,week,周K,1761.16,1942.634,2029.8291333333334,-9.3416464449814,-13.236046764790089,公开指数日线计算（周K最后实际交易日）
20240119,399006.SZ,创业板指,week,周K,1715.436,1926.3858500000001,2011.3415333333332,-10.950550223362587,-14.71184920260351,公开指数日线计算（周K最后实际交易日）
20240126,399006.SZ,创业板指,week,周K,1682.478,1905.49685,1993.6962666666666,-11.703973690641368,-15.610114332360347,公开指数日线计算（周K最后实际交易日）
20240131,399006.SZ,创业板指,month,月K,1573.372,2256.93985,2498.0152,-30.28737562500835,-37.01511504013265,公开指数日线计算（月K最后实际交易日）
20240202,399006.SZ,创业板指,week,周K,1550.374,1880.5273000000002,1971.5420333333334,-17.556421541979216,-21.362366422452304,公开指数日线计算（周K最后实际交易日）
20240208,399006.SZ,创业板指,week,周K,1726.859,1866.7338499999998,1956.7970666666665,-7.493025853685564,-11.750736475620227,公开指数日线计算（周K最后实际交易日）
20240223,399006.SZ,创业板指,week,周K,1758.193,1853.9762999999998,1941.2669666666666,-5.166371328479213,-9.4306434823347,公开指数日线计算（周K最后实际交易日）
20240229,399006.SZ,创业板指,month,月K,1807.034,2206.7615,2451.1124333333332,-18.11376082100399,-26.27698446527129,公开指数日线计算（月K最后实际交易日）
20240301,399006.SZ,创业板指,week,周K,1824.035,1844.98265,1929.9642333333334,-1.13538466066333,-5.488663028245755,公开指数日线计算（周K最后实际交易日）
20240308,399006.SZ,创业板指,week,周K,1807.294,1835.5173000000002,1916.2227666666668,-1.5376210292324721,-5.684556543295427,公开指数日线计算（周K最后实际交易日）
20240315,399006.SZ,创业板指,week,周K,1884.088,1834.8744,1903.5799333333334,2.6821236374544144,-1.0239619042002324,公开指数日线计算（周K最后实际交易日）
20240322,399006.SZ,创业板指,week,周K,1869.175,1831.8377,1892.9845666666668,2.0382427984749985,-1.2577792278884115,公开指数日线计算（周K最后实际交易日）
20240329,399006.SZ,创业板指,week,周K,1818.203,1824.3372000000004,1882.9605000000001,-0.33624266391105717,-3.439132153860913,公开指数日线计算（周K最后实际交易日）
20240329,399006.SZ,创业板指,month,月K,1818.203,2164.1491,2403.5643333333337,-15.985317277816025,-24.353886651393996,公开指数日线计算（月K最后实际交易日）
20240403,399006.SZ,创业板指,week,周K,1840.412,1816.09605,1876.2942666666668,1.338913214419457,-1.9124008053605257,公开指数日线计算（周K最后实际交易日）
20240412,399006.SZ,创业板指,week,周K,1762.877,1804.9135999999999,1865.0482333333334,-2.3290089896823796,-5.478208633281644,公开指数日线计算（周K最后实际交易日）
20240419,399006.SZ,创业板指,week,周K,1756.001,1795.8166500000002,1855.2561,-2.21713335824123,-5.349940636228068,公开指数日线计算（周K最后实际交易日）
20240426,399006.SZ,创业板指,week,周K,1823.741,1790.6895,1849.2898666666665,1.845741542573398,-1.3815501359296434,公开指数日线计算（周K最后实际交易日）
20240430,399006.SZ,创业板指,week,周K,1858.393,1789.0002500000003,1844.1248333333335,3.8788563612553784,0.7737093719884625,公开指数日线计算（周K最后实际交易日）
20240430,399006.SZ,创业板指,month,月K,1858.393,2128.548,2353.821933333333,-12.691985334603672,-21.047851000000584,公开指数日线计算（月K最后实际交易日）
20240510,399006.SZ,创业板指,week,周K,1878.165,1790.4834500000002,1839.9334000000001,4.897087990397209,2.0778795580318254,公开指数日线计算（周K最后实际交易日）
20240517,399006.SZ,创业板指,week,周K,1864.939,1792.4383000000003,1835.544666666667,4.044808683233336,1.6013956983522037,公开指数日线计算（周K最后实际交易日）
20240524,399006.SZ,创业板指,week,周K,1818.562,1788.7981,1832.9318666666666,1.6639049426539376,-0.7839825870232353,公开指数日线计算（周K最后实际交易日）
20240531,399006.SZ,创业板指,week,周K,1805.109,1790.2747000000004,1828.7718666666667,0.8286046828455795,-1.29392118820143,公开指数日线计算（周K最后实际交易日）
20240531,399006.SZ,创业板指,month,月K,1805.109,2104.355,2297.4724666666666,-14.22031929023383,-21.43065798655781,公开指数日线计算（月K最后实际交易日）
20240607,399006.SZ,创业板指,week,周K,1781.07,1791.2702000000002,1822.533766666667,-0.5694394960626403,-2.2750616435766924,公开指数日线计算（周K最后实际交易日）
20240614,399006.SZ,创业板指,week,周K,1791.362,1795.0665000000001,1815.4046666666666,-0.20637118457729198,-1.324369552867355,公开指数日线计算（周K最后实际交易日）
20240621,399006.SZ,创业板指,week,周K,1755.876,1798.7364000000002,1807.7163333333333,-2.382806063189702,-2.8677250062648096,公开指数日线计算（周K最后实际交易日）
20240628,399006.SZ,创业板指,week,周K,1683.43,1805.3892,1799.2326666666668,-6.755285785469411,-6.4362252204550945,公开指数日线计算（周K最后实际交易日）
20240628,399006.SZ,创业板指,month,月K,1683.43,2075.2726,2242.831033333334,-18.881500194239532,-24.941737697553723,公开指数日线计算（月K最后实际交易日）
20240705,399006.SZ,创业板指,week,周K,1655.594,1801.82595,1790.2096666666666,-8.115764455495821,-7.519547524135439,公开指数日线计算（周K最后实际交易日）
20240712,399006.SZ,创业板指,week,周K,1683.629,1798.0977500000001,1783.2580333333333,-6.366102732735202,-5.586910669742117,公开指数日线计算（周K最后实际交易日）
20240719,399006.SZ,创业板指,week,周K,1725.487,1793.1703499999999,1779.1575666666665,-3.774507536330818,-3.0166280756808272,公开指数日线计算（周K最后实际交易日）
20240726,399006.SZ,创业板指,week,周K,1659.534,1785.78235,1773.6139666666668,-7.069638133672884,-6.432062941016914,公开指数日线计算（周K最后实际交易日）
20240731,399006.SZ,创业板指,month,月K,1688.142,2042.4140499999999,2202.1376,-17.34575073061213,-23.340757634763598,公开指数日线计算（月K最后实际交易日）
20240802,399006.SZ,创业板指,week,周K,1638.304,1773.4931500000002,1765.1785666666667,-7.622761328398708,-7.18763353818953,公开指数日线计算（周K最后实际交易日）
20240809,399006.SZ,创业板指,week,周K,1595.642,1759.8165000000001,1759.1807333333336,-9.32906925239081,-9.296300842464145,公开指数日线计算（周K最后实际交易日）
20240816,399006.SZ,创业板指,week,周K,1591.461,1748.4793999999997,1753.5240999999999,-8.98028309627209,-9.242137019958829,公开指数日线计算（周K最后实际交易日）
20240823,399006.SZ,创业板指,week,周K,1546.903,1733.80395,1747.9063333333331,-10.779820290523624,-11.499662739364936,公开指数日线计算（周K最后实际交易日）
20240830,399006.SZ,创业板指,week,周K,1580.459,1724.68305,1744.5057000000002,-8.362350983851785,-9.403620750565622,公开指数日线计算（周K最后实际交易日）
20240830,399006.SZ,创业板指,month,月K,1580.459,2004.09865,2158.7760333333335,-21.138662510450768,-26.789116814510994,公开指数日线计算（月K最后实际交易日）
20240906,399006.SZ,创业板指,week,周K,1538.072,1713.7866000000001,1744.0956333333334,-10.253003495301005,-11.812633974639276,公开指数日线计算（周K最后实际交易日）
20240913,399006.SZ,创业板指,week,周K,1535.168,1699.35795,1737.7059333333334,-9.661881418214458,-11.655478032742717,公开指数日线计算（周K最后实际交易日）
20240920,399006.SZ,创业板指,week,周K,1536.599,1683.2682499999999,1730.3194666666668,-8.713361640368367,-11.195647416477094,公开指数日线计算（周K最后实际交易日）
20240927,399006.SZ,创业板指,week,周K,1885.489,1683.63445,1732.3679333333334,11.989214760959532,8.838830580986269,公开指数日线计算（周K最后实际交易日）
20240930,399006.SZ,创业板指,week,周K,2175.086,1699.1417999999999,1744.6276666666668,28.010858187350806,24.67336392502466,公开指数日线计算（周K最后实际交易日）
20240930,399006.SZ,创业板指,month,月K,2175.086,1983.8110000000001,2142.6291666666666,9.641795513786322,1.5148133815347409,公开指数日线计算（月K最后实际交易日）
20241011,399006.SZ,创业板指,week,周K,2100.871,1713.25725,1751.8537666666668,22.624375294486576,19.922737843434525,公开指数日线计算（周K最后实际交易日）
20241018,399006.SZ,创业板指,week,周K,2195.101,1732.7568500000002,1762.7179666666666,26.682575226870387,24.52933716622734,公开指数日线计算（周K最后实际交易日）
20241025,399006.SZ,创业板指,week,周K,2238.897,1755.6482,1776.7411,27.525377806328155,26.01143745703862,公开指数日线计算（周K最后实际交易日）
20241031,399006.SZ,创业板指,month,月K,2164.462,1970.58275,2137.4733333333334,9.838675894224691,1.2626434325886393,公开指数日线计算（月K最后实际交易日）
20241101,399006.SZ,创业板指,week,周K,2123.738,1772.2669999999998,1786.1853,19.831718358464045,18.89796652116662,公开指数日线计算（周K最后实际交易日）
20241108,399006.SZ,创业板指,week,周K,2321.587,1800.5525500000003,1804.8089666666667,28.937475332225084,28.63339239098417,公开指数日线计算（周K最后实际交易日）
20241115,399006.SZ,创业板指,week,周K,2243.62,1828.56205,1821.0629333333334,22.698598059606457,23.203869505663064,公开指数日线计算（周K最后实际交易日）
20241122,399006.SZ,创业板指,week,周K,2175.571,1854.5609,1832.7906,17.309223978570888,18.702649391588967,公开指数日线计算（周K最后实际交易日）
20241129,399006.SZ,创业板指,week,周K,2224.003,1881.5795999999998,1844.9776,18.198719841562937,20.543631532437058,公开指数日线计算（周K最后实际交易日）
20241129,399006.SZ,创业板指,month,月K,2224.003,1961.8077999999998,2131.437266666667,13.364978975004593,4.3428786190876645,公开指数日线计算（月K最后实际交易日）
20241206,399006.SZ,创业板指,week,周K,2267.064,1908.6584499999997,1857.9409,18.777877728726168,22.020242947447887,公开指数日线计算（周K最后实际交易日）
20241213,399006.SZ,创业板指,week,周K,2235.259,1937.4447,1870.2848999999999,15.371499377504815,19.5143584808924,公开指数日线计算（周K最后实际交易日）
20241220,399006.SZ,创业板指,week,周K,2209.662,1966.0126,1883.3215666666665,12.393074184773777,17.327918880625926,公开指数日线计算（周K最后实际交易日）
20241227,399006.SZ,创业板指,week,周K,2204.896,1996.4753,1896.6477999999997,10.439432934632364,16.252263598966586,公开指数日线计算（周K最后实际交易日）
20241231,399006.SZ,创业板指,month,月K,2141.596,1952.6518499999997,2109.1371,9.676284587034822,1.5389658642863902,公开指数日线计算（月K最后实际交易日）
20250103,399006.SZ,创业板指,week,周K,2015.967,2017.7005999999997,1904.4777,-0.08591958588898274,5.854061719914094,公开指数日线计算（周K最后实际交易日）
20250110,399006.SZ,创业板指,week,周K,1975.305,2039.1207,1910.6091333333331,-3.1295695247466115,3.386138249731685,公开指数日线计算（周K最后实际交易日）
20250117,399006.SZ,创业板指,week,周K,2067.275,2063.4615,1920.9891,0.1848108142555649,7.615134307633498,公开指数日线计算（周K最后实际交易日）
20250124,399006.SZ,创业板指,week,周K,2121.839,2092.64985,1935.6027333333334,1.3948415689323257,9.621616226277286,公开指数日线计算（周K最后实际交易日）
20250127,399006.SZ,创业板指,week,周K,2063.82,2119.08245,1949.2102666666667,-2.607848033473148,5.879803492381908,公开指数日线计算（周K最后实际交易日）
20250127,399006.SZ,创业板指,month,月K,2063.82,1946.17245,2088.9160666666667,6.045073241068644,-1.2013918159341275,公开指数日线计算（月K最后实际交易日）
20250207,399006.SZ,创业板指,week,周K,2174.351,2150.97005,1965.5676666666666,1.0869956092601107,10.622037433460708,公开指数日线计算（周K最后实际交易日）
20250214,399006.SZ,创业板指,week,周K,2215.298,2167.4605,1981.8947,2.2070759767017556,11.776776031541925,公开指数日线计算（周K最后实际交易日）
20250221,399006.SZ,创业板指,week,周K,2281.512,2172.7817999999997,2002.6273,5.0041932420457735,13.925941187359236,公开指数日线计算（周K最后实际交易日）
20250228,399006.SZ,创业板指,week,周K,2170.392,2176.25785,2020.3635666666667,-0.269538372946021,7.425813641099266,公开指数日线计算（周K最后实际交易日）
20250228,399006.SZ,创业板指,month,月K,2170.392,1943.9420000000002,2075.5819666666666,11.64901010421091,4.567877099336903,公开指数日线计算（月K最后实际交易日）
20250307,399006.SZ,创业板指,week,周K,2205.307,2176.76815,2040.6857333333332,1.3110652138125012,8.06695827670476,公开指数日线计算（周K最后实际交易日）
20250314,399006.SZ,创业板指,week,周K,2226.716,2176.1591,2061.8609,2.323217084633189,7.995452069535824,公开指数日线计算（周K最后实际交易日）
20250321,399006.SZ,创业板指,week,周K,2152.279,2177.58615,2082.0401,-1.1621652718538877,3.373561344951992,公开指数日线计算（周K最后实际交易日）
20250328,399006.SZ,创业板指,week,周K,2128.209,2167.9172499999995,2100.2984333333334,-1.8316312580657579,1.3288857537435916,公开指数日线计算（周K最后实际交易日）
20250331,399006.SZ,创业板指,month,月K,2103.699,1937.2932999999998,2069.4063,8.589597661851212,1.6571274572808603,公开指数日线计算（月K最后实际交易日）
20250403,399006.SZ,创业板指,week,周K,2065.403,2159.0063999999998,2117.876133333333,-4.335485063870115,-2.477629947637483,公开指数日线计算（周K最后实际交易日）
20250411,399006.SZ,创业板指,week,周K,1926.37,2146.5463499999996,2130.9162,-10.257237166111032,-9.598979068252433,公开指数日线计算（周K最后实际交易日）
20250418,399006.SZ,创业板指,week,周K,1913.97,2131.0447,2143.495233333333,-10.186304398025992,-10.707988978188677,公开指数日线计算（周K最后实际交易日）
20250425,399006.SZ,创业板指,week,周K,1947.186,2115.0508,2145.5517999999997,-7.936679345952358,-9.245444458623641,公开指数日线计算（周K最后实际交易日）
20250430,399006.SZ,创业板指,week,周K,1948.03,2100.6893499999996,2137.9832666666666,-7.267107342644441,-8.884693796636823,公开指数日线计算（周K最后实际交易日）
20250430,399006.SZ,创业板指,month,月K,1948.03,1929.5660500000001,2058.8380333333334,0.9568965001223839,-5.382066560813003,公开指数日线计算（月K最后实际交易日）
20250509,399006.SZ,创业板指,week,周K,2011.767,2090.7946,2135.013133333333,-3.7797878376001237,-5.772617105212474,公开指数日线计算（周K最后实际交易日）
20250516,399006.SZ,创业板指,week,周K,2039.445,2082.52205,2129.8246,-2.068503908518049,-4.243523152094308,公开指数日线计算（周K最后实际交易日）
20250523,399006.SZ,创业板指,week,周K,2021.499,2082.7986499999997,2122.578,-2.943138550622726,-4.7620864816275255,公开指数日线计算（周K最后实际交易日）
20250530,399006.SZ,创业板指,week,周K,1993.188,2083.6928,2118.2263333333335,-4.343480958421497,-5.90297322649972,公开指数日线计算（周K最后实际交易日）
20250530,399006.SZ,创业板指,month,月K,1993.188,1929.0300499999998,2047.1005333333333,3.3259176029943216,-2.633604576593329,公开指数日线计算（月K最后实际交易日）
20250606,399006.SZ,创业板指,week,周K,2039.435,2082.3008,2108.821266666667,-2.0585786645234028,-3.29028674755083,公开指数日线计算（周K最后实际交易日）
20250613,399006.SZ,创业板指,week,周K,2043.824,2078.40005,2102.1614,-1.6635897405795408,-2.7751151743153457,公开指数日线计算（周K最后实际交易日）
20250620,399006.SZ,创业板指,week,周K,2009.893,2075.7037,2096.6388,-3.1705247719122864,-4.137374544437511,公开指数日线计算（周K最后实际交易日）
20250627,399006.SZ,创业板指,week,周K,2124.344,2073.20335,2093.3168333333333,2.4667454835050506,1.4822011734009655,公开指数日线计算（周K最后实际交易日）
20250630,399006.SZ,创业板指,month,月K,2153.014,1938.2694500000002,2040.6421,11.079189738041828,5.5066932119061995,公开指数日线计算（月K最后实际交易日）
20250704,399006.SZ,创业板指,week,周K,2156.234,2070.2501500000003,2089.6225,4.153307270621354,3.187728884044838,公开指数日线计算（周K最后实际交易日）
20250711,399006.SZ,创业板指,week,周K,2207.097,2066.5294000000004,2088.6837666666665,6.802109856264327,5.6692753217644665,公开指数日线计算（周K最后实际交易日）
20250718,399006.SZ,创业板指,week,周K,2277.152,2071.8674,2090.933433333333,9.90819200109041,8.906001678389174,公开指数日线计算（周K最后实际交易日）
20250725,399006.SZ,创业板指,week,周K,2340.056,2078.60485,2095.4387666666667,12.578203596513294,11.673795351341143,公开指数日线计算（周K最后实际交易日）
20250731,399006.SZ,创业板指,month,月K,2328.313,1958.5555500000003,2032.2245666666668,18.879089234921096,14.569670999450079,公开指数日线计算（月K最后实际交易日）
20250801,399006.SZ,创业板指,week,周K,2322.627,2083.4004,2105.6607666666664,11.482507155129662,10.303950036396348,公开指数日线计算（周K最后实际交易日）
20250808,399006.SZ,创业板指,week,周K,2333.959,2092.4844,2117.6159,11.54009081262446,10.216352266716555,公开指数日线计算（周K最后实际交易日）
20250815,399006.SZ,创业板指,week,周K,2534.219,2112.7849,2133.1807,19.946853084760296,18.800015394851457,公开指数日线计算（周K最后实际交易日）
20250822,399006.SZ,创业板指,week,周K,2682.553,2143.6423999999997,2151.8711666666663,25.13994871532679,24.661412892825773,公开指数日线计算（周K最后实际交易日）
20250829,399006.SZ,创业板指,week,周K,2890.125,2191.8301500000002,2179.4146666666666,31.858985514913172,32.61014731172469,公开指数日线计算（周K最后实际交易日）
20250829,399006.SZ,创业板指,month,月K,2890.125,2008.4935,2047.5945,43.89516321561408,41.14733166161562,公开指数日线计算（月K最后实际交易日）
20250905,399006.SZ,创业板指,week,周K,2958.181,2244.0407,2205.5423333333333,31.823856848942178,34.12487964033639,公开指数日线计算（周K最后实际交易日）
20250912,399006.SZ,创业板指,week,周K,3020.423,2297.70255,2232.3798333333334,31.454047435339263,35.30058616816925,公开指数日线计算（周K最后实际交易日）
20250919,399006.SZ,创业板指,week,周K,3091.003,2354.8512,2259.362866666667,31.261075009750083,36.80861297682063,公开指数日线计算（周K最后实际交易日）
20250926,399006.SZ,创业板指,week,周K,3151.53,2411.8393499999997,2292.067466666667,30.669150911730526,37.497261569845584,公开指数日线计算（周K最后实际交易日）
20250930,399006.SZ,创业板指,week,周K,3238.16,2471.7751,2326.4959000000003,31.005446247921185,39.1861468571683,公开指数日线计算（周K最后实际交易日）
20250930,399006.SZ,创业板指,month,月K,3238.16,2091.7329,2075.5497666666665,54.80752824607769,56.014567899303415,公开指数日线计算（月K最后实际交易日）
20251010,399006.SZ,创业板指,week,周K,3113.262,2526.36325,2356.0474333333336,23.23097242647114,32.139190236733064,公开指数日线计算（周K最后实际交易日）
20251017,399006.SZ,创业板指,week,周K,2935.37,2573.47235,2382.1504666666665,14.062620490171573,23.223534410378832,公开指数日线计算（周K最后实际交易日）
20251024,399006.SZ,创业板指,week,周K,3171.569,2630.07905,2416.9291333333335,20.588352658069354,31.223086198886474,公开指数日线计算（周K最后实际交易日）
20251031,399006.SZ,创业板指,week,周K,3187.533,2687.2644999999998,2454.3334666666665,18.616273165518326,29.873672151369156,公开指数日线计算（周K最后实际交易日）
20251031,399006.SZ,创业板指,month,月K,3187.533,2160.75785,2104.3103666666666,47.51921414979472,51.47637204530873,公开指数日线计算（月K最后实际交易日）
20251107,399006.SZ,创业板指,week,周K,3208.206,2747.18015,2497.0613333333336,16.78178440536562,28.4792630911215,公开指数日线计算（周K最后实际交易日）
20251114,399006.SZ,创业板指,week,周K,3111.507,2796.5383,2536.9792333333335,11.26280659199268,22.6461359682395,公开指数日线计算（周K最后实际交易日）
20251121,399006.SZ,创业板指,week,周K,2920.078,2834.7305,2569.408966666667,3.0107800371146354,13.647848119260718,公开指数日线计算（周K最后实际交易日）
20251128,399006.SZ,创业板指,week,周K,3052.587,2877.005,2606.227533333333,6.102943860021104,17.126649955070448,公开指数日线计算（周K最后实际交易日）
20251128,399006.SZ,创业板指,month,月K,3052.587,2222.47705,2132.9496666666664,37.35066465590724,43.11575409890125,公开指数日线计算（月K最后实际交易日）
20251205,399006.SZ,创业板指,week,周K,3109.297,2918.61225,2642.8118666666664,6.533404702868628,17.651091219054614,公开指数日线计算（周K最后实际交易日）
20251212,399006.SZ,创业板指,week,周K,3194.359,2961.3273999999997,2681.309,7.869160296156386,19.134310890688088,公开指数日线计算（周K最后实际交易日）
20251219,399006.SZ,创业板指,week,周K,3122.238,3001.30795,2718.0003,4.029244983008162,14.872614252470818,公开指数日线计算（周K最后实际交易日）
20251226,399006.SZ,创业板指,week,周K,3243.876,3046.8038,2759.6899,6.468161815998785,17.544945901349294,公开指数日线计算（周K最后实际交易日）
20251231,399006.SZ,创业板指,week,周K,3203.172,3080.2514499999997,2798.481133333333,3.990601156928286,14.461089690629091,公开指数日线计算（周K最后实际交易日）
20251231,399006.SZ,创业板指,month,月K,3203.172,2289.716,2165.8887,39.8938558319023,47.89180995311533,公开指数日线计算（月K最后实际交易日）
20260109,399006.SZ,创业板指,week,周K,3327.813,3112.5144499999997,2841.2807666666663,6.917190376417381,17.123694322688277,公开指数日线计算（周K最后实际交易日）
20260116,399006.SZ,创业板指,week,周K,3361.017,3136.05905,2886.318233333333,7.173268947215772,16.44651518964524,公开指数日线计算（周K最后实际交易日）
20260123,399006.SZ,创业板指,week,周K,3349.503,3155.6251500000003,2927.1568666666667,6.143880872542784,14.428544576576963,公开指数日线计算（周K最后实际交易日）
20260130,399006.SZ,创业板指,week,周K,3346.355,3171.92175,2966.827566666667,5.4992923454054266,12.792365744388224,公开指数日线计算（周K最后实际交易日）
20260130,399006.SZ,创业板指,month,月K,3346.355,2366.7783000000004,2202.8781,41.388612528685066,51.90831485409928,公开指数日线计算（月K最后实际交易日）
20260206,399006.SZ,创业板指,week,周K,3236.464,3179.1948,3001.1397999999995,1.8013743605770793,7.841160881609066,公开指数日线计算（周K最后实际交易日）
20260213,399006.SZ,创业板指,week,周K,3275.958,3185.4162,3034.4333333333334,2.8423852430963237,7.9594652488657935,公开指数日线计算（周K最后实际交易日）
20260227,399006.SZ,创业板指,week,周K,3310.305,3189.0234499999997,3066.7749666666664,3.803093702556515,7.940916303944889,公开指数日线计算（周K最后实际交易日）
20260227,399006.SZ,创业板指,month,月K,3310.305,2448.1220500000004,2243.1357666666668,35.21813587684483,47.57488374942022,公开指数日线计算（月K最后实际交易日）
20260306,399006.SZ,创业板指,week,周K,3229.302,3194.82545,3096.9974666666667,1.0791372029417268,4.272025881756192,公开指数日线计算（周K最后实际交易日）
20260313,399006.SZ,创业板指,week,周K,3310.278,3213.57085,3129.5414333333333,3.009336171940924,5.7751773068605905,公开指数日线计算（周K最后实际交易日）
20260320,399006.SZ,创业板指,week,周K,3352.103,3222.59755,3156.8042333333337,4.01866655673464,6.186597338044186,公开指数日线计算（周K最后实际交易日）
20260327,399006.SZ,创业板指,week,周K,3295.88,3228.0149,3177.2484666666664,2.102378771547797,3.7337820626220264,公开指数日线计算（周K最后实际交易日）
20260331,399006.SZ,创业板指,month,月K,3184.952,2522.96255,2282.5039,26.238576153260773,39.53763671553858,公开指数日线计算（月K最后实际交易日）
20260403,399006.SZ,创业板指,week,周K,3149.596,3225.0843999999997,3185.8975,-2.340664324939834,-1.1394434378381613,公开指数日线计算（周K最后实际交易日）
20260410,399006.SZ,创业板指,week,周K,3448.787,3241.9484,3202.2510333333335,6.380070700693441,7.698833230136826,公开指数日线计算（周K最后实际交易日）
20260417,399006.SZ,创业板指,week,周K,3678.293,3279.85915,3224.180033333333,12.147895131411346,14.084603278098594,公开指数日线计算（周K最后实际交易日）
20260424,399006.SZ,创业板指,week,周K,3667.785,3310.61905,3243.4061,10.78849437539484,13.0843590631466,公开指数日线计算（周K最后实际交易日）
20260430,399006.SZ,创业板指,week,周K,3677.148,3339.0116000000003,3260.9267000000004,10.126841128674124,12.763896226186255,公开指数日线计算（周K最后实际交易日）
20260430,399006.SZ,创业板指,month,月K,3677.148,2627.797,2339.4679666666666,39.93272691916461,57.17881383258665,公开指数日线计算（月K最后实际交易日）
20260508,399006.SZ,创业板指,week,周K,3796.128,3369.10005,3279.525633333333,12.674837305588472,15.752350322128406,公开指数日线计算（周K最后实际交易日）
20260515,399006.SZ,创业板指,week,周K,3929.064,3409.44135,3306.7190333333333,15.240697717237461,18.820618274281166,公开指数日线计算（周K最后实际交易日）
20260522,399006.SZ,创业板指,week,周K,3938.502,3444.1726500000004,3340.1567666666665,14.352629796302452,17.913687145003564,公开指数日线计算（周K最后实际交易日）
20260529,399006.SZ,创业板指,week,周K,4037.951,3485.9115999999995,3369.0361666666663,15.836299463245162,19.854783393291964,公开指数日线计算（周K最后实际交易日）
20260529,399006.SZ,创业板指,month,月K,4037.951,2720.94025,2409.9799666666668,48.402780987197346,67.55122680895313,公开指数日线计算（月K最后实际交易日）
20260605,399006.SZ,创业板指,week,周K,3957.935,3517.4177000000004,3394.716233333333,12.523883643389855,16.591041134346373,公开指数日线计算（周K最后实际交易日）
20260612,399006.SZ,创业板指,week,周K,3830.353,3540.884499999999,3415.4544666666666,8.175033667435372,12.147681586229897,公开指数日线计算（周K最后实际交易日）
20260618,399006.SZ,创业板指,week,周K,4252.39,3586.0288499999997,3453.4838999999997,18.58214693392666,23.13333790263219,公开指数日线计算（周K最后实际交易日）
20260626,399006.SZ,创业板指,week,周K,4194.209,3628.42155,3495.9549333333334,15.593211599131852,19.97319988335471,公开指数日线计算（周K最后实际交易日）
20260630,399006.SZ,创业板指,month,月K,4342.712,2829.85275,2491.6915,53.46070568512798,74.28770776799618,公开指数日线计算（月K最后实际交易日）
20260703,399006.SZ,创业板指,week,周K,4019.934,3667.59505,3528.199833333333,9.606811689856553,13.937253837521224,公开指数日线计算（周K最后实际交易日）
20260710,399006.SZ,创业板指,week,周K,3842.731,3695.9337,3552.6476333333335,3.971859668370148,8.165272681278868,公开指数日线计算（周K最后实际交易日）
20260717,399006.SZ,创业板指,week,周K,3428.63,3701.84995,3560.4566666666665,-7.380632756333084,-3.702521305787543,公开指数日线计算（周K最后实际交易日）
20260724,399006.SZ,创业板指,week,周K,3480.87,3714.4283500000006,3572.411066666667,-6.287867956855342,-2.562444941479869,公开指数日线计算（周K最后实际交易日）
20260731,399006.SZ,创业板指,week,周K,3343.964,3716.11265,3575.7473333333332,-10.01446094482631,-6.4820948385428405,公开指数日线计算（周K最后实际交易日）
20260731,399006.SZ,创业板指,month,月K,3343.964,2885.8508,2550.7112333333334,15.874458929061742,31.099277577964955,公开指数日线计算（月K最后实际交易日）
20260807,399006.SZ,创业板指,week,周K,3563.116,3726.6633,3587.7454666666667,-4.388571943164288,-0.6864886847602891,公开指数日线计算（周K最后实际交易日）
20260814,399006.SZ,创业板指,week,周K,3626.296,3743.1841,3597.6949,-3.1226917212006766,0.7949840326927138,公开指数日线计算（周K最后实际交易日）
20260821,399006.SZ,创业板指,week,周K,3545.577,3762.98315,3603.8469,-5.777494645438419,-1.6168805617130855,公开指数日线计算（周K最后实际交易日）
20260828,399006.SZ,创业板指,week,周K,3424.401,3761.7638500000003,3606.3435,-8.968209155393957,-5.0450685022100705,公开指数日线计算（周K最后实际交易日）
20260831,399006.SZ,创业板指,month,月K,3438.681,2950.7050499999996,2605.099466666667,16.537605139490317,31.99806932515845,公开指数日线计算（月K最后实际交易日）
20260904,399006.SZ,创业板指,week,周K,3286.546,3742.1765,3604.3498666666665,-12.175548106830348,-8.8172313571927,公开指数日线计算（周K最后实际交易日）
20260904,399006.SZ,创业板指,month,月K,3286.546,3011.8413499999997,2654.044233333333,9.120820723176548,23.831621143415504,公开指数日线计算（月K最后实际交易日）
