trade_date,dr001_pct,dr007_pct,shibor_on_pct,source
20061008,,,2.1184,中国货币网 / AKShare
20061009,,,2.099,中国货币网 / AKShare
20061010,,,2.0922,中国货币网 / AKShare
20061011,,,2.0955,中国货币网 / AKShare
20061012,,,2.0943,中国货币网 / AKShare
20061013,,,2.0889,中国货币网 / AKShare
20061016,,,2.0801,中国货币网 / AKShare
20061017,,,2.0746,中国货币网 / AKShare
20061018,,,2.0723,中国货币网 / AKShare
20061019,,,2.0667,中国货币网 / AKShare
20061020,,,2.0665,中国货币网 / AKShare
20061023,,,2.0573,中国货币网 / AKShare
20061024,,,2.0569,中国货币网 / AKShare
20061025,,,2.0592,中国货币网 / AKShare
20061026,,,2.117,中国货币网 / AKShare
20061027,,,2.1568,中国货币网 / AKShare
20061030,,,2.16,中国货币网 / AKShare
20061031,,,2.1885,中国货币网 / AKShare
20061101,,,2.2023,中国货币网 / AKShare
20061102,,,2.2057,中国货币网 / AKShare
20061103,,,2.2055,中国货币网 / AKShare
20061106,,,2.2312,中国货币网 / AKShare
20061107,,,2.3023,中国货币网 / AKShare
20061108,,,2.4264,中国货币网 / AKShare
20061109,,,2.5177,中国货币网 / AKShare
20061110,,,2.6198,中国货币网 / AKShare
20061113,,,2.8071,中国货币网 / AKShare
20061114,,,3.6074,中国货币网 / AKShare
20061115,,,3.5355,中国货币网 / AKShare
20061116,,,3.2292,中国货币网 / AKShare
20061117,,,3.1918,中国货币网 / AKShare
20061120,,,3.2645,中国货币网 / AKShare
20061121,,,3.4289,中国货币网 / AKShare
20061122,,,3.5158,中国货币网 / AKShare
20061123,,,3.5399,中国货币网 / AKShare
20061124,,,3.5101,中国货币网 / AKShare
20061127,,,3.205,中国货币网 / AKShare
20061128,,,2.7744,中国货币网 / AKShare
20061129,,,2.5547,中国货币网 / AKShare
20061130,,,2.4161,中国货币网 / AKShare
20061201,,,2.337,中国货币网 / AKShare
20061204,,,2.1803,中国货币网 / AKShare
20061205,,,2.1095,中国货币网 / AKShare
20061206,,,2.064,中国货币网 / AKShare
20061207,,,2.0063,中国货币网 / AKShare
20061208,,,1.9919,中国货币网 / AKShare
20061211,,,1.9914,中国货币网 / AKShare
20061212,,,1.9181,中国货币网 / AKShare
20061213,,,1.8931,中国货币网 / AKShare
20061214,,,1.8589,中国货币网 / AKShare
20061215,,,1.7777,中国货币网 / AKShare
20061218,,,1.7247,中国货币网 / AKShare
20061219,,,1.6566,中国货币网 / AKShare
20061220,,,1.613,中国货币网 / AKShare
20061221,,,1.6015,中国货币网 / AKShare
20061222,,,1.6311,中国货币网 / AKShare
20061225,,,1.6123,中国货币网 / AKShare
20061226,,,1.6431,中国货币网 / AKShare
20061227,,,1.7185,中国货币网 / AKShare
20061228,,,1.7107,中国货币网 / AKShare
20061229,,,1.7203,中国货币网 / AKShare
20061230,,,1.5651,中国货币网 / AKShare
20061231,,,1.5675,中国货币网 / AKShare
20070104,,,1.431,中国货币网 / AKShare
20070105,,,1.4047,中国货币网 / AKShare
20070108,,,1.3721,中国货币网 / AKShare
20070109,,,1.3546,中国货币网 / AKShare
20070110,,,1.3519,中国货币网 / AKShare
20070111,,,1.3344,中国货币网 / AKShare
20070112,,,1.3051,中国货币网 / AKShare
20070115,,,1.2997,中国货币网 / AKShare
20070116,,,1.2809,中国货币网 / AKShare
20070117,,,1.3171,中国货币网 / AKShare
20070118,,,1.4236,中国货币网 / AKShare
20070119,,,1.4126,中国货币网 / AKShare
20070122,,,1.4197,中国货币网 / AKShare
20070123,,,1.5972,中国货币网 / AKShare
20070124,,,1.7079,中国货币网 / AKShare
20070125,,,1.7541,中国货币网 / AKShare
20070126,,,1.7889,中国货币网 / AKShare
20070129,,,1.783,中国货币网 / AKShare
20070130,,,1.7838,中国货币网 / AKShare
20070131,,,1.778,中国货币网 / AKShare
20070201,,,1.7602,中国货币网 / AKShare
20070202,,,1.7549,中国货币网 / AKShare
20070205,,,1.7593,中国货币网 / AKShare
20070206,,,1.7848,中国货币网 / AKShare
20070207,,,1.8392,中国货币网 / AKShare
20070208,,,1.8983,中国货币网 / AKShare
20070209,,,2.7851,中国货币网 / AKShare
20070212,,,4.0016,中国货币网 / AKShare
20070213,,,3.3685,中国货币网 / AKShare
20070214,,,4.0174,中国货币网 / AKShare
20070215,,,3.0934,中国货币网 / AKShare
20070216,,,1.994,中国货币网 / AKShare
20070217,,,1.5143,中国货币网 / AKShare
20070225,,,1.8147,中国货币网 / AKShare
20070226,,,1.792,中国货币网 / AKShare
20070227,,,1.6928,中国货币网 / AKShare
20070228,,,1.6526,中国货币网 / AKShare
20070301,,,1.5903,中国货币网 / AKShare
20070302,,,1.5194,中国货币网 / AKShare
20070305,,,1.4999,中国货币网 / AKShare
20070306,,,1.4683,中国货币网 / AKShare
20070307,,,1.4375,中国货币网 / AKShare
20070308,,,1.4153,中国货币网 / AKShare
20070309,,,1.3952,中国货币网 / AKShare
20070312,,,1.38,中国货币网 / AKShare
20070313,,,1.3643,中国货币网 / AKShare
20070314,,,1.3535,中国货币网 / AKShare
20070315,,,1.3513,中国货币网 / AKShare
20070316,,,1.4088,中国货币网 / AKShare
20070319,,,1.5313,中国货币网 / AKShare
20070320,,,1.5551,中国货币网 / AKShare
20070321,,,1.6077,中国货币网 / AKShare
20070322,,,1.6487,中国货币网 / AKShare
20070323,,,1.6871,中国货币网 / AKShare
20070326,,,1.7466,中国货币网 / AKShare
20070327,,,1.7397,中国货币网 / AKShare
20070328,,,1.8016,中国货币网 / AKShare
20070329,,,1.8039,中国货币网 / AKShare
20070330,,,1.8057,中国货币网 / AKShare
20070402,,,1.8019,中国货币网 / AKShare
20070403,,,1.7945,中国货币网 / AKShare
20070404,,,1.7932,中国货币网 / AKShare
20070405,,,1.8913,中国货币网 / AKShare
20070406,,,1.9959,中国货币网 / AKShare
20070409,,,2.0004,中国货币网 / AKShare
20070410,,,2.011,中国货币网 / AKShare
20070411,,,2.031,中国货币网 / AKShare
20070412,,,2.0319,中国货币网 / AKShare
20070413,,,2.1153,中国货币网 / AKShare
20070416,,,2.4598,中国货币网 / AKShare
20070417,,,2.465,中国货币网 / AKShare
20070418,,,2.4762,中国货币网 / AKShare
20070419,,,3.0403,中国货币网 / AKShare
20070420,,,3.3562,中国货币网 / AKShare
20070423,,,3.3857,中国货币网 / AKShare
20070424,,,3.501,中国货币网 / AKShare
20070425,,,3.5071,中国货币网 / AKShare
20070426,,,3.019,中国货币网 / AKShare
20070427,,,2.5129,中国货币网 / AKShare
20070428,,,1.9807,中国货币网 / AKShare
20070429,,,1.671,中国货币网 / AKShare
20070430,,,1.6303,中国货币网 / AKShare
20070508,,,1.6507,中国货币网 / AKShare
20070509,,,1.6777,中国货币网 / AKShare
20070510,,,1.7021,中国货币网 / AKShare
20070511,,,1.9034,中国货币网 / AKShare
20070514,,,2.0008,中国货币网 / AKShare
20070515,,,1.9204,中国货币网 / AKShare
20070516,,,1.9246,中国货币网 / AKShare
20070517,,,1.9076,中国货币网 / AKShare
20070518,,,1.8502,中国货币网 / AKShare
20070521,,,1.8403,中国货币网 / AKShare
20070522,,,1.8086,中国货币网 / AKShare
20070523,,,1.8002,中国货币网 / AKShare
20070524,,,1.7905,中国货币网 / AKShare
20070525,,,1.809,中国货币网 / AKShare
20070528,,,1.7965,中国货币网 / AKShare
20070529,,,1.7925,中国货币网 / AKShare
20070530,,,1.7967,中国货币网 / AKShare
20070531,,,1.7986,中国货币网 / AKShare
20070601,,,2.1005,中国货币网 / AKShare
20070604,,,2.0487,中国货币网 / AKShare
20070605,,,2.0477,中国货币网 / AKShare
20070606,,,2.0179,中国货币网 / AKShare
20070607,,,1.9837,中国货币网 / AKShare
20070608,,,1.927,中国货币网 / AKShare
20070611,,,1.8869,中国货币网 / AKShare
20070612,,,1.8618,中国货币网 / AKShare
20070613,,,1.8285,中国货币网 / AKShare
20070614,,,1.8359,中国货币网 / AKShare
20070615,,,1.9088,中国货币网 / AKShare
20070618,,,2.5378,中国货币网 / AKShare
20070619,,,2.604,中国货币网 / AKShare
20070620,,,2.6731,中国货币网 / AKShare
20070621,,,2.3304,中国货币网 / AKShare
20070622,,,2.1041,中国货币网 / AKShare
20070625,,,1.9006,中国货币网 / AKShare
20070626,,,1.7917,中国货币网 / AKShare
20070627,,,1.7241,中国货币网 / AKShare
20070628,,,1.6741,中国货币网 / AKShare
20070629,,,1.7784,中国货币网 / AKShare
20070702,,,1.7867,中国货币网 / AKShare
20070703,,,2.3693,中国货币网 / AKShare
20070704,,,2.3407,中国货币网 / AKShare
20070705,,,2.3226,中国货币网 / AKShare
20070706,,,2.3088,中国货币网 / AKShare
20070709,,,2.2445,中国货币网 / AKShare
20070710,,,2.6546,中国货币网 / AKShare
20070711,,,2.579,中国货币网 / AKShare
20070712,,,2.5502,中国货币网 / AKShare
20070713,,,2.5338,中国货币网 / AKShare
20070716,,,2.4398,中国货币网 / AKShare
20070717,,,2.3874,中国货币网 / AKShare
20070718,,,2.1915,中国货币网 / AKShare
20070719,,,1.9627,中国货币网 / AKShare
20070720,,,1.8821,中国货币网 / AKShare
20070723,,,1.8488,中国货币网 / AKShare
20070724,,,1.8565,中国货币网 / AKShare
20070725,,,1.8441,中国货币网 / AKShare
20070726,,,1.8207,中国货币网 / AKShare
20070727,,,1.851,中国货币网 / AKShare
20070730,,,1.8368,中国货币网 / AKShare
20070731,,,2.0376,中国货币网 / AKShare
20070801,,,2.0267,中国货币网 / AKShare
20070802,,,1.9919,中国货币网 / AKShare
20070803,,,1.9773,中国货币网 / AKShare
20070806,,,1.9671,中国货币网 / AKShare
20070807,,,1.9455,中国货币网 / AKShare
20070808,,,1.9807,中国货币网 / AKShare
20070809,,,1.9461,中国货币网 / AKShare
20070810,,,1.8763,中国货币网 / AKShare
20070813,,,1.8548,中国货币网 / AKShare
20070814,,,1.9909,中国货币网 / AKShare
20070815,,,1.9163,中国货币网 / AKShare
20070816,,,1.8084,中国货币网 / AKShare
20070817,,,1.7703,中国货币网 / AKShare
20070820,,,1.7381,中国货币网 / AKShare
20070821,,,1.72,中国货币网 / AKShare
20070822,,,2.1618,中国货币网 / AKShare
20070823,,,2.1632,中国货币网 / AKShare
20070824,,,1.843,中国货币网 / AKShare
20070827,,,1.7498,中国货币网 / AKShare
20070828,,,1.8873,中国货币网 / AKShare
20070829,,,1.9409,中国货币网 / AKShare
20070830,,,1.882,中国货币网 / AKShare
20070831,,,1.8626,中国货币网 / AKShare
20070903,,,1.8197,中国货币网 / AKShare
20070904,,,1.886,中国货币网 / AKShare
20070905,,,1.8122,中国货币网 / AKShare
20070906,,,1.8198,中国货币网 / AKShare
20070907,,,2.0446,中国货币网 / AKShare
20070910,,,2.2581,中国货币网 / AKShare
20070911,,,2.8184,中国货币网 / AKShare
20070912,,,2.8864,中国货币网 / AKShare
20070913,,,3.0194,中国货币网 / AKShare
20070914,,,4.0206,中国货币网 / AKShare
20070917,,,3.2914,中国货币网 / AKShare
20070918,,,3.1432,中国货币网 / AKShare
20070919,,,3.2635,中国货币网 / AKShare
20070920,,,3.776,中国货币网 / AKShare
20070921,,,4.2018,中国货币网 / AKShare
20070924,,,3.809,中国货币网 / AKShare
20070925,,,3.7234,中国货币网 / AKShare
20070926,,,3.9055,中国货币网 / AKShare
20070927,,,2.6627,中国货币网 / AKShare
20070928,,,2.115,中国货币网 / AKShare
20070929,,,2.0026,中国货币网 / AKShare
20070930,,,1.9925,中国货币网 / AKShare
20071008,,,1.9981,中国货币网 / AKShare
20071009,,,1.9948,中国货币网 / AKShare
20071010,,,1.8974,中国货币网 / AKShare
20071011,,,1.9194,中国货币网 / AKShare
20071012,,,1.912,中国货币网 / AKShare
20071015,,,1.8986,中国货币网 / AKShare
20071016,,,1.9072,中国货币网 / AKShare
20071017,,,1.8968,中国货币网 / AKShare
20071018,,,1.8977,中国货币网 / AKShare
20071019,,,1.9301,中国货币网 / AKShare
20071022,,,1.9517,中国货币网 / AKShare
20071023,,,2.2086,中国货币网 / AKShare
20071024,,,3.5629,中国货币网 / AKShare
20071025,,,5.0844,中国货币网 / AKShare
20071026,,,8.5282,中国货币网 / AKShare
20071029,,,2.9014,中国货币网 / AKShare
20071030,,,2.8379,中国货币网 / AKShare
20071031,,,2.8928,中国货币网 / AKShare
20071101,,,2.9161,中国货币网 / AKShare
20071102,,,2.3098,中国货币网 / AKShare
20071105,,,2.2977,中国货币网 / AKShare
20071106,,,2.2918,中国货币网 / AKShare
20071107,,,1.8649,中国货币网 / AKShare
20071108,,,1.946,中国货币网 / AKShare
20071109,,,1.8902,中国货币网 / AKShare
20071112,,,1.8865,中国货币网 / AKShare
20071113,,,1.8839,中国货币网 / AKShare
20071114,,,1.8568,中国货币网 / AKShare
20071115,,,2.0909,中国货币网 / AKShare
20071116,,,1.9107,中国货币网 / AKShare
20071119,,,1.8938,中国货币网 / AKShare
20071120,,,1.8926,中国货币网 / AKShare
20071121,,,1.8948,中国货币网 / AKShare
20071122,,,1.9018,中国货币网 / AKShare
20071123,,,1.9025,中国货币网 / AKShare
20071126,,,1.8833,中国货币网 / AKShare
20071127,,,1.8921,中国货币网 / AKShare
20071128,,,1.8946,中国货币网 / AKShare
20071129,,,1.8809,中国货币网 / AKShare
20071130,,,1.8635,中国货币网 / AKShare
20071203,,,1.8468,中国货币网 / AKShare
20071204,,,1.8517,中国货币网 / AKShare
20071205,,,1.872,中国货币网 / AKShare
20071206,,,1.876,中国货币网 / AKShare
20071207,,,1.8973,中国货币网 / AKShare
20071210,,,1.9118,中国货币网 / AKShare
20071211,,,1.9135,中国货币网 / AKShare
20071212,,,1.9087,中国货币网 / AKShare
20071213,,,1.9052,中国货币网 / AKShare
20071214,,,1.9039,中国货币网 / AKShare
20071217,,,1.903,中国货币网 / AKShare
20071218,,,1.8812,中国货币网 / AKShare
20071219,,,1.8955,中国货币网 / AKShare
20071220,,,1.8914,中国货币网 / AKShare
20071221,,,1.8928,中国货币网 / AKShare
20071224,,,1.88,中国货币网 / AKShare
20071225,,,1.9094,中国货币网 / AKShare
20071226,,,1.9167,中国货币网 / AKShare
20071227,,,1.8421,中国货币网 / AKShare
20071228,,,1.8181,中国货币网 / AKShare
20071229,,,2.2894,中国货币网 / AKShare
20080102,,,2.5844,中国货币网 / AKShare
20080103,,,2.299,中国货币网 / AKShare
20080104,,,2.299,中国货币网 / AKShare
20080107,,,2.2723,中国货币网 / AKShare
20080108,,,2.0744,中国货币网 / AKShare
20080109,,,1.9088,中国货币网 / AKShare
20080110,,,1.8859,中国货币网 / AKShare
20080111,,,1.8842,中国货币网 / AKShare
20080114,,,1.8729,中国货币网 / AKShare
20080115,,,1.8755,中国货币网 / AKShare
20080116,,,1.8796,中国货币网 / AKShare
20080117,,,1.8789,中国货币网 / AKShare
20080118,,,1.8784,中国货币网 / AKShare
20080121,,,1.8711,中国货币网 / AKShare
20080122,,,1.8821,中国货币网 / AKShare
20080123,,,1.8803,中国货币网 / AKShare
20080124,,,1.8817,中国货币网 / AKShare
20080125,,,1.873,中国货币网 / AKShare
20080128,,,1.8786,中国货币网 / AKShare
20080129,,,1.8898,中国货币网 / AKShare
20080130,,,1.8928,中国货币网 / AKShare
20080131,,,1.9881,中国货币网 / AKShare
20080201,,,1.9958,中国货币网 / AKShare
20080202,,,1.9967,中国货币网 / AKShare
20080203,,,1.997,中国货币网 / AKShare
20080204,,,1.9996,中国货币网 / AKShare
20080205,,,2.2712,中国货币网 / AKShare
20080213,,,2.2381,中国货币网 / AKShare
20080214,,,2.208,中国货币网 / AKShare
20080215,,,2.1937,中国货币网 / AKShare
20080218,,,2.1832,中国货币网 / AKShare
20080219,,,2.185,中国货币网 / AKShare
20080220,,,2.2982,中国货币网 / AKShare
20080221,,,2.4054,中国货币网 / AKShare
20080222,,,2.4006,中国货币网 / AKShare
20080225,,,2.39,中国货币网 / AKShare
20080226,,,2.4373,中国货币网 / AKShare
20080227,,,2.4928,中国货币网 / AKShare
20080228,,,2.4822,中国货币网 / AKShare
20080229,,,2.4847,中国货币网 / AKShare
20080303,,,2.4325,中国货币网 / AKShare
20080304,,,1.9427,中国货币网 / AKShare
20080305,,,1.9392,中国货币网 / AKShare
20080306,,,1.9307,中国货币网 / AKShare
20080307,,,1.9251,中国货币网 / AKShare
20080310,,,1.9239,中国货币网 / AKShare
20080311,,,1.9131,中国货币网 / AKShare
20080312,,,1.9055,中国货币网 / AKShare
20080313,,,1.8924,中国货币网 / AKShare
20080314,,,2.2537,中国货币网 / AKShare
20080317,,,2.1881,中国货币网 / AKShare
20080318,,,2.1643,中国货币网 / AKShare
20080319,,,2.1608,中国货币网 / AKShare
20080320,,,2.1344,中国货币网 / AKShare
20080321,,,2.2891,中国货币网 / AKShare
20080324,,,2.0503,中国货币网 / AKShare
20080325,,,2.0387,中国货币网 / AKShare
20080326,,,2.0751,中国货币网 / AKShare
20080327,,,2.0737,中国货币网 / AKShare
20080328,,,2.2597,中国货币网 / AKShare
20080331,,,2.2848,中国货币网 / AKShare
20080401,,,2.5914,中国货币网 / AKShare
20080402,,,2.3718,中国货币网 / AKShare
20080403,,,2.361,中国货币网 / AKShare
20080407,,,2.3238,中国货币网 / AKShare
20080408,,,2.3385,中国货币网 / AKShare
20080409,,,2.3514,中国货币网 / AKShare
20080410,,,2.3665,中国货币网 / AKShare
20080411,,,2.3438,中国货币网 / AKShare
20080414,,,2.3969,中国货币网 / AKShare
20080415,,,2.3963,中国货币网 / AKShare
20080416,,,2.3949,中国货币网 / AKShare
20080417,,,2.3958,中国货币网 / AKShare
20080418,,,2.3197,中国货币网 / AKShare
20080421,,,2.2421,中国货币网 / AKShare
20080422,,,2.1281,中国货币网 / AKShare
20080423,,,2.1124,中国货币网 / AKShare
20080424,,,2.0911,中国货币网 / AKShare
20080425,,,2.1129,中国货币网 / AKShare
20080428,,,2.1279,中国货币网 / AKShare
20080429,,,2.138,中国货币网 / AKShare
20080430,,,2.166,中国货币网 / AKShare
20080504,,,2.1934,中国货币网 / AKShare
20080505,,,2.2528,中国货币网 / AKShare
20080506,,,2.3211,中国货币网 / AKShare
20080507,,,2.3472,中国货币网 / AKShare
20080508,,,2.356,中国货币网 / AKShare
20080509,,,2.362,中国货币网 / AKShare
20080512,,,2.4027,中国货币网 / AKShare
20080513,,,2.4504,中国货币网 / AKShare
20080514,,,2.5267,中国货币网 / AKShare
20080515,,,2.5295,中国货币网 / AKShare
20080516,,,2.57,中国货币网 / AKShare
20080519,,,2.6057,中国货币网 / AKShare
20080520,,,2.6246,中国货币网 / AKShare
20080521,,,2.6445,中国货币网 / AKShare
20080522,,,2.6466,中国货币网 / AKShare
20080523,,,2.6389,中国货币网 / AKShare
20080526,,,2.7208,中国货币网 / AKShare
20080527,,,2.8719,中国货币网 / AKShare
20080528,,,2.1824,中国货币网 / AKShare
20080529,,,2.4972,中国货币网 / AKShare
20080530,,,2.8565,中国货币网 / AKShare
20080602,,,2.8555,中国货币网 / AKShare
20080603,,,2.8542,中国货币网 / AKShare
20080604,,,2.8719,中国货币网 / AKShare
20080605,,,2.8987,中国货币网 / AKShare
20080606,,,2.9689,中国货币网 / AKShare
20080610,,,3.4417,中国货币网 / AKShare
20080611,,,3.5199,中国货币网 / AKShare
20080612,,,3.4161,中国货币网 / AKShare
20080613,,,2.6442,中国货币网 / AKShare
20080616,,,2.3994,中国货币网 / AKShare
20080617,,,2.4708,中国货币网 / AKShare
20080618,,,2.5448,中国货币网 / AKShare
20080619,,,2.5426,中国货币网 / AKShare
20080620,,,2.6635,中国货币网 / AKShare
20080623,,,2.6813,中国货币网 / AKShare
20080624,,,2.6883,中国货币网 / AKShare
20080625,,,2.6481,中国货币网 / AKShare
20080626,,,2.6614,中国货币网 / AKShare
20080627,,,2.8,中国货币网 / AKShare
20080630,,,2.7949,中国货币网 / AKShare
20080701,,,2.5006,中国货币网 / AKShare
20080702,,,2.7238,中国货币网 / AKShare
20080703,,,2.5762,中国货币网 / AKShare
20080704,,,2.5632,中国货币网 / AKShare
20080707,,,2.5679,中国货币网 / AKShare
20080708,,,2.5501,中国货币网 / AKShare
20080709,,,2.5282,中国货币网 / AKShare
20080710,,,2.4904,中国货币网 / AKShare
20080711,,,2.3473,中国货币网 / AKShare
20080714,,,2.3226,中国货币网 / AKShare
20080715,,,2.3763,中国货币网 / AKShare
20080716,,,2.4884,中国货币网 / AKShare
20080717,,,2.492,中国货币网 / AKShare
20080718,,,2.5009,中国货币网 / AKShare
20080721,,,2.5052,中国货币网 / AKShare
20080722,,,2.5041,中国货币网 / AKShare
20080723,,,2.5007,中国货币网 / AKShare
20080724,,,2.5209,中国货币网 / AKShare
20080725,,,2.5192,中国货币网 / AKShare
20080728,,,2.5167,中国货币网 / AKShare
20080729,,,2.5305,中国货币网 / AKShare
20080730,,,2.5236,中国货币网 / AKShare
20080731,,,2.5276,中国货币网 / AKShare
20080801,,,2.7765,中国货币网 / AKShare
20080804,,,2.7898,中国货币网 / AKShare
20080805,,,2.7902,中国货币网 / AKShare
20080806,,,2.79,中国货币网 / AKShare
20080807,,,2.7863,中国货币网 / AKShare
20080808,,,2.7837,中国货币网 / AKShare
20080811,,,2.7521,中国货币网 / AKShare
20080812,,,2.7284,中国货币网 / AKShare
20080813,,,2.7029,中国货币网 / AKShare
20080814,,,2.5299,中国货币网 / AKShare
20080815,,,2.5483,中国货币网 / AKShare
20080818,,,2.5867,中国货币网 / AKShare
20080819,,,2.5921,中国货币网 / AKShare
20080820,,,2.5763,中国货币网 / AKShare
20080821,,,2.5613,中国货币网 / AKShare
20080822,,,2.5642,中国货币网 / AKShare
20080825,,,2.5667,中国货币网 / AKShare
20080826,,,2.565,中国货币网 / AKShare
20080827,,,2.6188,中国货币网 / AKShare
20080828,,,2.6347,中国货币网 / AKShare
20080829,,,2.6359,中国货币网 / AKShare
20080901,,,2.63,中国货币网 / AKShare
20080902,,,2.6607,中国货币网 / AKShare
20080903,,,2.6633,中国货币网 / AKShare
20080904,,,2.6648,中国货币网 / AKShare
20080905,,,2.6569,中国货币网 / AKShare
20080908,,,2.629,中国货币网 / AKShare
20080909,,,2.6154,中国货币网 / AKShare
20080910,,,2.6178,中国货币网 / AKShare
20080911,,,2.6145,中国货币网 / AKShare
20080912,,,2.6175,中国货币网 / AKShare
20080916,,,2.6109,中国货币网 / AKShare
20080917,,,2.6196,中国货币网 / AKShare
20080918,,,2.6981,中国货币网 / AKShare
20080919,,,2.985,中国货币网 / AKShare
20080922,,,3.041,中国货币网 / AKShare
20080923,,,3.005,中国货币网 / AKShare
20080924,,,3.0141,中国货币网 / AKShare
20080925,,,2.8323,中国货币网 / AKShare
20080926,,,2.8442,中国货币网 / AKShare
20080927,,,2.8192,中国货币网 / AKShare
20080928,,,3.2209,中国货币网 / AKShare
20081006,,,3.1955,中国货币网 / AKShare
20081007,,,3.1992,中国货币网 / AKShare
20081008,,,2.9279,中国货币网 / AKShare
20081009,,,2.7979,中国货币网 / AKShare
20081010,,,2.7988,中国货币网 / AKShare
20081013,,,2.5986,中国货币网 / AKShare
20081014,,,2.5576,中国货币网 / AKShare
20081015,,,2.3588,中国货币网 / AKShare
20081016,,,2.3929,中国货币网 / AKShare
20081017,,,2.2908,中国货币网 / AKShare
20081020,,,2.2938,中国货币网 / AKShare
20081021,,,2.2971,中国货币网 / AKShare
20081022,,,2.2921,中国货币网 / AKShare
20081023,,,2.2958,中国货币网 / AKShare
20081024,,,2.2946,中国货币网 / AKShare
20081027,,,2.295,中国货币网 / AKShare
20081028,,,2.2946,中国货币网 / AKShare
20081029,,,2.2963,中国货币网 / AKShare
20081030,,,2.2942,中国货币网 / AKShare
20081031,,,2.2921,中国货币网 / AKShare
20081103,,,2.2938,中国货币网 / AKShare
20081104,,,2.3342,中国货币网 / AKShare
20081105,,,2.1942,中国货币网 / AKShare
20081106,,,2.2463,中国货币网 / AKShare
20081107,,,2.2462,中国货币网 / AKShare
20081110,,,2.1788,中国货币网 / AKShare
20081111,,,2.1921,中国货币网 / AKShare
20081112,,,2.1938,中国货币网 / AKShare
20081113,,,2.2042,中国货币网 / AKShare
20081114,,,2.1658,中国货币网 / AKShare
20081117,,,2.1938,中国货币网 / AKShare
20081118,,,2.2175,中国货币网 / AKShare
20081119,,,2.2175,中国货币网 / AKShare
20081120,,,2.2425,中国货币网 / AKShare
20081121,,,2.1875,中国货币网 / AKShare
20081124,,,2.1958,中国货币网 / AKShare
20081125,,,2.195,中国货币网 / AKShare
20081126,,,2.2046,中国货币网 / AKShare
20081127,,,1.5492,中国货币网 / AKShare
20081128,,,1.5942,中国货币网 / AKShare
20081201,,,1.4992,中国货币网 / AKShare
20081202,,,1.4933,中国货币网 / AKShare
20081203,,,1.494,中国货币网 / AKShare
20081204,,,1.4936,中国货币网 / AKShare
20081205,,,1.435,中国货币网 / AKShare
20081208,,,1.43,中国货币网 / AKShare
20081209,,,1.4092,中国货币网 / AKShare
20081210,,,1.1433,中国货币网 / AKShare
20081211,,,1.1156,中国货币网 / AKShare
20081212,,,1.1071,中国货币网 / AKShare
20081215,,,1.0938,中国货币网 / AKShare
20081216,,,1.0321,中国货币网 / AKShare
20081217,,,0.9612,中国货币网 / AKShare
20081218,,,0.9449,中国货币网 / AKShare
20081219,,,0.9221,中国货币网 / AKShare
20081222,,,0.9133,中国货币网 / AKShare
20081223,,,0.91,中国货币网 / AKShare
20081224,,,0.9004,中国货币网 / AKShare
20081225,,,0.9046,中国货币网 / AKShare
20081226,,,0.8993,中国货币网 / AKShare
20081229,,,0.8889,中国货币网 / AKShare
20081230,,,0.8892,中国货币网 / AKShare
20081231,,,0.9471,中国货币网 / AKShare
20090104,,,0.9117,中国货币网 / AKShare
20090105,,,0.9086,中国货币网 / AKShare
20090106,,,0.8967,中国货币网 / AKShare
20090107,,,0.8894,中国货币网 / AKShare
20090108,,,0.8829,中国货币网 / AKShare
20090109,,,0.8363,中国货币网 / AKShare
20090112,,,0.8333,中国货币网 / AKShare
20090113,,,0.8217,中国货币网 / AKShare
20090114,,,0.8204,中国货币网 / AKShare
20090115,,,0.82,中国货币网 / AKShare
20090116,,,0.8136,中国货币网 / AKShare
20090119,,,0.8142,中国货币网 / AKShare
20090120,,,0.8167,中国货币网 / AKShare
20090121,,,0.9133,中国货币网 / AKShare
20090122,,,0.8942,中国货币网 / AKShare
20090123,,,0.8775,中国货币网 / AKShare
20090124,,,0.9283,中国货币网 / AKShare
20090201,,,0.925,中国货币网 / AKShare
20090202,,,0.8063,中国货币网 / AKShare
20090203,,,0.8264,中国货币网 / AKShare
20090204,,,0.8156,中国货币网 / AKShare
20090205,,,0.8263,中国货币网 / AKShare
20090206,,,0.8242,中国货币网 / AKShare
20090209,,,0.8328,中国货币网 / AKShare
20090210,,,0.8321,中国货币网 / AKShare
20090211,,,0.8388,中国货币网 / AKShare
20090212,,,0.8292,中国货币网 / AKShare
20090213,,,0.8346,中国货币网 / AKShare
20090216,,,0.8204,中国货币网 / AKShare
20090217,,,0.8196,中国货币网 / AKShare
20090218,,,0.8163,中国货币网 / AKShare
20090219,,,0.8238,中国货币网 / AKShare
20090220,,,0.8213,中国货币网 / AKShare
20090223,,,0.8238,中国货币网 / AKShare
20090224,,,0.815,中国货币网 / AKShare
20090225,,,0.8113,中国货币网 / AKShare
20090226,,,0.8067,中国货币网 / AKShare
20090227,,,0.8067,中国货币网 / AKShare
20090302,,,0.8046,中国货币网 / AKShare
20090303,,,0.8025,中国货币网 / AKShare
20090304,,,0.8008,中国货币网 / AKShare
20090305,,,0.8025,中国货币网 / AKShare
20090306,,,0.8008,中国货币网 / AKShare
20090309,,,0.8067,中国货币网 / AKShare
20090310,,,0.8033,中国货币网 / AKShare
20090311,,,0.8042,中国货币网 / AKShare
20090312,,,0.8033,中国货币网 / AKShare
20090313,,,0.8029,中国货币网 / AKShare
20090316,,,0.8046,中国货币网 / AKShare
20090317,,,0.8046,中国货币网 / AKShare
20090318,,,0.8042,中国货币网 / AKShare
20090319,,,0.8063,中国货币网 / AKShare
20090320,,,0.8046,中国货币网 / AKShare
20090323,,,0.8058,中国货币网 / AKShare
20090324,,,0.8033,中国货币网 / AKShare
20090325,,,0.8025,中国货币网 / AKShare
20090326,,,0.8029,中国货币网 / AKShare
20090327,,,0.8021,中国货币网 / AKShare
20090330,,,0.8038,中国货币网 / AKShare
20090331,,,0.8025,中国货币网 / AKShare
20090401,,,0.8025,中国货币网 / AKShare
20090402,,,0.8033,中国货币网 / AKShare
20090403,,,0.8021,中国货币网 / AKShare
20090407,,,0.8021,中国货币网 / AKShare
20090408,,,0.8021,中国货币网 / AKShare
20090409,,,0.8025,中国货币网 / AKShare
20090410,,,0.8021,中国货币网 / AKShare
20090413,,,0.8025,中国货币网 / AKShare
20090414,,,0.8008,中国货币网 / AKShare
20090415,,,0.8013,中国货币网 / AKShare
20090416,,,0.8008,中国货币网 / AKShare
20090417,,,0.8029,中国货币网 / AKShare
20090420,,,0.8013,中国货币网 / AKShare
20090421,,,0.8233,中国货币网 / AKShare
20090422,,,0.8296,中国货币网 / AKShare
20090423,,,0.8129,中国货币网 / AKShare
20090424,,,0.8129,中国货币网 / AKShare
20090427,,,0.8121,中国货币网 / AKShare
20090428,,,0.8079,中国货币网 / AKShare
20090429,,,0.8083,中国货币网 / AKShare
20090430,,,0.8067,中国货币网 / AKShare
20090504,,,0.8138,中国货币网 / AKShare
20090505,,,0.81,中国货币网 / AKShare
20090506,,,0.8092,中国货币网 / AKShare
20090507,,,0.8083,中国货币网 / AKShare
20090508,,,0.8079,中国货币网 / AKShare
20090511,,,0.8067,中国货币网 / AKShare
20090512,,,0.8071,中国货币网 / AKShare
20090513,,,0.8079,中国货币网 / AKShare
20090514,,,0.8079,中国货币网 / AKShare
20090515,,,0.81,中国货币网 / AKShare
20090518,,,0.8104,中国货币网 / AKShare
20090519,,,0.8096,中国货币网 / AKShare
20090520,,,0.8104,中国货币网 / AKShare
20090521,,,0.8104,中国货币网 / AKShare
20090522,,,0.8108,中国货币网 / AKShare
20090525,,,0.8104,中国货币网 / AKShare
20090526,,,0.8129,中国货币网 / AKShare
20090527,,,0.8133,中国货币网 / AKShare
20090531,,,0.8117,中国货币网 / AKShare
20090601,,,0.8129,中国货币网 / AKShare
20090602,,,0.8133,中国货币网 / AKShare
20090603,,,0.8142,中国货币网 / AKShare
20090604,,,0.8113,中国货币网 / AKShare
20090605,,,0.8121,中国货币网 / AKShare
20090608,,,0.8121,中国货币网 / AKShare
20090609,,,0.8117,中国货币网 / AKShare
20090610,,,0.8163,中国货币网 / AKShare
20090611,,,0.8142,中国货币网 / AKShare
20090612,,,0.815,中国货币网 / AKShare
20090615,,,0.8179,中国货币网 / AKShare
20090616,,,0.8171,中国货币网 / AKShare
20090617,,,0.8304,中国货币网 / AKShare
20090618,,,0.845,中国货币网 / AKShare
20090619,,,0.9025,中国货币网 / AKShare
20090622,,,0.9479,中国货币网 / AKShare
20090623,,,0.9579,中国货币网 / AKShare
20090624,,,0.9575,中国货币网 / AKShare
20090625,,,0.9588,中国货币网 / AKShare
20090626,,,0.9621,中国货币网 / AKShare
20090629,,,1.0,中国货币网 / AKShare
20090630,,,1.09,中国货币网 / AKShare
20090701,,,1.0975,中国货币网 / AKShare
20090702,,,1.0958,中国货币网 / AKShare
20090703,,,1.0954,中国货币网 / AKShare
20090706,,,1.0938,中国货币网 / AKShare
20090707,,,1.0933,中国货币网 / AKShare
20090708,,,1.0958,中国货币网 / AKShare
20090709,,,1.095,中国货币网 / AKShare
20090710,,,1.0971,中国货币网 / AKShare
20090713,,,1.1428,中国货币网 / AKShare
20090714,,,1.1446,中国货币网 / AKShare
20090715,,,1.1496,中国货币网 / AKShare
20090716,,,1.1871,中国货币网 / AKShare
20090717,,,1.3763,中国货币网 / AKShare
20090720,,,1.3625,中国货币网 / AKShare
20090721,,,1.4963,中国货币网 / AKShare
20090722,,,1.5013,中国货币网 / AKShare
20090723,,,1.4871,中国货币网 / AKShare
20090724,,,1.4579,中国货币网 / AKShare
20090727,,,1.4442,中国货币网 / AKShare
20090728,,,1.4083,中国货币网 / AKShare
20090729,,,1.2429,中国货币网 / AKShare
20090730,,,1.3475,中国货币网 / AKShare
20090731,,,1.2992,中国货币网 / AKShare
20090803,,,1.3246,中国货币网 / AKShare
20090804,,,1.3225,中国货币网 / AKShare
20090805,,,1.3183,中国货币网 / AKShare
20090806,,,1.3183,中国货币网 / AKShare
20090807,,,1.3158,中国货币网 / AKShare
20090810,,,1.3113,中国货币网 / AKShare
20090811,,,1.2967,中国货币网 / AKShare
20090812,,,1.1546,中国货币网 / AKShare
20090813,,,1.1558,中国货币网 / AKShare
20090814,,,1.1467,中国货币网 / AKShare
20090817,,,1.1575,中国货币网 / AKShare
20090818,,,1.1346,中国货币网 / AKShare
20090819,,,1.098,中国货币网 / AKShare
20090820,,,1.0925,中国货币网 / AKShare
20090821,,,1.09,中国货币网 / AKShare
20090824,,,1.055,中国货币网 / AKShare
20090825,,,0.9933,中国货币网 / AKShare
20090826,,,0.995,中国货币网 / AKShare
20090827,,,1.0083,中国货币网 / AKShare
20090828,,,1.0108,中国货币网 / AKShare
20090831,,,0.9975,中国货币网 / AKShare
20090901,,,0.9992,中国货币网 / AKShare
20090902,,,1.0846,中国货币网 / AKShare
20090903,,,1.0933,中国货币网 / AKShare
20090904,,,1.0983,中国货币网 / AKShare
20090907,,,1.095,中国货币网 / AKShare
20090908,,,1.0963,中国货币网 / AKShare
20090909,,,1.0925,中国货币网 / AKShare
20090910,,,1.0892,中国货币网 / AKShare
20090911,,,1.0933,中国货币网 / AKShare
20090914,,,1.0913,中国货币网 / AKShare
20090915,,,1.1298,中国货币网 / AKShare
20090916,,,1.1925,中国货币网 / AKShare
20090917,,,1.2475,中国货币网 / AKShare
20090918,,,1.2583,中国货币网 / AKShare
20090921,,,1.2575,中国货币网 / AKShare
20090922,,,1.2675,中国货币网 / AKShare
20090923,,,1.2933,中国货币网 / AKShare
20090924,,,1.3013,中国货币网 / AKShare
20090925,,,1.3133,中国货币网 / AKShare
20090927,,,1.3088,中国货币网 / AKShare
20090928,,,1.3146,中国货币网 / AKShare
20090929,,,1.3211,中国货币网 / AKShare
20090930,,,1.7742,中国货币网 / AKShare
20091009,,,1.6917,中国货币网 / AKShare
20091010,,,1.3654,中国货币网 / AKShare
20091012,,,1.2671,中国货币网 / AKShare
20091013,,,1.2642,中国货币网 / AKShare
20091014,,,1.2625,中国货币网 / AKShare
20091015,,,1.2638,中国货币网 / AKShare
20091016,,,1.2608,中国货币网 / AKShare
20091019,,,1.2554,中国货币网 / AKShare
20091020,,,1.2254,中国货币网 / AKShare
20091021,,,1.195,中国货币网 / AKShare
20091022,,,1.1917,中国货币网 / AKShare
20091023,,,1.1867,中国货币网 / AKShare
20091026,,,1.1758,中国货币网 / AKShare
20091027,,,1.1467,中国货币网 / AKShare
20091028,,,1.1446,中国货币网 / AKShare
20091029,,,1.1415,中国货币网 / AKShare
20091030,,,1.1379,中国货币网 / AKShare
20091102,,,1.1358,中国货币网 / AKShare
20091103,,,1.1367,中国货币网 / AKShare
20091104,,,1.1417,中国货币网 / AKShare
20091105,,,1.2129,中国货币网 / AKShare
20091106,,,1.2146,中国货币网 / AKShare
20091109,,,1.2058,中国货币网 / AKShare
20091110,,,1.2332,中国货币网 / AKShare
20091111,,,1.2258,中国货币网 / AKShare
20091112,,,1.2275,中国货币网 / AKShare
20091113,,,1.2171,中国货币网 / AKShare
20091116,,,1.2104,中国货币网 / AKShare
20091117,,,1.2,中国货币网 / AKShare
20091118,,,1.1946,中国货币网 / AKShare
20091119,,,1.1938,中国货币网 / AKShare
20091120,,,1.1925,中国货币网 / AKShare
20091123,,,1.1888,中国货币网 / AKShare
20091124,,,1.1858,中国货币网 / AKShare
20091125,,,1.1879,中国货币网 / AKShare
20091126,,,1.1863,中国货币网 / AKShare
20091127,,,1.1871,中国货币网 / AKShare
20091130,,,1.1892,中国货币网 / AKShare
20091201,,,1.2525,中国货币网 / AKShare
20091202,,,1.2454,中国货币网 / AKShare
20091203,,,1.2333,中国货币网 / AKShare
20091204,,,1.2183,中国货币网 / AKShare
20091207,,,1.2098,中国货币网 / AKShare
20091208,,,1.2054,中国货币网 / AKShare
20091209,,,1.1971,中国货币网 / AKShare
20091210,,,1.1875,中国货币网 / AKShare
20091211,,,1.1763,中国货币网 / AKShare
20091214,,,1.1733,中国货币网 / AKShare
20091215,,,1.1667,中国货币网 / AKShare
20091216,,,1.1625,中国货币网 / AKShare
20091217,,,1.165,中国货币网 / AKShare
20091218,,,1.1669,中国货币网 / AKShare
20091221,,,1.1613,中国货币网 / AKShare
20091222,,,1.1529,中国货币网 / AKShare
20091223,,,1.1554,中国货币网 / AKShare
20091224,,,1.1554,中国货币网 / AKShare
20091225,,,1.15,中国货币网 / AKShare
20091228,,,1.1529,中国货币网 / AKShare
20091229,,,1.1492,中国货币网 / AKShare
20091230,,,1.1488,中国货币网 / AKShare
20091231,,,1.1467,中国货币网 / AKShare
20100104,,,1.1175,中国货币网 / AKShare
20100105,,,1.115,中国货币网 / AKShare
20100106,,,1.1183,中国货币网 / AKShare
20100107,,,1.0797,中国货币网 / AKShare
20100108,,,1.0608,中国货币网 / AKShare
20100111,,,1.0471,中国货币网 / AKShare
20100112,,,1.0336,中国货币网 / AKShare
20100113,,,1.0854,中国货币网 / AKShare
20100114,,,1.0475,中国货币网 / AKShare
20100115,,,1.0283,中国货币网 / AKShare
20100118,,,1.0271,中国货币网 / AKShare
20100119,,,1.0271,中国货币网 / AKShare
20100120,,,1.0275,中国货币网 / AKShare
20100121,,,1.0283,中国货币网 / AKShare
20100122,,,1.0423,中国货币网 / AKShare
20100125,,,1.1879,中国货币网 / AKShare
20100126,,,1.1958,中国货币网 / AKShare
20100127,,,1.315,中国货币网 / AKShare
20100128,,,1.3588,中国货币网 / AKShare
20100129,,,1.3592,中国货币网 / AKShare
20100201,,,1.3546,中国货币网 / AKShare
20100202,,,1.3575,中国货币网 / AKShare
20100203,,,1.3567,中国货币网 / AKShare
20100204,,,1.3575,中国货币网 / AKShare
20100205,,,1.3583,中国货币网 / AKShare
20100208,,,1.3567,中国货币网 / AKShare
20100209,,,1.405,中国货币网 / AKShare
20100210,,,1.4992,中国货币网 / AKShare
20100211,,,2.4967,中国货币网 / AKShare
20100212,,,2.2538,中国货币网 / AKShare
20100220,,,1.9858,中国货币网 / AKShare
20100221,,,1.4815,中国货币网 / AKShare
20100222,,,1.4313,中国货币网 / AKShare
20100223,,,1.4321,中国货币网 / AKShare
20100224,,,1.4375,中国货币网 / AKShare
20100225,,,1.4521,中国货币网 / AKShare
20100226,,,1.4315,中国货币网 / AKShare
20100301,,,1.4295,中国货币网 / AKShare
20100302,,,1.4242,中国货币网 / AKShare
20100303,,,1.4075,中国货币网 / AKShare
20100304,,,1.4017,中国货币网 / AKShare
20100305,,,1.3842,中国货币网 / AKShare
20100308,,,1.3785,中国货币网 / AKShare
20100309,,,1.3663,中国货币网 / AKShare
20100310,,,1.3592,中国货币网 / AKShare
20100311,,,1.3563,中国货币网 / AKShare
20100312,,,1.3446,中国货币网 / AKShare
20100315,,,1.3375,中国货币网 / AKShare
20100316,,,1.3354,中国货币网 / AKShare
20100317,,,1.3275,中国货币网 / AKShare
20100318,,,1.3246,中国货币网 / AKShare
20100319,,,1.3238,中国货币网 / AKShare
20100322,,,1.3163,中国货币网 / AKShare
20100323,,,1.3146,中国货币网 / AKShare
20100324,,,1.3133,中国货币网 / AKShare
20100325,,,1.3083,中国货币网 / AKShare
20100326,,,1.3042,中国货币网 / AKShare
20100329,,,1.3025,中国货币网 / AKShare
20100330,,,1.2946,中国货币网 / AKShare
20100331,,,1.3388,中国货币网 / AKShare
20100401,,,1.3045,中国货币网 / AKShare
20100402,,,1.3125,中国货币网 / AKShare
20100406,,,1.3096,中国货币网 / AKShare
20100407,,,1.2971,中国货币网 / AKShare
20100408,,,1.2925,中国货币网 / AKShare
20100409,,,1.2913,中国货币网 / AKShare
20100412,,,1.2842,中国货币网 / AKShare
20100413,,,1.2833,中国货币网 / AKShare
20100414,,,1.2838,中国货币网 / AKShare
20100415,,,1.2813,中国货币网 / AKShare
20100416,,,1.2874,中国货币网 / AKShare
20100419,,,1.2875,中国货币网 / AKShare
20100420,,,1.2896,中国货币网 / AKShare
20100421,,,1.2917,中国货币网 / AKShare
20100422,,,1.2933,中国货币网 / AKShare
20100423,,,1.2888,中国货币网 / AKShare
20100426,,,1.2896,中国货币网 / AKShare
20100427,,,1.3319,中国货币网 / AKShare
20100428,,,1.3425,中国货币网 / AKShare
20100429,,,1.3529,中国货币网 / AKShare
20100430,,,1.3973,中国货币网 / AKShare
20100504,,,1.3979,中国货币网 / AKShare
20100505,,,1.4093,中国货币网 / AKShare
20100506,,,1.4088,中国货币网 / AKShare
20100507,,,1.4088,中国货币网 / AKShare
20100510,,,1.5054,中国货币网 / AKShare
20100511,,,1.5042,中国货币网 / AKShare
20100512,,,1.5008,中国货币网 / AKShare
20100513,,,1.4983,中国货币网 / AKShare
20100514,,,1.5,中国货币网 / AKShare
20100517,,,1.5433,中国货币网 / AKShare
20100518,,,1.5438,中国货币网 / AKShare
20100519,,,1.5454,中国货币网 / AKShare
20100520,,,1.5502,中国货币网 / AKShare
20100521,,,1.6588,中国货币网 / AKShare
20100524,,,1.7425,中国货币网 / AKShare
20100525,,,1.855,中国货币网 / AKShare
20100526,,,2.1592,中国货币网 / AKShare
20100527,,,2.32,中国货币网 / AKShare
20100528,,,2.21,中国货币网 / AKShare
20100531,,,2.3725,中国货币网 / AKShare
20100601,,,2.7408,中国货币网 / AKShare
20100602,,,2.7654,中国货币网 / AKShare
20100603,,,2.7513,中国货币网 / AKShare
20100604,,,2.1024,中国货币网 / AKShare
20100607,,,1.7041,中国货币网 / AKShare
20100608,,,1.8413,中国货币网 / AKShare
20100609,,,1.8454,中国货币网 / AKShare
20100610,,,1.935,中国货币网 / AKShare
20100611,,,1.9788,中国货币网 / AKShare
20100612,,,2.2053,中国货币网 / AKShare
20100613,,,2.1892,中国货币网 / AKShare
20100617,,,2.18,中国货币网 / AKShare
20100618,,,2.2142,中国货币网 / AKShare
20100621,,,2.2292,中国货币网 / AKShare
20100622,,,2.2463,中国货币网 / AKShare
20100623,,,2.2408,中国货币网 / AKShare
20100624,,,2.3067,中国货币网 / AKShare
20100625,,,2.2933,中国货币网 / AKShare
20100628,,,2.2883,中国货币网 / AKShare
20100629,,,2.2785,中国货币网 / AKShare
20100630,,,2.2683,中国货币网 / AKShare
20100701,,,2.2492,中国货币网 / AKShare
20100702,,,2.1942,中国货币网 / AKShare
20100705,,,2.165,中国货币网 / AKShare
20100706,,,2.1567,中国货币网 / AKShare
20100707,,,2.1291,中国货币网 / AKShare
20100708,,,1.9842,中国货币网 / AKShare
20100709,,,1.7206,中国货币网 / AKShare
20100712,,,1.6916,中国货币网 / AKShare
20100713,,,1.6479,中国货币网 / AKShare
20100714,,,1.5186,中国货币网 / AKShare
20100715,,,1.4608,中国货币网 / AKShare
20100716,,,1.4433,中国货币网 / AKShare
20100719,,,1.4442,中国货币网 / AKShare
20100720,,,1.4763,中国货币网 / AKShare
20100721,,,1.4729,中国货币网 / AKShare
20100722,,,1.4483,中国货币网 / AKShare
20100723,,,1.4275,中国货币网 / AKShare
20100726,,,1.4679,中国货币网 / AKShare
20100727,,,1.4404,中国货币网 / AKShare
20100728,,,1.4433,中国货币网 / AKShare
20100729,,,1.4446,中国货币网 / AKShare
20100730,,,1.4696,中国货币网 / AKShare
20100802,,,1.4696,中国货币网 / AKShare
20100803,,,1.4675,中国货币网 / AKShare
20100804,,,1.4729,中国货币网 / AKShare
20100805,,,1.4725,中国货币网 / AKShare
20100806,,,1.4692,中国货币网 / AKShare
20100809,,,1.4658,中国货币网 / AKShare
20100810,,,1.4658,中国货币网 / AKShare
20100811,,,1.4688,中国货币网 / AKShare
20100812,,,1.4729,中国货币网 / AKShare
20100813,,,1.4729,中国货币网 / AKShare
20100816,,,1.4717,中国货币网 / AKShare
20100817,,,1.4717,中国货币网 / AKShare
20100818,,,1.4946,中国货币网 / AKShare
20100819,,,1.5204,中国货币网 / AKShare
20100820,,,1.5379,中国货币网 / AKShare
20100823,,,1.4967,中国货币网 / AKShare
20100824,,,1.5171,中国货币网 / AKShare
20100825,,,1.5417,中国货币网 / AKShare
20100826,,,1.6317,中国货币网 / AKShare
20100827,,,1.9563,中国货币网 / AKShare
20100830,,,2.0533,中国货币网 / AKShare
20100831,,,2.32,中国货币网 / AKShare
20100901,,,2.535,中国货币网 / AKShare
20100902,,,1.9806,中国货币网 / AKShare
20100903,,,1.9792,中国货币网 / AKShare
20100906,,,1.9729,中国货币网 / AKShare
20100907,,,1.84,中国货币网 / AKShare
20100908,,,1.7054,中国货币网 / AKShare
20100909,,,1.6383,中国货币网 / AKShare
20100910,,,1.5583,中国货币网 / AKShare
20100913,,,1.4963,中国货币网 / AKShare
20100914,,,1.5988,中国货币网 / AKShare
20100915,,,1.6696,中国货币网 / AKShare
20100916,,,1.6588,中国货币网 / AKShare
20100917,,,1.5204,中国货币网 / AKShare
20100919,,,1.453,中国货币网 / AKShare
20100920,,,1.6446,中国货币网 / AKShare
20100921,,,1.8069,中国货币网 / AKShare
20100925,,,1.8971,中国货币网 / AKShare
20100926,,,1.7735,中国货币网 / AKShare
20100927,,,1.7123,中国货币网 / AKShare
20100928,,,1.7814,中国货币网 / AKShare
20100929,,,1.7466,中国货币网 / AKShare
20100930,,,2.5975,中国货币网 / AKShare
20101008,,,1.7325,中国货币网 / AKShare
20101009,,,1.7299,中国货币网 / AKShare
20101011,,,1.6683,中国货币网 / AKShare
20101012,,,1.6375,中国货币网 / AKShare
20101013,,,1.6358,中国货币网 / AKShare
20101014,,,1.6187,中国货币网 / AKShare
20101015,,,1.5925,中国货币网 / AKShare
20101018,,,1.5946,中国货币网 / AKShare
20101019,,,1.5929,中国货币网 / AKShare
20101020,,,1.5958,中国货币网 / AKShare
20101021,,,1.5913,中国货币网 / AKShare
20101022,,,1.5904,中国货币网 / AKShare
20101025,,,1.5829,中国货币网 / AKShare
20101026,,,1.5283,中国货币网 / AKShare
20101027,,,1.5233,中国货币网 / AKShare
20101028,,,1.5238,中国货币网 / AKShare
20101029,,,1.5842,中国货币网 / AKShare
20101101,,,1.5833,中国货币网 / AKShare
20101102,,,1.5788,中国货币网 / AKShare
20101103,,,1.5738,中国货币网 / AKShare
20101104,,,1.5592,中国货币网 / AKShare
20101105,,,1.5325,中国货币网 / AKShare
20101108,,,1.5288,中国货币网 / AKShare
20101109,,,1.5208,中国货币网 / AKShare
20101110,,,1.5188,中国货币网 / AKShare
20101111,,,1.52,中国货币网 / AKShare
20101112,,,1.5258,中国货币网 / AKShare
20101115,,,1.5921,中国货币网 / AKShare
20101116,,,1.6508,中国货币网 / AKShare
20101117,,,1.7292,中国货币网 / AKShare
20101118,,,1.8029,中国货币网 / AKShare
20101119,,,1.8188,中国货币网 / AKShare
20101122,,,1.96,中国货币网 / AKShare
20101123,,,1.9815,中国货币网 / AKShare
20101124,,,1.9055,中国货币网 / AKShare
20101125,,,1.8913,中国货币网 / AKShare
20101126,,,1.8925,中国货币网 / AKShare
20101129,,,1.9217,中国货币网 / AKShare
20101130,,,2.13,中国货币网 / AKShare
20101201,,,2.23,中国货币网 / AKShare
20101202,,,2.2372,中国货币网 / AKShare
20101203,,,1.9982,中国货币网 / AKShare
20101206,,,1.88,中国货币网 / AKShare
20101207,,,1.9858,中国货币网 / AKShare
20101208,,,2.0979,中国货币网 / AKShare
20101209,,,2.0092,中国货币网 / AKShare
20101210,,,2.0108,中国货币网 / AKShare
20101213,,,2.0067,中国货币网 / AKShare
20101214,,,1.9985,中国货币网 / AKShare
20101215,,,2.0158,中国货币网 / AKShare
20101216,,,2.0008,中国货币网 / AKShare
20101217,,,1.9954,中国货币网 / AKShare
20101220,,,2.1035,中国货币网 / AKShare
20101221,,,2.3521,中国货币网 / AKShare
20101222,,,2.5533,中国货币网 / AKShare
20101223,,,3.255,中国货币网 / AKShare
20101224,,,4.2583,中国货币网 / AKShare
20101227,,,4.5079,中国货币网 / AKShare
20101228,,,4.5954,中国货币网 / AKShare
20101229,,,4.7588,中国货币网 / AKShare
20101230,,,5.0996,中国货币网 / AKShare
20101231,,,4.5217,中国货币网 / AKShare
20110104,,,2.9308,中国货币网 / AKShare
20110105,,,2.68,中国货币网 / AKShare
20110106,,,2.1804,中国货币网 / AKShare
20110107,,,2.12,中国货币网 / AKShare
20110110,,,2.01,中国货币网 / AKShare
20110111,,,1.98,中国货币网 / AKShare
20110112,,,1.9625,中国货币网 / AKShare
20110113,,,1.9157,中国货币网 / AKShare
20110114,,,1.9217,中国货币网 / AKShare
20110117,,,1.9258,中国货币网 / AKShare
20110118,,,1.9971,中国货币网 / AKShare
20110119,,,2.6275,中国货币网 / AKShare
20110120,,,5.7083,中国货币网 / AKShare
20110121,,,5.7242,中国货币网 / AKShare
20110124,,,5.0408,中国货币网 / AKShare
20110125,,,7.2042,中国货币网 / AKShare
20110126,,,7.7608,中国货币网 / AKShare
20110127,,,7.9997,中国货币网 / AKShare
20110128,,,7.6992,中国货币网 / AKShare
20110130,,,7.9833,中国货币网 / AKShare
20110131,,,5.0142,中国货币网 / AKShare
20110201,,,3.3458,中国货币网 / AKShare
20110209,,,3.8475,中国货币网 / AKShare
20110210,,,2.8758,中国货币网 / AKShare
20110211,,,2.885,中国货币网 / AKShare
20110212,,,2.595,中国货币网 / AKShare
20110214,,,2.31,中国货币网 / AKShare
20110215,,,2.31,中国货币网 / AKShare
20110216,,,2.3008,中国货币网 / AKShare
20110217,,,2.1867,中国货币网 / AKShare
20110218,,,2.1075,中国货币网 / AKShare
20110221,,,2.1783,中国货币网 / AKShare
20110222,,,2.0167,中国货币网 / AKShare
20110223,,,1.995,中国货币网 / AKShare
20110224,,,2.2892,中国货币网 / AKShare
20110225,,,2.7028,中国货币网 / AKShare
20110228,,,2.3783,中国货币网 / AKShare
20110301,,,2.1875,中国货币网 / AKShare
20110302,,,2.0183,中国货币网 / AKShare
20110303,,,1.9419,中国货币网 / AKShare
20110304,,,1.8933,中国货币网 / AKShare
20110307,,,1.7858,中国货币网 / AKShare
20110308,,,1.6917,中国货币网 / AKShare
20110309,,,1.6875,中国货币网 / AKShare
20110310,,,1.6792,中国货币网 / AKShare
20110311,,,1.6858,中国货币网 / AKShare
20110314,,,1.6875,中国货币网 / AKShare
20110315,,,1.6804,中国货币网 / AKShare
20110316,,,1.6783,中国货币网 / AKShare
20110317,,,1.6733,中国货币网 / AKShare
20110318,,,1.6692,中国货币网 / AKShare
20110321,,,1.9242,中国货币网 / AKShare
20110322,,,1.9158,中国货币网 / AKShare
20110323,,,1.8992,中国货币网 / AKShare
20110324,,,1.879,中国货币网 / AKShare
20110325,,,1.8675,中国货币网 / AKShare
20110328,,,1.7883,中国货币网 / AKShare
20110329,,,1.7883,中国货币网 / AKShare
20110330,,,1.7858,中国货币网 / AKShare
20110331,,,1.7992,中国货币网 / AKShare
20110401,,,1.7922,中国货币网 / AKShare
20110402,,,1.7802,中国货币网 / AKShare
20110406,,,1.7829,中国货币网 / AKShare
20110407,,,1.7717,中国货币网 / AKShare
20110408,,,1.7663,中国货币网 / AKShare
20110411,,,1.7571,中国货币网 / AKShare
20110412,,,1.7452,中国货币网 / AKShare
20110413,,,1.7361,中国货币网 / AKShare
20110414,,,1.7338,中国货币网 / AKShare
20110415,,,1.7282,中国货币网 / AKShare
20110418,,,1.7629,中国货币网 / AKShare
20110419,,,1.7637,中国货币网 / AKShare
20110420,,,1.7569,中国货币网 / AKShare
20110421,,,3.5333,中国货币网 / AKShare
20110422,,,3.0775,中国货币网 / AKShare
20110425,,,2.6958,中国货币网 / AKShare
20110426,,,2.6792,中国货币网 / AKShare
20110427,,,2.0233,中国货币网 / AKShare
20110428,,,2.0242,中国货币网 / AKShare
20110429,,,2.4992,中国货币网 / AKShare
20110503,,,2.5525,中国货币网 / AKShare
20110504,,,2.5167,中国货币网 / AKShare
20110505,,,1.9942,中国货币网 / AKShare
20110506,,,1.9938,中国货币网 / AKShare
20110509,,,2.12,中国货币网 / AKShare
20110510,,,2.11,中国货币网 / AKShare
20110511,,,2.1006,中国货币网 / AKShare
20110512,,,2.0858,中国货币网 / AKShare
20110513,,,2.0892,中国货币网 / AKShare
20110516,,,2.0908,中国货币网 / AKShare
20110517,,,2.0992,中国货币网 / AKShare
20110518,,,3.1492,中国货币网 / AKShare
20110519,,,3.5467,中国货币网 / AKShare
20110520,,,4.005,中国货币网 / AKShare
20110523,,,4.0008,中国货币网 / AKShare
20110524,,,4.4767,中国货币网 / AKShare
20110525,,,4.9992,中国货币网 / AKShare
20110526,,,4.8533,中国货币网 / AKShare
20110527,,,2.8362,中国货币网 / AKShare
20110530,,,2.55,中国货币网 / AKShare
20110531,,,3.8433,中国货币网 / AKShare
20110601,,,3.1454,中国货币网 / AKShare
20110602,,,2.8436,中国货币网 / AKShare
20110603,,,2.505,中国货币网 / AKShare
20110607,,,2.9967,中国货币网 / AKShare
20110608,,,3.6663,中国货币网 / AKShare
20110609,,,3.7858,中国货币网 / AKShare
20110610,,,3.8167,中国货币网 / AKShare
20110613,,,3.8025,中国货币网 / AKShare
20110614,,,3.4842,中国货币网 / AKShare
20110615,,,3.9878,中国货币网 / AKShare
20110616,,,3.9957,中国货币网 / AKShare
20110617,,,3.985,中国货币网 / AKShare
20110620,,,6.955,中国货币网 / AKShare
20110621,,,7.1375,中国货币网 / AKShare
20110622,,,7.47,中国货币网 / AKShare
20110623,,,7.3325,中国货币网 / AKShare
20110624,,,7.0502,中国货币网 / AKShare
20110627,,,6.1117,中国货币网 / AKShare
20110628,,,5.0554,中国货币网 / AKShare
20110629,,,5.035,中国货币网 / AKShare
20110630,,,4.9983,中国货币网 / AKShare
20110701,,,4.7297,中国货币网 / AKShare
20110704,,,2.8505,中国货币网 / AKShare
20110705,,,5.8392,中国货币网 / AKShare
20110706,,,5.5817,中国货币网 / AKShare
20110707,,,4.8292,中国货币网 / AKShare
20110708,,,4.9983,中国货币网 / AKShare
20110711,,,4.015,中国货币网 / AKShare
20110712,,,2.4325,中国货币网 / AKShare
20110713,,,3.4525,中国货币网 / AKShare
20110714,,,4.2217,中国货币网 / AKShare
20110715,,,3.8683,中国货币网 / AKShare
20110718,,,3.6367,中国货币网 / AKShare
20110719,,,4.43,中国货币网 / AKShare
20110720,,,4.7383,中国货币网 / AKShare
20110721,,,5.4208,中国货币网 / AKShare
20110722,,,5.2967,中国货币网 / AKShare
20110725,,,5.1408,中国货币网 / AKShare
20110726,,,4.615,中国货币网 / AKShare
20110727,,,4.1483,中国货币网 / AKShare
20110728,,,3.6367,中国货币网 / AKShare
20110729,,,3.4817,中国货币网 / AKShare
20110801,,,3.0263,中国货币网 / AKShare
20110802,,,2.8121,中国货币网 / AKShare
20110803,,,2.8133,中国货币网 / AKShare
20110804,,,2.8442,中国货币网 / AKShare
20110805,,,2.8175,中国货币网 / AKShare
20110808,,,2.7286,中国货币网 / AKShare
20110809,,,2.7368,中国货币网 / AKShare
20110810,,,3.0425,中国货币网 / AKShare
20110811,,,2.7438,中国货币网 / AKShare
20110812,,,2.7942,中国货币网 / AKShare
20110815,,,2.8492,中国货币网 / AKShare
20110816,,,2.9871,中国货币网 / AKShare
20110817,,,2.9992,中国货币网 / AKShare
20110818,,,3.4425,中国货币网 / AKShare
20110819,,,3.6892,中国货币网 / AKShare
20110822,,,4.03,中国货币网 / AKShare
20110823,,,4.2306,中国货币网 / AKShare
20110824,,,3.7683,中国货币网 / AKShare
20110825,,,3.3377,中国货币网 / AKShare
20110826,,,3.2235,中国货币网 / AKShare
20110829,,,3.165,中国货币网 / AKShare
20110830,,,3.4308,中国货币网 / AKShare
20110831,,,3.3538,中国货币网 / AKShare
20110901,,,3.4192,中国货币网 / AKShare
20110902,,,3.4808,中国货币网 / AKShare
20110905,,,3.8892,中国货币网 / AKShare
20110906,,,2.9975,中国货币网 / AKShare
20110907,,,3.0546,中国货币网 / AKShare
20110908,,,3.1058,中国货币网 / AKShare
20110909,,,3.0408,中国货币网 / AKShare
20110913,,,2.9525,中国货币网 / AKShare
20110914,,,2.9575,中国货币网 / AKShare
20110915,,,3.1933,中国货币网 / AKShare
20110916,,,3.19,中国货币网 / AKShare
20110919,,,3.4777,中国货币网 / AKShare
20110920,,,3.7975,中国货币网 / AKShare
20110921,,,3.7346,中国货币网 / AKShare
20110922,,,3.5042,中国货币网 / AKShare
20110923,,,3.2942,中国货币网 / AKShare
20110926,,,3.0958,中国货币网 / AKShare
20110927,,,4.055,中国货币网 / AKShare
20110928,,,3.9917,中国货币网 / AKShare
20110929,,,3.8721,中国货币网 / AKShare
20110930,,,4.8925,中国货币网 / AKShare
20111008,,,4.8604,中国货币网 / AKShare
20111009,,,4.5642,中国货币网 / AKShare
20111010,,,3.8192,中国货币网 / AKShare
20111011,,,3.4417,中国货币网 / AKShare
20111012,,,2.995,中国货币网 / AKShare
20111013,,,2.9642,中国货币网 / AKShare
20111014,,,2.88,中国货币网 / AKShare
20111017,,,2.8075,中国货币网 / AKShare
20111018,,,2.8308,中国货币网 / AKShare
20111019,,,2.8963,中国货币网 / AKShare
20111020,,,3.01,中国货币网 / AKShare
20111021,,,3.0738,中国货币网 / AKShare
20111024,,,3.065,中国货币网 / AKShare
20111025,,,3.5983,中国货币网 / AKShare
20111026,,,3.9983,中国货币网 / AKShare
20111027,,,4.1875,中国货币网 / AKShare
20111028,,,4.8983,中国货币网 / AKShare
20111031,,,4.695,中国货币网 / AKShare
20111101,,,3.3025,中国货币网 / AKShare
20111102,,,3.0964,中国货币网 / AKShare
20111103,,,3.09,中国货币网 / AKShare
20111104,,,3.09,中国货币网 / AKShare
20111107,,,3.0933,中国货币网 / AKShare
20111108,,,3.1117,中国货币网 / AKShare
20111109,,,3.1167,中国货币网 / AKShare
20111110,,,3.1254,中国货币网 / AKShare
20111111,,,2.8233,中国货币网 / AKShare
20111114,,,2.8988,中国货币网 / AKShare
20111115,,,2.9125,中国货币网 / AKShare
20111116,,,2.925,中国货币网 / AKShare
20111117,,,3.2292,中国货币网 / AKShare
20111118,,,3.4225,中国货币网 / AKShare
20111121,,,3.6033,中国货币网 / AKShare
20111122,,,3.8342,中国货币网 / AKShare
20111123,,,3.9567,中国货币网 / AKShare
20111124,,,3.9467,中国货币网 / AKShare
20111125,,,4.0192,中国货币网 / AKShare
20111128,,,3.7075,中国货币网 / AKShare
20111129,,,3.4086,中国货币网 / AKShare
20111130,,,3.425,中国货币网 / AKShare
20111201,,,2.9775,中国货币网 / AKShare
20111202,,,2.9723,中国货币网 / AKShare
20111205,,,2.8567,中国货币网 / AKShare
20111206,,,2.8504,中国货币网 / AKShare
20111207,,,2.8696,中国货币网 / AKShare
20111208,,,2.8596,中国货币网 / AKShare
20111209,,,2.89,中国货币网 / AKShare
20111212,,,2.9475,中国货币网 / AKShare
20111213,,,2.9513,中国货币网 / AKShare
20111214,,,2.9158,中国货币网 / AKShare
20111215,,,2.9483,中国货币网 / AKShare
20111216,,,2.8758,中国货币网 / AKShare
20111219,,,2.8763,中国货币网 / AKShare
20111220,,,2.8775,中国货币网 / AKShare
20111221,,,2.8983,中国货币网 / AKShare
20111222,,,2.935,中国货币网 / AKShare
20111223,,,2.9392,中国货币网 / AKShare
20111226,,,2.9992,中国货币网 / AKShare
20111227,,,3.0775,中国货币网 / AKShare
20111228,,,3.4202,中国货币网 / AKShare
20111229,,,3.4175,中国货币网 / AKShare
20111230,,,3.4067,中国货币网 / AKShare
20111231,,,4.9992,中国货币网 / AKShare
20120104,,,3.4975,中国货币网 / AKShare
20120105,,,4.0,中国货币网 / AKShare
20120106,,,3.9979,中国货币网 / AKShare
20120109,,,4.0,中国货币网 / AKShare
20120110,,,3.6933,中国货币网 / AKShare
20120111,,,3.24,中国货币网 / AKShare
20120112,,,3.475,中国货币网 / AKShare
20120113,,,4.6363,中国货币网 / AKShare
20120116,,,5.4725,中国货币网 / AKShare
20120117,,,7.3667,中国货币网 / AKShare
20120118,,,8.1667,中国货币网 / AKShare
20120119,,,6.4975,中国货币网 / AKShare
20120120,,,3.4775,中国货币网 / AKShare
20120121,,,3.4692,中国货币网 / AKShare
20120129,,,3.2992,中国货币网 / AKShare
20120130,,,2.8578,中国货币网 / AKShare
20120131,,,2.9675,中国货币网 / AKShare
20120201,,,2.965,中国货币网 / AKShare
20120202,,,2.9675,中国货币网 / AKShare
20120203,,,2.9242,中国货币网 / AKShare
20120206,,,2.775,中国货币网 / AKShare
20120207,,,2.7767,中国货币网 / AKShare
20120208,,,2.7667,中国货币网 / AKShare
20120209,,,2.6567,中国货币网 / AKShare
20120210,,,2.6867,中国货币网 / AKShare
20120213,,,2.6883,中国货币网 / AKShare
20120214,,,2.9973,中国货币网 / AKShare
20120215,,,3.0075,中国货币网 / AKShare
20120216,,,3.5025,中国货币网 / AKShare
20120217,,,4.4958,中国货币网 / AKShare
20120220,,,4.7792,中国货币网 / AKShare
20120221,,,4.8842,中国货币网 / AKShare
20120222,,,5.0167,中国货币网 / AKShare
20120223,,,5.2192,中国货币网 / AKShare
20120224,,,4.6433,中国货币网 / AKShare
20120227,,,3.0131,中国货币网 / AKShare
20120228,,,2.6817,中国货币网 / AKShare
20120229,,,2.5933,中国货币网 / AKShare
20120301,,,2.5067,中国货币网 / AKShare
20120302,,,2.5292,中国货币网 / AKShare
20120305,,,2.4465,中国货币网 / AKShare
20120306,,,2.3154,中国货币网 / AKShare
20120307,,,2.3154,中国货币网 / AKShare
20120308,,,2.3146,中国货币网 / AKShare
20120309,,,2.3088,中国货币网 / AKShare
20120312,,,2.3058,中国货币网 / AKShare
20120313,,,2.3175,中国货币网 / AKShare
20120314,,,2.3139,中国货币网 / AKShare
20120315,,,2.3477,中国货币网 / AKShare
20120316,,,2.3783,中国货币网 / AKShare
20120319,,,2.395,中国货币网 / AKShare
20120320,,,2.4992,中国货币网 / AKShare
20120321,,,2.5478,中国货币网 / AKShare
20120322,,,2.6983,中国货币网 / AKShare
20120323,,,2.7125,中国货币网 / AKShare
20120326,,,2.6842,中国货币网 / AKShare
20120327,,,2.5483,中国货币网 / AKShare
20120328,,,2.635,中国货币网 / AKShare
20120329,,,2.6008,中国货币网 / AKShare
20120330,,,2.6767,中国货币网 / AKShare
20120331,,,2.6733,中国货币网 / AKShare
20120401,,,2.6392,中国货币网 / AKShare
20120405,,,3.0033,中国货币网 / AKShare
20120406,,,3.2288,中国货币网 / AKShare
20120409,,,2.9125,中国货币网 / AKShare
20120410,,,2.9946,中国货币网 / AKShare
20120411,,,2.9975,中国货币网 / AKShare
20120412,,,3.0475,中国货币网 / AKShare
20120413,,,3.4958,中国货币网 / AKShare
20120416,,,3.29,中国货币网 / AKShare
20120417,,,3.0004,中国货币网 / AKShare
20120418,,,2.9983,中国货币网 / AKShare
20120419,,,3.1992,中国货币网 / AKShare
20120420,,,3.4,中国货币网 / AKShare
20120423,,,3.3267,中国货币网 / AKShare
20120424,,,3.2163,中国货币网 / AKShare
20120425,,,3.4658,中国货币网 / AKShare
20120426,,,3.4358,中国货币网 / AKShare
20120427,,,3.285,中国货币网 / AKShare
20120428,,,2.7967,中国货币网 / AKShare
20120502,,,2.8367,中国货币网 / AKShare
20120503,,,2.955,中国货币网 / AKShare
20120504,,,2.9575,中国货币网 / AKShare
20120507,,,2.9625,中国货币网 / AKShare
20120508,,,2.4683,中国货币网 / AKShare
20120509,,,2.395,中国货币网 / AKShare
20120510,,,2.3667,中国货币网 / AKShare
20120511,,,2.275,中国货币网 / AKShare
20120514,,,1.9221,中国货币网 / AKShare
20120515,,,1.8725,中国货币网 / AKShare
20120516,,,1.8275,中国货币网 / AKShare
20120517,,,1.8114,中国货币网 / AKShare
20120518,,,1.8275,中国货币网 / AKShare
20120521,,,1.8142,中国货币网 / AKShare
20120522,,,1.8208,中国货币网 / AKShare
20120523,,,1.845,中国货币网 / AKShare
20120524,,,1.8833,中国货币网 / AKShare
20120525,,,1.9017,中国货币网 / AKShare
20120528,,,1.9117,中国货币网 / AKShare
20120529,,,1.9042,中国货币网 / AKShare
20120530,,,1.9058,中国货币网 / AKShare
20120531,,,1.8788,中国货币网 / AKShare
20120601,,,1.895,中国货币网 / AKShare
20120604,,,1.9183,中国货币网 / AKShare
20120605,,,1.9983,中国货币网 / AKShare
20120606,,,2.2017,中国货币网 / AKShare
20120607,,,2.4008,中国货币网 / AKShare
20120608,,,2.4033,中国货币网 / AKShare
20120611,,,2.3196,中国货币网 / AKShare
20120612,,,2.3867,中国货币网 / AKShare
20120613,,,2.4938,中国货币网 / AKShare
20120614,,,2.5483,中国货币网 / AKShare
20120615,,,2.5592,中国货币网 / AKShare
20120618,,,2.5388,中国货币网 / AKShare
20120619,,,2.6908,中国货币网 / AKShare
20120620,,,3.2775,中国货币网 / AKShare
20120621,,,3.59,中国货币网 / AKShare
20120625,,,3.6508,中国货币网 / AKShare
20120626,,,3.8775,中国货币网 / AKShare
20120627,,,3.4967,中国货币网 / AKShare
20120628,,,3.5483,中国货币网 / AKShare
20120629,,,3.6008,中国货币网 / AKShare
20120702,,,3.6092,中国货币网 / AKShare
20120703,,,3.2475,中国货币网 / AKShare
20120704,,,2.6208,中国货币网 / AKShare
20120705,,,2.6025,中国货币网 / AKShare
20120706,,,2.3501,中国货币网 / AKShare
20120709,,,2.3437,中国货币网 / AKShare
20120710,,,2.3277,中国货币网 / AKShare
20120711,,,2.3467,中国货币网 / AKShare
20120712,,,2.389,中国货币网 / AKShare
20120713,,,2.4792,中国货币网 / AKShare
20120716,,,2.4573,中国货币网 / AKShare
20120717,,,2.6325,中国货币网 / AKShare
20120718,,,2.9342,中国货币网 / AKShare
20120719,,,2.9858,中国货币网 / AKShare
20120720,,,3.1271,中国货币网 / AKShare
20120723,,,3.3275,中国货币网 / AKShare
20120724,,,2.9517,中国货币网 / AKShare
20120725,,,2.6813,中国货币网 / AKShare
20120726,,,2.66,中国货币网 / AKShare
20120727,,,2.6,中国货币网 / AKShare
20120730,,,2.5283,中国货币网 / AKShare
20120731,,,2.5983,中国货币网 / AKShare
20120801,,,2.6192,中国货币网 / AKShare
20120802,,,2.5375,中国货币网 / AKShare
20120803,,,2.5033,中国货币网 / AKShare
20120806,,,2.4783,中国货币网 / AKShare
20120807,,,2.5344,中国货币网 / AKShare
20120808,,,2.5483,中国货币网 / AKShare
20120809,,,2.5992,中国货币网 / AKShare
20120810,,,2.6592,中国货币网 / AKShare
20120813,,,2.4342,中国货币网 / AKShare
20120814,,,2.675,中国货币网 / AKShare
20120815,,,3.1117,中国货币网 / AKShare
20120816,,,3.0942,中国货币网 / AKShare
20120817,,,3.175,中国货币网 / AKShare
20120820,,,3.3525,中国货币网 / AKShare
20120821,,,3.49,中国货币网 / AKShare
20120822,,,3.08,中国货币网 / AKShare
20120823,,,3.055,中国货币网 / AKShare
20120824,,,2.6983,中国货币网 / AKShare
20120827,,,2.6975,中国货币网 / AKShare
20120828,,,2.7001,中国货币网 / AKShare
20120829,,,2.5992,中国货币网 / AKShare
20120830,,,2.3838,中国货币网 / AKShare
20120831,,,2.0657,中国货币网 / AKShare
20120903,,,2.05,中国货币网 / AKShare
20120904,,,2.0075,中国货币网 / AKShare
20120905,,,2.1375,中国货币网 / AKShare
20120906,,,2.1237,中国货币网 / AKShare
20120907,,,2.1253,中国货币网 / AKShare
20120910,,,2.2992,中国货币网 / AKShare
20120911,,,2.4992,中国货币网 / AKShare
20120912,,,2.5983,中国货币网 / AKShare
20120913,,,2.6833,中国货币网 / AKShare
20120914,,,2.6732,中国货币网 / AKShare
20120917,,,2.715,中国货币网 / AKShare
20120918,,,2.9217,中国货币网 / AKShare
20120919,,,3.5008,中国货币网 / AKShare
20120920,,,3.9992,中国货币网 / AKShare
20120921,,,4.2892,中国货币网 / AKShare
20120924,,,4.3892,中国货币网 / AKShare
20120925,,,4.5,中国货币网 / AKShare
20120926,,,2.9975,中国货币网 / AKShare
20120927,,,2.9992,中国货币网 / AKShare
20120928,,,2.4758,中国货币网 / AKShare
20120929,,,3.28,中国货币网 / AKShare
20121008,,,3.7192,中国货币网 / AKShare
20121009,,,3.3635,中国货币网 / AKShare
20121010,,,2.65,中国货币网 / AKShare
20121011,,,2.4475,中国货币网 / AKShare
20121012,,,2.4228,中国货币网 / AKShare
20121015,,,2.0408,中国货币网 / AKShare
20121016,,,2.2058,中国货币网 / AKShare
20121017,,,2.2192,中国货币网 / AKShare
20121018,,,2.1943,中国货币网 / AKShare
20121019,,,2.1958,中国货币网 / AKShare
20121022,,,2.2435,中国货币网 / AKShare
20121023,,,2.3446,中国货币网 / AKShare
20121024,,,2.7633,中国货币网 / AKShare
20121025,,,2.7092,中国货币网 / AKShare
20121026,,,3.315,中国货币网 / AKShare
20121029,,,4.4292,中国货币网 / AKShare
20121030,,,3.0585,中国货币网 / AKShare
20121031,,,2.955,中国货币网 / AKShare
20121101,,,3.0433,中国货币网 / AKShare
20121102,,,2.6758,中国货币网 / AKShare
20121105,,,2.6933,中国货币网 / AKShare
20121106,,,2.5267,中国货币网 / AKShare
20121107,,,2.5688,中国货币网 / AKShare
20121108,,,2.5748,中国货币网 / AKShare
20121109,,,2.6183,中国货币网 / AKShare
20121112,,,2.5221,中国货币网 / AKShare
20121113,,,2.32,中国货币网 / AKShare
20121114,,,2.2974,中国货币网 / AKShare
20121115,,,2.2775,中国货币网 / AKShare
20121116,,,2.2775,中国货币网 / AKShare
20121119,,,2.154,中国货币网 / AKShare
20121120,,,2.2422,中国货币网 / AKShare
20121121,,,2.3042,中国货币网 / AKShare
20121122,,,2.315,中国货币网 / AKShare
20121123,,,2.2525,中国货币网 / AKShare
20121126,,,2.2992,中国货币网 / AKShare
20121127,,,2.3108,中国货币网 / AKShare
20121128,,,2.315,中国货币网 / AKShare
20121129,,,2.3148,中国货币网 / AKShare
20121130,,,2.2533,中国货币网 / AKShare
20121203,,,2.258,中国货币网 / AKShare
20121204,,,2.25,中国货币网 / AKShare
20121205,,,2.25,中国货币网 / AKShare
20121206,,,2.2399,中国货币网 / AKShare
20121207,,,2.2503,中国货币网 / AKShare
20121210,,,2.249,中国货币网 / AKShare
20121211,,,2.25,中国货币网 / AKShare
20121212,,,2.26,中国货币网 / AKShare
20121213,,,2.2747,中国货币网 / AKShare
20121214,,,2.2559,中国货币网 / AKShare
20121217,,,2.256,中国货币网 / AKShare
20121218,,,2.28,中国货币网 / AKShare
20121219,,,2.2775,中国货币网 / AKShare
20121220,,,2.638,中国货币网 / AKShare
20121221,,,2.42,中国货币网 / AKShare
20121224,,,2.3,中国货币网 / AKShare
20121225,,,2.3,中国货币网 / AKShare
20121226,,,2.303,中国货币网 / AKShare
20121227,,,2.2925,中国货币网 / AKShare
20121228,,,2.286,中国货币网 / AKShare
20121231,,,3.866,中国货币网 / AKShare
20130104,,,2.557,中国货币网 / AKShare
20130105,,,2.304,中国货币网 / AKShare
20130106,,,2.199,中国货币网 / AKShare
20130107,,,2.1529,中国货币网 / AKShare
20130108,,,2.145,中国货币网 / AKShare
20130109,,,2.107,中国货币网 / AKShare
20130110,,,2.108,中国货币网 / AKShare
20130111,,,2.104,中国货币网 / AKShare
20130114,,,2.078,中国货币网 / AKShare
20130115,,,2.105,中国货币网 / AKShare
20130116,,,2.071,中国货币网 / AKShare
20130117,,,2.029,中国货币网 / AKShare
20130118,,,1.979,中国货币网 / AKShare
20130121,,,1.958,中国货币网 / AKShare
20130122,,,1.927,中国货币网 / AKShare
20130123,,,1.9409,中国货币网 / AKShare
20130124,,,2.0665,中国货币网 / AKShare
20130125,,,2.103,中国货币网 / AKShare
20130128,,,2.1,中国货币网 / AKShare
20130129,,,2.1,中国货币网 / AKShare
20130130,,,2.1,中国货币网 / AKShare
20130131,,,2.31,中国货币网 / AKShare
20130201,,,2.6745,中国货币网 / AKShare
20130204,,,2.833,中国货币网 / AKShare
20130205,,,3.25,中国货币网 / AKShare
20130206,,,3.596,中国货币网 / AKShare
20130207,,,3.6463,中国货币网 / AKShare
20130208,,,2.715,中国货币网 / AKShare
20130216,,,1.98,中国货币网 / AKShare
20130217,,,1.899,中国货币网 / AKShare
20130218,,,1.866,中国货币网 / AKShare
20130219,,,1.8693,中国货币网 / AKShare
20130220,,,1.8798,中国货币网 / AKShare
20130221,,,2.018,中国货币网 / AKShare
20130222,,,2.2,中国货币网 / AKShare
20130225,,,2.386,中国货币网 / AKShare
20130226,,,3.69,中国货币网 / AKShare
20130227,,,3.932,中国货币网 / AKShare
20130228,,,4.011,中国货币网 / AKShare
20130301,,,4.136,中国货币网 / AKShare
20130304,,,3.2935,中国货币网 / AKShare
20130305,,,3.018,中国货币网 / AKShare
20130306,,,2.858,中国货币网 / AKShare
20130307,,,2.486,中国货币网 / AKShare
20130308,,,2.468,中国货币网 / AKShare
20130311,,,2.2315,中国货币网 / AKShare
20130312,,,2.095,中国货币网 / AKShare
20130313,,,2.072,中国货币网 / AKShare
20130314,,,2.057,中国货币网 / AKShare
20130315,,,2.064,中国货币网 / AKShare
20130318,,,2.524,中国货币网 / AKShare
20130319,,,2.248,中国货币网 / AKShare
20130320,,,2.051,中国货币网 / AKShare
20130321,,,1.938,中国货币网 / AKShare
20130322,,,1.807,中国货币网 / AKShare
20130325,,,1.6841,中国货币网 / AKShare
20130326,,,1.674,中国货币网 / AKShare
20130327,,,1.741,中国货币网 / AKShare
20130328,,,1.75,中国货币网 / AKShare
20130329,,,2.684,中国货币网 / AKShare
20130401,,,1.9915,中国货币网 / AKShare
20130402,,,2.019,中国货币网 / AKShare
20130403,,,2.093,中国货币网 / AKShare
20130407,,,2.033,中国货币网 / AKShare
20130408,,,2.1808,中国货币网 / AKShare
20130409,,,2.14,中国货币网 / AKShare
20130410,,,2.1235,中国货币网 / AKShare
20130411,,,2.0669,中国货币网 / AKShare
20130412,,,2.0238,中国货币网 / AKShare
20130415,,,2.0533,中国货币网 / AKShare
20130416,,,2.017,中国货币网 / AKShare
20130417,,,2.0138,中国货币网 / AKShare
20130418,,,2.208,中国货币网 / AKShare
20130419,,,2.503,中国货币网 / AKShare
20130422,,,2.637,中国货币网 / AKShare
20130423,,,2.97,中国货币网 / AKShare
20130424,,,4.061,中国货币网 / AKShare
20130425,,,4.291,中国货币网 / AKShare
20130426,,,3.0,中国货币网 / AKShare
20130427,,,3.016,中国货币网 / AKShare
20130428,,,2.83,中国货币网 / AKShare
20130502,,,2.8,中国货币网 / AKShare
20130503,,,3.0,中国货币网 / AKShare
20130506,,,2.78,中国货币网 / AKShare
20130507,,,2.36,中国货币网 / AKShare
20130508,,,2.11,中国货币网 / AKShare
20130509,,,2.11,中国货币网 / AKShare
20130510,,,2.14,中国货币网 / AKShare
20130513,,,2.1573,中国货币网 / AKShare
20130514,,,2.24,中国货币网 / AKShare
20130515,,,2.2445,中国货币网 / AKShare
20130516,,,2.702,中国货币网 / AKShare
20130517,,,2.8439,中国货币网 / AKShare
20130520,,,2.957,中国货币网 / AKShare
20130521,,,3.36,中国货币网 / AKShare
20130522,,,3.424,中国货币网 / AKShare
20130523,,,3.681,中国货币网 / AKShare
20130524,,,3.504,中国货币网 / AKShare
20130527,,,3.56,中国货币网 / AKShare
20130528,,,3.35,中国货币网 / AKShare
20130529,,,3.05,中国货币网 / AKShare
20130530,,,3.39,中国货币网 / AKShare
20130531,,,4.501,中国货币网 / AKShare
20130603,,,4.599,中国货币网 / AKShare
20130604,,,4.517,中国货币网 / AKShare
20130605,,,4.623,中国货币网 / AKShare
20130606,,,5.982,中国货币网 / AKShare
20130607,,,8.294,中国货币网 / AKShare
20130608,,,9.581,中国货币网 / AKShare
20130609,,,7.49,中国货币网 / AKShare
20130613,,,6.691,中国货币网 / AKShare
20130614,,,6.968,中国货币网 / AKShare
20130617,,,4.813,中国货币网 / AKShare
20130618,,,5.596,中国货币网 / AKShare
20130619,,,7.66,中国货币网 / AKShare
20130620,,,13.444,中国货币网 / AKShare
20130621,,,8.492,中国货币网 / AKShare
20130624,,,6.489,中国货币网 / AKShare
20130625,,,5.736,中国货币网 / AKShare
20130626,,,5.553,中国货币网 / AKShare
20130627,,,5.561,中国货币网 / AKShare
20130628,,,4.941,中国货币网 / AKShare
20130701,,,4.456,中国货币网 / AKShare
20130702,,,3.786,中国货币网 / AKShare
20130703,,,3.4,中国货币网 / AKShare
20130704,,,3.348,中国货币网 / AKShare
20130705,,,3.38,中国货币网 / AKShare
20130708,,,3.256,中国货币网 / AKShare
20130709,,,3.249,中国货币网 / AKShare
20130710,,,3.251,中国货币网 / AKShare
20130711,,,3.3547,中国货币网 / AKShare
20130712,,,3.3,中国货币网 / AKShare
20130715,,,3.2998,中国货币网 / AKShare
20130716,,,3.013,中国货币网 / AKShare
20130717,,,2.968,中国货币网 / AKShare
20130718,,,2.998,中国货币网 / AKShare
20130719,,,3.04,中国货币网 / AKShare
20130722,,,3.1035,中国货币网 / AKShare
20130723,,,3.1355,中国货币网 / AKShare
20130724,,,3.23,中国货币网 / AKShare
20130725,,,3.3495,中国货币网 / AKShare
20130726,,,3.55,中国货币网 / AKShare
20130729,,,3.703,中国货币网 / AKShare
20130730,,,3.641,中国货币网 / AKShare
20130731,,,3.699,中国货币网 / AKShare
20130801,,,3.549,中国货币网 / AKShare
20130802,,,3.2539,中国货币网 / AKShare
20130805,,,3.1,中国货币网 / AKShare
20130806,,,3.1,中国货币网 / AKShare
20130807,,,3.1005,中国货币网 / AKShare
20130808,,,3.1641,中国货币网 / AKShare
20130809,,,2.914,中国货币网 / AKShare
20130812,,,2.9645,中国货币网 / AKShare
20130813,,,3.2253,中国货币网 / AKShare
20130814,,,3.435,中国货币网 / AKShare
20130815,,,3.283,中国货币网 / AKShare
20130816,,,3.209,中国货币网 / AKShare
20130819,,,3.403,中国货币网 / AKShare
20130820,,,3.854,中国货币网 / AKShare
20130821,,,3.517,中国货币网 / AKShare
20130822,,,3.357,中国货币网 / AKShare
20130823,,,3.265,中国货币网 / AKShare
20130826,,,3.037,中国货币网 / AKShare
20130827,,,3.006,中国货币网 / AKShare
20130828,,,3.098,中国货币网 / AKShare
20130829,,,2.957,中国货币网 / AKShare
20130830,,,3.034,中国货币网 / AKShare
20130902,,,3.0188,中国货币网 / AKShare
20130903,,,3.0006,中国货币网 / AKShare
20130904,,,3.005,中国货币网 / AKShare
20130905,,,2.89,中国货币网 / AKShare
20130906,,,2.95,中国货币网 / AKShare
20130909,,,2.92,中国货币网 / AKShare
20130910,,,2.8955,中国货币网 / AKShare
20130911,,,3.014,中国货币网 / AKShare
20130912,,,2.967,中国货币网 / AKShare
20130913,,,2.979,中国货币网 / AKShare
20130916,,,3.008,中国货币网 / AKShare
20130917,,,3.493,中国货币网 / AKShare
20130918,,,3.557,中国货币网 / AKShare
20130922,,,3.573,中国货币网 / AKShare
20130923,,,3.815,中国货币网 / AKShare
20130924,,,3.6144,中国货币网 / AKShare
20130925,,,3.347,中国货币网 / AKShare
20130926,,,3.112,中国货币网 / AKShare
20130927,,,3.1477,中国货币网 / AKShare
20130929,,,3.15,中国货币网 / AKShare
20130930,,,3.126,中国货币网 / AKShare
20131008,,,3.052,中国货币网 / AKShare
20131009,,,3.232,中国货币网 / AKShare
20131010,,,3.328,中国货币网 / AKShare
20131011,,,3.1,中国货币网 / AKShare
20131012,,,3.027,中国货币网 / AKShare
20131014,,,3.113,中国货币网 / AKShare
20131015,,,3.117,中国货币网 / AKShare
20131016,,,3.055,中国货币网 / AKShare
20131017,,,3.038,中国货币网 / AKShare
20131018,,,3.001,中国货币网 / AKShare
20131021,,,3.06,中国货币网 / AKShare
20131022,,,3.052,中国货币网 / AKShare
20131023,,,3.78,中国货币网 / AKShare
20131024,,,4.088,中国货币网 / AKShare
20131025,,,4.367,中国货币网 / AKShare
20131028,,,4.434,中国货币网 / AKShare
20131029,,,4.446,中国货币网 / AKShare
20131030,,,5.23,中国货币网 / AKShare
20131031,,,4.59,中国货币网 / AKShare
20131101,,,4.2883,中国货币网 / AKShare
20131104,,,4.0971,中国货币网 / AKShare
20131105,,,3.9147,中国货币网 / AKShare
20131106,,,3.66,中国货币网 / AKShare
20131107,,,3.73,中国货币网 / AKShare
20131108,,,3.761,中国货币网 / AKShare
20131111,,,3.6,中国货币网 / AKShare
20131112,,,3.329,中国货币网 / AKShare
20131113,,,3.336,中国货币网 / AKShare
20131114,,,4.188,中国货币网 / AKShare
20131115,,,4.454,中国货币网 / AKShare
20131118,,,4.513,中国货币网 / AKShare
20131119,,,4.075,中国货币网 / AKShare
20131120,,,4.057,中国货币网 / AKShare
20131121,,,3.889,中国货币网 / AKShare
20131122,,,3.899,中国货币网 / AKShare
20131125,,,3.847,中国货币网 / AKShare
20131126,,,3.746,中国货币网 / AKShare
20131127,,,3.764,中国货币网 / AKShare
20131128,,,3.746,中国货币网 / AKShare
20131129,,,3.726,中国货币网 / AKShare
20131202,,,3.748,中国货币网 / AKShare
20131203,,,3.725,中国货币网 / AKShare
20131204,,,3.7235,中国货币网 / AKShare
20131205,,,3.703,中国货币网 / AKShare
20131206,,,3.7,中国货币网 / AKShare
20131209,,,3.62,中国货币网 / AKShare
20131210,,,3.558,中国货币网 / AKShare
20131211,,,3.51,中国货币网 / AKShare
20131212,,,3.46,中国货币网 / AKShare
20131213,,,3.4321,中国货币网 / AKShare
20131216,,,3.447,中国货币网 / AKShare
20131217,,,3.47,中国货币网 / AKShare
20131218,,,3.588,中国货币网 / AKShare
20131219,,,3.846,中国货币网 / AKShare
20131220,,,3.927,中国货币网 / AKShare
20131223,,,4.515,中国货币网 / AKShare
20131224,,,4.145,中国货币网 / AKShare
20131225,,,4.05,中国货币网 / AKShare
20131226,,,4.001,中国货币网 / AKShare
20131227,,,3.513,中国货币网 / AKShare
20131230,,,3.205,中国货币网 / AKShare
20131231,,,3.148,中国货币网 / AKShare
20140102,,,3.131,中国货币网 / AKShare
20140103,,,3.006,中国货币网 / AKShare
20140106,,,2.92,中国货币网 / AKShare
20140107,,,2.875,中国货币网 / AKShare
20140108,,,2.83,中国货币网 / AKShare
20140109,,,2.794,中国货币网 / AKShare
20140110,,,2.766,中国货币网 / AKShare
20140113,,,2.738,中国货币网 / AKShare
20140114,,,2.7395,中国货币网 / AKShare
20140115,,,2.7513,中国货币网 / AKShare
20140116,,,2.7723,中国货币网 / AKShare
20140117,,,2.817,中国货币网 / AKShare
20140120,,,3.888,中国货币网 / AKShare
20140121,,,3.641,中国货币网 / AKShare
20140122,,,3.676,中国货币网 / AKShare
20140123,,,3.7,中国货币网 / AKShare
20140124,,,3.7193,中国货币网 / AKShare
20140126,,,4.4,中国货币网 / AKShare
20140127,,,4.534,中国货币网 / AKShare
20140128,,,4.8477,中国货币网 / AKShare
20140129,,,4.8,中国货币网 / AKShare
20140130,,,4.435,中国货币网 / AKShare
20140207,,,4.27,中国货币网 / AKShare
20140208,,,4.25,中国货币网 / AKShare
20140210,,,4.3035,中国货币网 / AKShare
20140211,,,4.137,中国货币网 / AKShare
20140212,,,4.075,中国货币网 / AKShare
20140213,,,3.669,中国货币网 / AKShare
20140214,,,3.278,中国货币网 / AKShare
20140217,,,2.951,中国货币网 / AKShare
20140218,,,2.68,中国货币网 / AKShare
20140219,,,2.403,中国货币网 / AKShare
20140220,,,1.981,中国货币网 / AKShare
20140221,,,1.764,中国货币网 / AKShare
20140224,,,1.7,中国货币网 / AKShare
20140225,,,1.72,中国货币网 / AKShare
20140226,,,1.75,中国货币网 / AKShare
20140227,,,1.75,中国货币网 / AKShare
20140228,,,1.8458,中国货币网 / AKShare
20140303,,,2.085,中国货币网 / AKShare
20140304,,,2.083,中国货币网 / AKShare
20140305,,,2.09,中国货币网 / AKShare
20140306,,,2.0547,中国货币网 / AKShare
20140307,,,1.9948,中国货币网 / AKShare
20140310,,,1.919,中国货币网 / AKShare
20140311,,,1.873,中国货币网 / AKShare
20140312,,,1.9,中国货币网 / AKShare
20140313,,,1.96,中国货币网 / AKShare
20140314,,,1.8765,中国货币网 / AKShare
20140317,,,1.869,中国货币网 / AKShare
20140318,,,2.05,中国货币网 / AKShare
20140319,,,2.8025,中国货币网 / AKShare
20140320,,,3.011,中国货币网 / AKShare
20140321,,,2.5,中国货币网 / AKShare
20140324,,,2.5,中国货币网 / AKShare
20140325,,,2.5,中国货币网 / AKShare
20140326,,,2.52,中国货币网 / AKShare
20140327,,,2.658,中国货币网 / AKShare
20140328,,,2.75,中国货币网 / AKShare
20140331,,,2.8,中国货币网 / AKShare
20140401,,,2.866,中国货币网 / AKShare
20140402,,,2.95,中国货币网 / AKShare
20140403,,,2.95,中国货币网 / AKShare
20140404,,,2.763,中国货币网 / AKShare
20140408,,,2.713,中国货币网 / AKShare
20140409,,,2.74,中国货币网 / AKShare
20140410,,,2.74,中国货币网 / AKShare
20140411,,,2.75,中国货币网 / AKShare
20140414,,,2.639,中国货币网 / AKShare
20140415,,,2.449,中国货币网 / AKShare
20140416,,,2.298,中国货币网 / AKShare
20140417,,,2.181,中国货币网 / AKShare
20140418,,,2.0,中国货币网 / AKShare
20140421,,,1.98,中国货币网 / AKShare
20140422,,,1.9262,中国货币网 / AKShare
20140423,,,1.963,中国货币网 / AKShare
20140424,,,2.303,中国货币网 / AKShare
20140425,,,2.31,中国货币网 / AKShare
20140428,,,2.406,中国货币网 / AKShare
20140429,,,2.604,中国货币网 / AKShare
20140430,,,2.5,中国货币网 / AKShare
20140504,,,2.4,中国货币网 / AKShare
20140505,,,2.37,中国货币网 / AKShare
20140506,,,2.37,中国货币网 / AKShare
20140507,,,2.37,中国货币网 / AKShare
20140508,,,2.23,中国货币网 / AKShare
20140509,,,2.2205,中国货币网 / AKShare
20140512,,,2.2135,中国货币网 / AKShare
20140513,,,2.35,中国货币网 / AKShare
20140514,,,2.3666,中国货币网 / AKShare
20140515,,,2.35,中国货币网 / AKShare
20140516,,,2.37,中国货币网 / AKShare
20140519,,,2.396,中国货币网 / AKShare
20140520,,,2.427,中国货币网 / AKShare
20140521,,,2.528,中国货币网 / AKShare
20140522,,,2.51,中国货币网 / AKShare
20140523,,,2.53,中国货币网 / AKShare
20140526,,,2.5025,中国货币网 / AKShare
20140527,,,2.541,中国货币网 / AKShare
20140528,,,2.51,中国货币网 / AKShare
20140529,,,2.51,中国货币网 / AKShare
20140530,,,2.57,中国货币网 / AKShare
20140603,,,2.521,中国货币网 / AKShare
20140604,,,2.561,中国货币网 / AKShare
20140605,,,2.576,中国货币网 / AKShare
20140606,,,2.5808,中国货币网 / AKShare
20140609,,,2.58,中国货币网 / AKShare
20140610,,,2.57,中国货币网 / AKShare
20140611,,,2.592,中国货币网 / AKShare
20140612,,,2.597,中国货币网 / AKShare
20140613,,,2.6,中国货币网 / AKShare
20140616,,,2.6,中国货币网 / AKShare
20140617,,,2.6,中国货币网 / AKShare
20140618,,,2.639,中国货币网 / AKShare
20140619,,,2.698,中国货币网 / AKShare
20140620,,,2.759,中国货币网 / AKShare
20140623,,,2.755,中国货币网 / AKShare
20140624,,,2.971,中国货币网 / AKShare
20140625,,,2.995,中国货币网 / AKShare
20140626,,,2.974,中国货币网 / AKShare
20140627,,,2.885,中国货币网 / AKShare
20140630,,,2.913,中国货币网 / AKShare
20140701,,,3.017,中国货币网 / AKShare
20140702,,,3.02,中国货币网 / AKShare
20140703,,,2.96,中国货币网 / AKShare
20140704,,,2.94,中国货币网 / AKShare
20140707,,,2.952,中国货币网 / AKShare
20140708,,,3.253,中国货币网 / AKShare
20140709,,,3.351,中国货币网 / AKShare
20140710,,,3.3,中国货币网 / AKShare
20140711,,,3.285,中国货币网 / AKShare
20140714,,,3.255,中国货币网 / AKShare
20140715,,,3.218,中国货币网 / AKShare
20140716,,,3.2472,中国货币网 / AKShare
20140717,,,3.2465,中国货币网 / AKShare
20140718,,,3.245,中国货币网 / AKShare
20140721,,,3.318,中国货币网 / AKShare
20140722,,,3.253,中国货币网 / AKShare
20140723,,,3.295,中国货币网 / AKShare
20140724,,,3.313,中国货币网 / AKShare
20140725,,,3.348,中国货币网 / AKShare
20140728,,,3.304,中国货币网 / AKShare
20140729,,,3.2503,中国货币网 / AKShare
20140730,,,3.2502,中国货币网 / AKShare
20140731,,,3.204,中国货币网 / AKShare
20140801,,,3.196,中国货币网 / AKShare
20140804,,,3.182,中国货币网 / AKShare
20140805,,,3.145,中国货币网 / AKShare
20140806,,,3.051,中国货币网 / AKShare
20140807,,,3.04,中国货币网 / AKShare
20140808,,,3.001,中国货币网 / AKShare
20140811,,,2.955,中国货币网 / AKShare
20140812,,,2.916,中国货币网 / AKShare
20140813,,,2.892,中国货币网 / AKShare
20140814,,,2.888,中国货币网 / AKShare
20140815,,,2.889,中国货币网 / AKShare
20140818,,,2.858,中国货币网 / AKShare
20140819,,,2.835,中国货币网 / AKShare
20140820,,,2.833,中国货币网 / AKShare
20140821,,,2.848,中国货币网 / AKShare
20140822,,,2.843,中国货币网 / AKShare
20140825,,,2.841,中国货币网 / AKShare
20140826,,,2.823,中国货币网 / AKShare
20140827,,,2.861,中国货币网 / AKShare
20140828,,,2.876,中国货币网 / AKShare
20140829,,,2.908,中国货币网 / AKShare
20140901,,,2.906,中国货币网 / AKShare
20140902,,,2.847,中国货币网 / AKShare
20140903,,,2.824,中国货币网 / AKShare
20140904,,,2.815,中国货币网 / AKShare
20140905,,,2.807,中国货币网 / AKShare
20140909,,,2.816,中国货币网 / AKShare
20140910,,,2.839,中国货币网 / AKShare
20140911,,,2.859,中国货币网 / AKShare
20140912,,,2.853,中国货币网 / AKShare
20140915,,,2.851,中国货币网 / AKShare
20140916,,,2.853,中国货币网 / AKShare
20140917,,,2.847,中国货币网 / AKShare
20140918,,,2.841,中国货币网 / AKShare
20140919,,,2.84,中国货币网 / AKShare
20140922,,,2.797,中国货币网 / AKShare
20140923,,,2.716,中国货币网 / AKShare
20140924,,,2.691,中国货币网 / AKShare
20140925,,,2.677,中国货币网 / AKShare
20140926,,,2.678,中国货币网 / AKShare
20140928,,,2.658,中国货币网 / AKShare
20140929,,,2.543,中国货币网 / AKShare
20140930,,,2.5325,中国货币网 / AKShare
20141008,,,2.54,中国货币网 / AKShare
20141009,,,2.5623,中国货币网 / AKShare
20141010,,,2.5665,中国货币网 / AKShare
20141011,,,2.544,中国货币网 / AKShare
20141013,,,2.536,中国货币网 / AKShare
20141014,,,2.538,中国货币网 / AKShare
20141015,,,2.498,中国货币网 / AKShare
20141016,,,2.474,中国货币网 / AKShare
20141017,,,2.461,中国货币网 / AKShare
20141020,,,2.428,中国货币网 / AKShare
20141021,,,2.415,中国货币网 / AKShare
20141022,,,2.419,中国货币网 / AKShare
20141023,,,2.423,中国货币网 / AKShare
20141024,,,2.4452,中国货币网 / AKShare
20141027,,,2.4822,中国货币网 / AKShare
20141028,,,2.491,中国货币网 / AKShare
20141029,,,2.518,中国货币网 / AKShare
20141030,,,2.554,中国货币网 / AKShare
20141031,,,2.559,中国货币网 / AKShare
20141103,,,2.548,中国货币网 / AKShare
20141104,,,2.542,中国货币网 / AKShare
20141105,,,2.542,中国货币网 / AKShare
20141106,,,2.558,中国货币网 / AKShare
20141107,,,2.569,中国货币网 / AKShare
20141110,,,2.539,中国货币网 / AKShare
20141111,,,2.493,中国货币网 / AKShare
20141112,,,2.483,中国货币网 / AKShare
20141113,,,2.473,中国货币网 / AKShare
20141114,,,2.486,中国货币网 / AKShare
20141117,,,2.509,中国货币网 / AKShare
20141118,,,2.503,中国货币网 / AKShare
20141119,,,2.504,中国货币网 / AKShare
20141120,,,2.539,中国货币网 / AKShare
20141121,,,2.586,中国货币网 / AKShare
20141124,,,2.554,中国货币网 / AKShare
20141125,,,2.559,中国货币网 / AKShare
20141126,,,2.573,中国货币网 / AKShare
20141127,,,2.584,中国货币网 / AKShare
20141128,,,2.608,中国货币网 / AKShare
20141201,,,2.646,中国货币网 / AKShare
20141202,,,2.643,中国货币网 / AKShare
20141203,,,2.634,中国货币网 / AKShare
20141204,,,2.632,中国货币网 / AKShare
20141205,,,2.628,中国货币网 / AKShare
20141208,,,2.641,中国货币网 / AKShare
20141209,,,2.64,中国货币网 / AKShare
20141210,,,2.643,中国货币网 / AKShare
20141211,,,2.646,中国货币网 / AKShare
20141212,,,2.651,中国货币网 / AKShare
20141215,,,2.654,中国货币网 / AKShare
20141216,,,2.668,中国货币网 / AKShare
20141217,,,2.766,中国货币网 / AKShare
20141218,,,3.13,中国货币网 / AKShare
20141219,,,3.606,中国货币网 / AKShare
20141222,,,3.702,中国货币网 / AKShare
20141223,,,3.667,中国货币网 / AKShare
20141224,,,3.606,中国货币网 / AKShare
20141225,,,3.549,中国货币网 / AKShare
20141226,,,3.486,中国货币网 / AKShare
20141229,,,3.415,中国货币网 / AKShare
20141230,,,3.38,中国货币网 / AKShare
20141231,,,3.528,中国货币网 / AKShare
20150104,,,3.64,中国货币网 / AKShare
20150105,,,3.421,中国货币网 / AKShare
20150106,,,3.032,中国货币网 / AKShare
20150107,,,2.881,中国货币网 / AKShare
20150108,,,2.83,中国货币网 / AKShare
20150109,,,2.805,中国货币网 / AKShare
20150112,,,2.753,中国货币网 / AKShare
20150113,,,2.667,中国货币网 / AKShare
20150114,,,2.636,中国货币网 / AKShare
20150115,,,2.631,中国货币网 / AKShare
20150116,,,2.633,中国货币网 / AKShare
20150119,,,2.66,中国货币网 / AKShare
20150120,,,2.707,中国货币网 / AKShare
20150121,,,2.788,中国货币网 / AKShare
20150122,,,2.771,中国货币网 / AKShare
20150123,,,2.728,中国货币网 / AKShare
20150126,,,2.688,中国货币网 / AKShare
20150127,,,2.674,中国货币网 / AKShare
20150128,,,2.69,中国货币网 / AKShare
20150129,,,2.765,中国货币网 / AKShare
20150130,,,2.813,中国货币网 / AKShare
20150202,,,2.889,中国货币网 / AKShare
20150203,,,2.9544,中国货币网 / AKShare
20150204,,,2.973,中国货币网 / AKShare
20150205,,,2.866,中国货币网 / AKShare
20150206,,,2.856,中国货币网 / AKShare
20150209,,,2.812,中国货币网 / AKShare
20150210,,,2.852,中国货币网 / AKShare
20150211,,,2.932,中国货币网 / AKShare
20150212,,,3.058,中国货币网 / AKShare
20150213,,,3.091,中国货币网 / AKShare
20150215,,,3.175,中国货币网 / AKShare
20150216,,,3.182,中国货币网 / AKShare
20150217,,,3.4,中国货币网 / AKShare
20150225,,,3.328,中国货币网 / AKShare
20150226,,,3.298,中国货币网 / AKShare
20150227,,,3.318,中国货币网 / AKShare
20150228,,,3.441,中国货币网 / AKShare
20150302,,,3.453,中国货币网 / AKShare
20150303,,,3.45,中国货币网 / AKShare
20150304,,,3.446,中国货币网 / AKShare
20150305,,,3.433,中国货币网 / AKShare
20150306,,,3.416,中国货币网 / AKShare
20150309,,,3.381,中国货币网 / AKShare
20150310,,,3.35,中国货币网 / AKShare
20150311,,,3.347,中国货币网 / AKShare
20150312,,,3.4644,中国货币网 / AKShare
20150313,,,3.436,中国货币网 / AKShare
20150316,,,3.403,中国货币网 / AKShare
20150317,,,3.376,中国货币网 / AKShare
20150318,,,3.369,中国货币网 / AKShare
20150319,,,3.332,中国货币网 / AKShare
20150320,,,3.294,中国货币网 / AKShare
20150323,,,3.217,中国货币网 / AKShare
20150324,,,3.218,中国货币网 / AKShare
20150325,,,3.21,中国货币网 / AKShare
20150326,,,3.216,中国货币网 / AKShare
20150327,,,3.206,中国货币网 / AKShare
20150330,,,3.203,中国货币网 / AKShare
20150331,,,3.183,中国货币网 / AKShare
20150401,,,3.087,中国货币网 / AKShare
20150402,,,2.995,中国货币网 / AKShare
20150403,,,2.887,中国货币网 / AKShare
20150407,,,2.766,中国货币网 / AKShare
20150408,,,2.683,中国货币网 / AKShare
20150409,,,2.599,中国货币网 / AKShare
20150410,,,2.489,中国货币网 / AKShare
20150413,,,2.405,中国货币网 / AKShare
20150414,,,2.372,中国货币网 / AKShare
20150415,,,2.307,中国货币网 / AKShare
20150416,,,2.298,中国货币网 / AKShare
20150417,,,2.268,中国货币网 / AKShare
20150420,,,2.087,中国货币网 / AKShare
20150421,,,2.002,中国货币网 / AKShare
20150422,,,1.949,中国货币网 / AKShare
20150423,,,1.908,中国货币网 / AKShare
20150424,,,1.851,中国货币网 / AKShare
20150427,,,1.806,中国货币网 / AKShare
20150428,,,1.759,中国货币网 / AKShare
20150429,,,1.739,中国货币网 / AKShare
20150430,,,1.69,中国货币网 / AKShare
20150504,,,1.619,中国货币网 / AKShare
20150505,,,1.564,中国货币网 / AKShare
20150506,,,1.523,中国货币网 / AKShare
20150507,,,1.489,中国货币网 / AKShare
20150508,,,1.443,中国货币网 / AKShare
20150511,,,1.345,中国货币网 / AKShare
20150512,,,1.29,中国货币网 / AKShare
20150513,,,1.247,中国货币网 / AKShare
20150514,,,1.182,中国货币网 / AKShare
20150515,,,1.078,中国货币网 / AKShare
20150518,,,1.052,中国货币网 / AKShare
20150519,,,1.033,中国货币网 / AKShare
20150520,,,1.032,中国货币网 / AKShare
20150521,,,1.033,中国货币网 / AKShare
20150522,,,1.037,中国货币网 / AKShare
20150525,,,1.039,中国货币网 / AKShare
20150526,,,1.04,中国货币网 / AKShare
20150527,,,1.04,中国货币网 / AKShare
20150528,,,1.043,中国货币网 / AKShare
20150529,,,1.039,中国货币网 / AKShare
20150601,,,1.027,中国货币网 / AKShare
20150602,,,1.034,中国货币网 / AKShare
20150603,,,1.039,中国货币网 / AKShare
20150604,,,1.047,中国货币网 / AKShare
20150605,,,1.051,中国货币网 / AKShare
20150608,,,1.061,中国货币网 / AKShare
20150609,,,1.071,中国货币网 / AKShare
20150610,,,1.083,中国货币网 / AKShare
20150611,,,1.09,中国货币网 / AKShare
20150612,,,1.104,中国货币网 / AKShare
20150615,,,1.121,中国货币网 / AKShare
20150616,,,1.131,中国货币网 / AKShare
20150617,,,1.151,中国货币网 / AKShare
20150618,,,1.202,中国货币网 / AKShare
20150619,,,1.267,中国货币网 / AKShare
20150623,,,1.295,中国货币网 / AKShare
20150624,,,1.338,中国货币网 / AKShare
20150625,,,1.357,中国货币网 / AKShare
20150626,,,1.357,中国货币网 / AKShare
20150629,,,1.34,中国货币网 / AKShare
20150630,,,1.257,中国货币网 / AKShare
20150701,,,1.163,中国货币网 / AKShare
20150702,,,1.1608,中国货币网 / AKShare
20150703,,,1.159,中国货币网 / AKShare
20150706,,,1.167,中国货币网 / AKShare
20150707,,,1.176,中国货币网 / AKShare
20150708,,,1.187,中国货币网 / AKShare
20150709,,,1.198,中国货币网 / AKShare
20150710,,,1.21,中国货币网 / AKShare
20150713,,,1.224,中国货币网 / AKShare
20150714,,,1.238,中国货币网 / AKShare
20150715,,,1.245,中国货币网 / AKShare
20150716,,,1.263,中国货币网 / AKShare
20150717,,,1.282,中国货币网 / AKShare
20150720,,,1.29,中国货币网 / AKShare
20150721,,,1.304,中国货币网 / AKShare
20150722,,,1.323,中国货币网 / AKShare
20150723,,,1.332,中国货币网 / AKShare
20150724,,,1.337,中国货币网 / AKShare
20150727,,,1.374,中国货币网 / AKShare
20150728,,,1.388,中国货币网 / AKShare
20150729,,,1.427,中国货币网 / AKShare
20150730,,,1.448,中国货币网 / AKShare
20150731,,,1.47,中国货币网 / AKShare
20150803,,,1.488,中国货币网 / AKShare
20150804,,,1.497,中国货币网 / AKShare
20150805,,,1.508,中国货币网 / AKShare
20150806,,,1.517,中国货币网 / AKShare
20150807,,,1.529,中国货币网 / AKShare
20150810,,,1.557,中国货币网 / AKShare
20150811,,,1.586,中国货币网 / AKShare
20150812,,,1.614,中国货币网 / AKShare
20150813,,,1.641,中国货币网 / AKShare
20150814,,,1.667,中国货币网 / AKShare
20150817,,,1.701,中国货币网 / AKShare
20150818,,,1.745,中国货币网 / AKShare
20150819,,,1.788,中国货币网 / AKShare
20150820,,,1.83,中国货币网 / AKShare
20150821,,,1.847,中国货币网 / AKShare
20150824,,,1.866,中国货币网 / AKShare
20150825,,,1.879,中国货币网 / AKShare
20150826,,,1.786,中国货币网 / AKShare
20150827,,,1.759,中国货币网 / AKShare
20150828,,,1.774,中国货币网 / AKShare
20150831,,,1.801,中国货币网 / AKShare
20150901,,,1.821,中国货币网 / AKShare
20150902,,,2.031,中国货币网 / AKShare
20150906,,,1.901,中国货币网 / AKShare
20150907,,,1.904,中国货币网 / AKShare
20150908,,,1.897,中国货币网 / AKShare
20150909,,,1.896,中国货币网 / AKShare
20150910,,,1.899,中国货币网 / AKShare
20150911,,,1.9001,中国货币网 / AKShare
20150914,,,1.899,中国货币网 / AKShare
20150915,,,1.899,中国货币网 / AKShare
20150916,,,1.9,中国货币网 / AKShare
20150917,,,1.899,中国货币网 / AKShare
20150918,,,1.9,中国货币网 / AKShare
20150921,,,1.901,中国货币网 / AKShare
20150922,,,1.908,中国货币网 / AKShare
20150923,,,1.908,中国货币网 / AKShare
20150924,,,1.909,中国货币网 / AKShare
20150925,,,1.907,中国货币网 / AKShare
20150928,,,1.91,中国货币网 / AKShare
20150929,,,1.907,中国货币网 / AKShare
20150930,,,1.989,中国货币网 / AKShare
20151008,,,1.909,中国货币网 / AKShare
20151009,,,1.906,中国货币网 / AKShare
20151010,,,1.904,中国货币网 / AKShare
20151012,,,1.902,中国货币网 / AKShare
20151013,,,1.9,中国货币网 / AKShare
20151014,,,1.9,中国货币网 / AKShare
20151015,,,1.901,中国货币网 / AKShare
20151016,,,1.899,中国货币网 / AKShare
20151019,,,1.902,中国货币网 / AKShare
20151020,,,1.903,中国货币网 / AKShare
20151021,,,1.905,中国货币网 / AKShare
20151022,,,1.904,中国货币网 / AKShare
20151023,,,1.909,中国货币网 / AKShare
20151026,,,1.84,中国货币网 / AKShare
20151027,,,1.8,中国货币网 / AKShare
20151028,,,1.796,中国货币网 / AKShare
20151029,,,1.798,中国货币网 / AKShare
20151030,,,1.798,中国货币网 / AKShare
20151102,,,1.793,中国货币网 / AKShare
20151103,,,1.792,中国货币网 / AKShare
20151104,,,1.79,中国货币网 / AKShare
20151105,,,1.787,中国货币网 / AKShare
20151106,,,1.787,中国货币网 / AKShare
20151109,,,1.786,中国货币网 / AKShare
20151110,,,1.783,中国货币网 / AKShare
20151111,,,1.782,中国货币网 / AKShare
20151112,,,1.784,中国货币网 / AKShare
20151113,,,1.786,中国货币网 / AKShare
20151116,,,1.784,中国货币网 / AKShare
20151117,,,1.782,中国货币网 / AKShare
20151118,,,1.781,中国货币网 / AKShare
20151119,,,1.785,中国货币网 / AKShare
20151120,,,1.784,中国货币网 / AKShare
20151123,,,1.785,中国货币网 / AKShare
20151124,,,1.785,中国货币网 / AKShare
20151125,,,1.785,中国货币网 / AKShare
20151126,,,1.785,中国货币网 / AKShare
20151127,,,1.786,中国货币网 / AKShare
20151130,,,1.788,中国货币网 / AKShare
20151201,,,1.788,中国货币网 / AKShare
20151202,,,1.786,中国货币网 / AKShare
20151203,,,1.787,中国货币网 / AKShare
20151204,,,1.787,中国货币网 / AKShare
20151207,,,1.784,中国货币网 / AKShare
20151208,,,1.786,中国货币网 / AKShare
20151209,,,1.789,中国货币网 / AKShare
20151210,,,1.789,中国货币网 / AKShare
20151211,,,1.788,中国货币网 / AKShare
20151214,,,1.788,中国货币网 / AKShare
20151215,,,1.788,中国货币网 / AKShare
20151216,,,1.79,中国货币网 / AKShare
20151217,,,1.793,中国货币网 / AKShare
20151218,,,1.816,中国货币网 / AKShare
20151221,,,1.843,中国货币网 / AKShare
20151222,,,1.875,中国货币网 / AKShare
20151223,,,1.903,中国货币网 / AKShare
20151224,,,1.924,中国货币网 / AKShare
20151225,,,1.934,中国货币网 / AKShare
20151228,,,1.939,中国货币网 / AKShare
20151229,,,1.935,中国货币网 / AKShare
20151230,,,1.935,中国货币网 / AKShare
20151231,,,1.991,中国货币网 / AKShare
20160104,,,1.995,中国货币网 / AKShare
20160105,,,1.998,中国货币网 / AKShare
20160106,,,1.98,中国货币网 / AKShare
20160107,,,1.966,中国货币网 / AKShare
20160108,,,1.958,中国货币网 / AKShare
20160111,,,1.951,中国货币网 / AKShare
20160112,,,1.951,中国货币网 / AKShare
20160113,,,1.95,中国货币网 / AKShare
20160114,,,1.95,中国货币网 / AKShare
20160115,,,1.956,中国货币网 / AKShare
20160118,,,1.954,中国货币网 / AKShare
20160119,,,1.959,中国货币网 / AKShare
20160120,,,1.983,中国货币网 / AKShare
20160121,,,2.014,中国货币网 / AKShare
20160122,,,2.028,中国货币网 / AKShare
20160125,,,2.009,中国货币网 / AKShare
20160126,,,1.997,中国货币网 / AKShare
20160127,,,1.995,中国货币网 / AKShare
20160128,,,1.992,中国货币网 / AKShare
20160129,,,1.989,中国货币网 / AKShare
20160201,,,1.987,中国货币网 / AKShare
20160202,,,1.984,中国货币网 / AKShare
20160203,,,1.983,中国货币网 / AKShare
20160204,,,1.983,中国货币网 / AKShare
20160205,,,1.984,中国货币网 / AKShare
20160206,,,2.281,中国货币网 / AKShare
20160214,,,1.978,中国货币网 / AKShare
20160215,,,1.977,中国货币网 / AKShare
20160216,,,1.974,中国货币网 / AKShare
20160217,,,1.968,中国货币网 / AKShare
20160218,,,1.951,中国货币网 / AKShare
20160219,,,1.938,中国货币网 / AKShare
20160222,,,1.934,中国货币网 / AKShare
20160223,,,1.933,中国货币网 / AKShare
20160224,,,1.956,中国货币网 / AKShare
20160225,,,2.004,中国货币网 / AKShare
20160226,,,2.048,中国货币网 / AKShare
20160229,,,2.007,中国货币网 / AKShare
20160301,,,1.968,中国货币网 / AKShare
20160302,,,1.962,中国货币网 / AKShare
20160303,,,1.957,中国货币网 / AKShare
20160304,,,1.95,中国货币网 / AKShare
20160307,,,1.951,中国货币网 / AKShare
20160308,,,1.95,中国货币网 / AKShare
20160309,,,1.95,中国货币网 / AKShare
20160310,,,1.947,中国货币网 / AKShare
20160311,,,1.945,中国货币网 / AKShare
20160314,,,1.949,中国货币网 / AKShare
20160315,,,1.953,中国货币网 / AKShare
20160316,,,1.956,中国货币网 / AKShare
20160317,,,1.97,中国货币网 / AKShare
20160318,,,1.99,中国货币网 / AKShare
20160321,,,1.998,中国货币网 / AKShare
20160322,,,2.007,中国货币网 / AKShare
20160323,,,2.0,中国货币网 / AKShare
20160324,,,1.995,中国货币网 / AKShare
20160325,,,1.989,中国货币网 / AKShare
20160328,,,1.992,中国货币网 / AKShare
20160329,,,1.996,中国货币网 / AKShare
20160330,,,2.004,中国货币网 / AKShare
20160331,,,2.017,中国货币网 / AKShare
20160401,,,2.014,中国货币网 / AKShare
20160405,,,1.993,中国货币网 / AKShare
20160406,,,1.983,中国货币网 / AKShare
20160407,,,1.9783,中国货币网 / AKShare
20160408,,,1.98,中国货币网 / AKShare
20160411,,,1.985,中国货币网 / AKShare
20160412,,,1.993,中国货币网 / AKShare
20160413,,,1.996,中国货币网 / AKShare
20160414,,,1.999,中国货币网 / AKShare
20160415,,,1.995,中国货币网 / AKShare
20160418,,,1.998,中国货币网 / AKShare
20160419,,,2.004,中国货币网 / AKShare
20160420,,,2.018,中国货币网 / AKShare
20160421,,,2.029,中国货币网 / AKShare
20160422,,,2.038,中国货币网 / AKShare
20160425,,,2.045,中国货币网 / AKShare
20160426,,,2.036,中国货币网 / AKShare
20160427,,,2.024,中国货币网 / AKShare
20160428,,,2.021,中国货币网 / AKShare
20160429,,,2.049,中国货币网 / AKShare
20160503,,,2.0033,中国货币网 / AKShare
20160504,,,2.0,中国货币网 / AKShare
20160505,,,2.001,中国货币网 / AKShare
20160506,,,2.0,中国货币网 / AKShare
20160509,,,1.999,中国货币网 / AKShare
20160510,,,1.999,中国货币网 / AKShare
20160511,,,1.999,中国货币网 / AKShare
20160512,,,2.0,中国货币网 / AKShare
20160513,,,2.002,中国货币网 / AKShare
20160516,,,2.005,中国货币网 / AKShare
20160517,,,2.011,中国货币网 / AKShare
20160518,,,2.011,中国货币网 / AKShare
20160519,,,2.01,中国货币网 / AKShare
20160520,,,2.008,中国货币网 / AKShare
20160523,,,2.004,中国货币网 / AKShare
20160524,,,2.002,中国货币网 / AKShare
20160525,,,2.001,中国货币网 / AKShare
20160526,,,2.001,中国货币网 / AKShare
20160527,,,2.001,中国货币网 / AKShare
20160530,,,2.002,中国货币网 / AKShare
20160531,,,2.01,中国货币网 / AKShare
20160601,,,2.006,中国货币网 / AKShare
20160602,,,2.004,中国货币网 / AKShare
20160603,,,1.999,中国货币网 / AKShare
20160606,,,1.998,中国货币网 / AKShare
20160607,,,2.0,中国货币网 / AKShare
20160608,,,2.0,中国货币网 / AKShare
20160612,,,2.0,中国货币网 / AKShare
20160613,,,2.0,中国货币网 / AKShare
20160614,,,2.0,中国货币网 / AKShare
20160615,,,2.0,中国货币网 / AKShare
20160616,,,2.002,中国货币网 / AKShare
20160617,,,2.005,中国货币网 / AKShare
20160620,,,2.01,中国货币网 / AKShare
20160621,,,2.019,中国货币网 / AKShare
20160622,,,2.027,中国货币网 / AKShare
20160623,,,2.032,中国货币网 / AKShare
20160624,,,2.035,中国货币网 / AKShare
20160627,,,2.038,中国货币网 / AKShare
20160628,,,2.04,中国货币网 / AKShare
20160629,,,2.038,中国货币网 / AKShare
20160630,,,2.037,中国货币网 / AKShare
20160701,,,2.027,中国货币网 / AKShare
20160704,,,2.014,中国货币网 / AKShare
20160705,,,2.007,中国货币网 / AKShare
20160706,,,1.999,中国货币网 / AKShare
20160707,,,1.997,中国货币网 / AKShare
20160708,,,1.996,中国货币网 / AKShare
20160711,,,1.996,中国货币网 / AKShare
20160712,,,1.994,中国货币网 / AKShare
20160713,,,1.993,中国货币网 / AKShare
20160714,,,1.993,中国货币网 / AKShare
20160715,,,1.996,中国货币网 / AKShare
20160718,,,1.996,中国货币网 / AKShare
20160719,,,2.003,中国货币网 / AKShare
20160720,,,2.005,中国货币网 / AKShare
20160721,,,2.008,中国货币网 / AKShare
20160722,,,2.023,中国货币网 / AKShare
20160725,,,2.032,中国货币网 / AKShare
20160726,,,2.037,中国货币网 / AKShare
20160727,,,2.038,中国货币网 / AKShare
20160728,,,2.028,中国货币网 / AKShare
20160729,,,2.017,中国货币网 / AKShare
20160801,,,2.012,中国货币网 / AKShare
20160802,,,2.008,中国货币网 / AKShare
20160803,,,2.004,中国货币网 / AKShare
20160804,,,2.002,中国货币网 / AKShare
20160805,,,2.002,中国货币网 / AKShare
20160808,,,2.005,中国货币网 / AKShare
20160809,,,2.01,中国货币网 / AKShare
20160810,,,2.017,中国货币网 / AKShare
20160811,,,2.021,中国货币网 / AKShare
20160812,,,2.021,中国货币网 / AKShare
20160815,,,2.0233,中国货币网 / AKShare
20160816,,,2.022,中国货币网 / AKShare
20160817,,,2.022,中国货币网 / AKShare
20160818,,,2.023,中国货币网 / AKShare
20160819,,,2.023,中国货币网 / AKShare
20160822,,,2.0233,中国货币网 / AKShare
20160823,,,2.033,中国货币网 / AKShare
20160824,,,2.043,中国货币网 / AKShare
20160825,,,2.044,中国货币网 / AKShare
20160826,,,2.044,中国货币网 / AKShare
20160829,,,2.049,中国货币网 / AKShare
20160830,,,2.063,中国货币网 / AKShare
20160831,,,2.065,中国货币网 / AKShare
20160901,,,2.066,中国货币网 / AKShare
20160902,,,2.066,中国货币网 / AKShare
20160905,,,2.07,中国货币网 / AKShare
20160906,,,2.077,中国货币网 / AKShare
20160907,,,2.0803,中国货币网 / AKShare
20160908,,,2.081,中国货币网 / AKShare
20160909,,,2.085,中国货币网 / AKShare
20160912,,,2.095,中国货币网 / AKShare
20160913,,,2.108,中国货币网 / AKShare
20160914,,,2.128,中国货币网 / AKShare
20160918,,,2.14,中国货币网 / AKShare
20160919,,,2.154,中国货币网 / AKShare
20160920,,,2.159,中国货币网 / AKShare
20160921,,,2.167,中国货币网 / AKShare
20160922,,,2.168,中国货币网 / AKShare
20160923,,,2.1668,中国货币网 / AKShare
20160926,,,2.164,中国货币网 / AKShare
20160927,,,2.166,中国货币网 / AKShare
20160928,,,2.178,中国货币网 / AKShare
20160929,,,2.188,中国货币网 / AKShare
20160930,,,2.327,中国货币网 / AKShare
20161008,,,2.193,中国货币网 / AKShare
20161009,,,2.175,中国货币网 / AKShare
20161010,,,2.162,中国货币网 / AKShare
20161011,,,2.153,中国货币网 / AKShare
20161012,,,2.15,中国货币网 / AKShare
20161013,,,2.151,中国货币网 / AKShare
20161014,,,2.153,中国货币网 / AKShare
20161017,,,2.159,中国货币网 / AKShare
20161018,,,2.173,中国货币网 / AKShare
20161019,,,2.196,中国货币网 / AKShare
20161020,,,2.208,中国货币网 / AKShare
20161021,,,2.222,中国货币网 / AKShare
20161024,,,2.231,中国货币网 / AKShare
20161025,,,2.238,中国货币网 / AKShare
20161026,,,2.248,中国货币网 / AKShare
20161027,,,2.254,中国货币网 / AKShare
20161028,,,2.254,中国货币网 / AKShare
20161031,,,2.253,中国货币网 / AKShare
20161101,,,2.252,中国货币网 / AKShare
20161102,,,2.2492,中国货币网 / AKShare
20161103,,,2.245,中国货币网 / AKShare
20161104,,,2.232,中国货币网 / AKShare
20161107,,,2.206,中国货币网 / AKShare
20161108,,,2.187,中国货币网 / AKShare
20161109,,,2.182,中国货币网 / AKShare
20161110,,,2.196,中国货币网 / AKShare
20161111,,,2.211,中国货币网 / AKShare
20161114,,,2.231,中国货币网 / AKShare
20161115,,,2.247,中国货币网 / AKShare
20161116,,,2.257,中国货币网 / AKShare
20161117,,,2.259,中国货币网 / AKShare
20161118,,,2.265,中国货币网 / AKShare
20161121,,,2.271,中国货币网 / AKShare
20161122,,,2.273,中国货币网 / AKShare
20161123,,,2.277,中国货币网 / AKShare
20161124,,,2.282,中国货币网 / AKShare
20161125,,,2.289,中国货币网 / AKShare
20161128,,,2.298,中国货币网 / AKShare
20161129,,,2.302,中国货币网 / AKShare
20161130,,,2.316,中国货币网 / AKShare
20161201,,,2.325,中国货币网 / AKShare
20161202,,,2.32,中国货币网 / AKShare
20161205,,,2.308,中国货币网 / AKShare
20161206,,,2.299,中国货币网 / AKShare
20161207,,,2.292,中国货币网 / AKShare
20161208,,,2.2908,中国货币网 / AKShare
20161209,,,2.2925,中国货币网 / AKShare
20161212,,,2.292,中国货币网 / AKShare
20161213,,,2.296,中国货币网 / AKShare
20161214,,,2.3,中国货币网 / AKShare
20161215,,,2.311,中国货币网 / AKShare
20161216,,,2.33,中国货币网 / AKShare
20161219,,,2.335,中国货币网 / AKShare
20161220,,,2.345,中国货币网 / AKShare
20161221,,,2.345,中国货币网 / AKShare
20161222,,,2.341,中国货币网 / AKShare
20161223,,,2.323,中国货币网 / AKShare
20161226,,,2.294,中国货币网 / AKShare
20161227,,,2.264,中国货币网 / AKShare
20161228,,,2.246,中国货币网 / AKShare
20161229,,,2.227,中国货币网 / AKShare
20161230,,,2.23,中国货币网 / AKShare
20170103,,,2.209,中国货币网 / AKShare
20170104,,,2.172,中国货币网 / AKShare
20170105,,,2.13,中国货币网 / AKShare
20170106,,,2.112,中国货币网 / AKShare
20170109,,,2.094,中国货币网 / AKShare
20170110,,,2.096,中国货币网 / AKShare
20170111,,,2.104,中国货币网 / AKShare
20170112,,,2.103,中国货币网 / AKShare
20170113,,,2.104,中国货币网 / AKShare
20170116,,,2.142,中国货币网 / AKShare
20170117,,,2.2563,中国货币网 / AKShare
20170118,,,2.328,中国货币网 / AKShare
20170119,,,2.364,中国货币网 / AKShare
20170120,,,2.376,中国货币网 / AKShare
20170122,,,2.189,中国货币网 / AKShare
20170123,,,2.175,中国货币网 / AKShare
20170124,,,2.164,中国货币网 / AKShare
20170125,,,2.165,中国货币网 / AKShare
20170126,,,2.5293,中国货币网 / AKShare
20170203,,,2.218,中国货币网 / AKShare
20170204,,,2.2571,中国货币网 / AKShare
20170206,,,2.278,中国货币网 / AKShare
20170207,,,2.281,中国货币网 / AKShare
20170208,,,2.2765,中国货币网 / AKShare
20170209,,,2.272,中国货币网 / AKShare
20170210,,,2.2678,中国货币网 / AKShare
20170213,,,2.264,中国货币网 / AKShare
20170214,,,2.261,中国货币网 / AKShare
20170215,,,2.2658,中国货币网 / AKShare
20170216,,,2.333,中国货币网 / AKShare
20170217,,,2.36,中国货币网 / AKShare
20170220,,,2.4086,中国货币网 / AKShare
20170221,,,2.483,中国货币网 / AKShare
20170222,,,2.4845,中国货币网 / AKShare
20170223,,,2.5271,中国货币网 / AKShare
20170224,,,2.4756,中国货币网 / AKShare
20170227,,,2.4338,中国货币网 / AKShare
20170228,,,2.493,中国货币网 / AKShare
20170301,,,2.4943,中国货币网 / AKShare
20170302,,,2.4611,中国货币网 / AKShare
20170303,,,2.369,中国货币网 / AKShare
20170306,,,2.4033,中国货币网 / AKShare
20170307,,,2.4041,中国货币网 / AKShare
20170308,,,2.4061,中国货币网 / AKShare
20170309,,,2.4076,中国货币网 / AKShare
20170310,,,2.4019,中国货币网 / AKShare
20170313,,,2.379,中国货币网 / AKShare
20170314,,,2.3761,中国货币网 / AKShare
20170315,,,2.3869,中国货币网 / AKShare
20170316,,,2.441,中国货币网 / AKShare
20170317,,,2.633,中国货币网 / AKShare
20170320,,,2.6325,中国货币网 / AKShare
20170321,,,2.6477,中国货币网 / AKShare
20170322,,,2.6507,中国货币网 / AKShare
20170323,,,2.657,中国货币网 / AKShare
20170324,,,2.604,中国货币网 / AKShare
20170327,,,2.482,中国货币网 / AKShare
20170328,,,2.448,中国货币网 / AKShare
20170329,,,2.521,中国货币网 / AKShare
20170330,,,2.507,中国货币网 / AKShare
20170331,,,2.5384,中国货币网 / AKShare
20170401,,,2.497,中国货币网 / AKShare
20170405,,,2.4868,中国货币网 / AKShare
20170406,,,2.537,中国货币网 / AKShare
20170407,,,2.4957,中国货币网 / AKShare
20170410,,,2.442,中国货币网 / AKShare
20170411,,,2.408,中国货币网 / AKShare
20170412,,,2.3885,中国货币网 / AKShare
20170413,,,2.413,中国货币网 / AKShare
20170414,,,2.429,中国货币网 / AKShare
20170417,,,2.444,中国货币网 / AKShare
20170418,,,2.486,中国货币网 / AKShare
20170419,,,2.575,中国货币网 / AKShare
20170420,,,2.5987,中国货币网 / AKShare
20170421,,,2.6163,中国货币网 / AKShare
20170424,,,2.7157,中国货币网 / AKShare
20170425,,,2.7514,中国货币网 / AKShare
20170426,,,2.759,中国货币网 / AKShare
20170427,,,2.792,中国货币网 / AKShare
20170428,,,2.819,中国货币网 / AKShare
20170502,,,2.8175,中国货币网 / AKShare
20170503,,,2.8451,中国货币网 / AKShare
20170504,,,2.8506,中国货币网 / AKShare
20170505,,,2.8348,中国货币网 / AKShare
20170508,,,2.818,中国货币网 / AKShare
20170509,,,2.8199,中国货币网 / AKShare
20170510,,,2.827,中国货币网 / AKShare
20170511,,,2.813,中国货币网 / AKShare
20170512,,,2.7911,中国货币网 / AKShare
20170515,,,2.716,中国货币网 / AKShare
20170516,,,2.746,中国货币网 / AKShare
20170517,,,2.7525,中国货币网 / AKShare
20170518,,,2.7641,中国货币网 / AKShare
20170519,,,2.715,中国货币网 / AKShare
20170522,,,2.6745,中国货币网 / AKShare
20170523,,,2.654,中国货币网 / AKShare
20170524,,,2.623,中国货币网 / AKShare
20170525,,,2.611,中国货币网 / AKShare
20170526,,,2.609,中国货币网 / AKShare
20170527,,,2.601,中国货币网 / AKShare
20170531,,,2.6365,中国货币网 / AKShare
20170601,,,2.6525,中国货币网 / AKShare
20170602,,,2.7953,中国货币网 / AKShare
20170605,,,2.8167,中国货币网 / AKShare
20170606,,,2.8419,中国货币网 / AKShare
20170607,,,2.809,中国货币网 / AKShare
20170608,,,2.8199,中国货币网 / AKShare
20170609,,,2.8275,中国货币网 / AKShare
20170612,,,2.8302,中国货币网 / AKShare
20170613,,,2.832,中国货币网 / AKShare
20170614,,,2.825,中国货币网 / AKShare
20170615,,,2.8317,中国货币网 / AKShare
20170616,,,2.8528,中国货币网 / AKShare
20170619,,,2.8635,中国货币网 / AKShare
20170620,,,2.8776,中国货币网 / AKShare
20170621,,,2.889,中国货币网 / AKShare
20170622,,,2.869,中国货币网 / AKShare
20170623,,,2.81,中国货币网 / AKShare
20170626,,,2.717,中国货币网 / AKShare
20170627,,,2.626,中国货币网 / AKShare
20170628,,,2.5596,中国货币网 / AKShare
20170629,,,2.539,中国货币网 / AKShare
20170630,,,2.618,中国货币网 / AKShare
20170703,,,2.72,中国货币网 / AKShare
20170704,,,2.6897,中国货币网 / AKShare
20170705,,,2.583,中国货币网 / AKShare
20170706,,,2.5473,中国货币网 / AKShare
20170707,,,2.533,中国货币网 / AKShare
20170710,,,2.549,中国货币网 / AKShare
20170711,,,2.621,中国货币网 / AKShare
20170712,,,2.646,中国货币网 / AKShare
20170713,,,2.659,中国货币网 / AKShare
20170714,,,2.627,中国货币网 / AKShare
20170717,,,2.6329,中国货币网 / AKShare
20170718,,,2.701,中国货币网 / AKShare
20170719,,,2.722,中国货币网 / AKShare
20170720,,,2.7534,中国货币网 / AKShare
20170721,,,2.733,中国货币网 / AKShare
20170724,,,2.708,中国货币网 / AKShare
20170725,,,2.7147,中国货币网 / AKShare
20170726,,,2.725,中国货币网 / AKShare
20170727,,,2.786,中国货币网 / AKShare
20170728,,,2.8152,中国货币网 / AKShare
20170731,,,2.806,中国货币网 / AKShare
20170801,,,2.8093,中国货币网 / AKShare
20170802,,,2.832,中国货币网 / AKShare
20170803,,,2.807,中国货币网 / AKShare
20170804,,,2.721,中国货币网 / AKShare
20170807,,,2.736,中国货币网 / AKShare
20170808,,,2.784,中国货币网 / AKShare
20170809,,,2.8018,中国货币网 / AKShare
20170810,,,2.797,中国货币网 / AKShare
20170811,,,2.79,中国货币网 / AKShare
20170814,,,2.7743,中国货币网 / AKShare
20170815,,,2.798,中国货币网 / AKShare
20170816,,,2.8213,中国货币网 / AKShare
20170817,,,2.8352,中国货币网 / AKShare
20170818,,,2.8355,中国货币网 / AKShare
20170821,,,2.8482,中国货币网 / AKShare
20170822,,,2.8171,中国货币网 / AKShare
20170823,,,2.8453,中国货币网 / AKShare
20170824,,,2.8479,中国货币网 / AKShare
20170825,,,2.855,中国货币网 / AKShare
20170828,,,2.851,中国货币网 / AKShare
20170829,,,2.922,中国货币网 / AKShare
20170830,,,2.9237,中国货币网 / AKShare
20170831,,,2.831,中国货币网 / AKShare
20170901,,,2.813,中国货币网 / AKShare
20170904,,,2.75,中国货币网 / AKShare
20170905,,,2.665,中国货币网 / AKShare
20170906,,,2.641,中国货币网 / AKShare
20170907,,,2.6406,中国货币网 / AKShare
20170908,,,2.636,中国货币网 / AKShare
20170911,,,2.644,中国货币网 / AKShare
20170912,,,2.6483,中国货币网 / AKShare
20170913,,,2.65,中国货币网 / AKShare
20170914,,,2.681,中国货币网 / AKShare
20170915,,,2.6958,中国货币网 / AKShare
20170918,,,2.756,中国货币网 / AKShare
20170919,,,2.832,中国货币网 / AKShare
20170920,,,2.79,中国货币网 / AKShare
20170921,,,2.8057,中国货币网 / AKShare
20170922,,,2.756,中国货币网 / AKShare
20170925,,,2.758,中国货币网 / AKShare
20170926,,,2.837,中国货币网 / AKShare
20170927,,,2.863,中国货币网 / AKShare
20170928,,,2.917,中国货币网 / AKShare
20170929,,,2.804,中国货币网 / AKShare
20170930,,,2.938,中国货币网 / AKShare
20171009,,,2.74,中国货币网 / AKShare
20171010,,,2.738,中国货币网 / AKShare
20171011,,,2.741,中国货币网 / AKShare
20171012,,,2.657,中国货币网 / AKShare
20171013,,,2.605,中国货币网 / AKShare
20171016,,,2.594,中国货币网 / AKShare
20171017,,,2.6003,中国货币网 / AKShare
20171018,,,2.596,中国货币网 / AKShare
20171019,,,2.592,中国货币网 / AKShare
20171020,,,2.5782,中国货币网 / AKShare
20171023,,,2.616,中国货币网 / AKShare
20171024,,,2.634,中国货币网 / AKShare
20171025,,,2.664,中国货币网 / AKShare
20171026,,,2.6937,中国货币网 / AKShare
20171027,,,2.7181,中国货币网 / AKShare
20171030,,,2.72,中国货币网 / AKShare
20171031,,,2.736,中国货币网 / AKShare
20171101,,,2.739,中国货币网 / AKShare
20171102,,,2.626,中国货币网 / AKShare
20171103,,,2.5772,中国货币网 / AKShare
20171106,,,2.512,中国货币网 / AKShare
20171107,,,2.552,中国货币网 / AKShare
20171108,,,2.595,中国货币网 / AKShare
20171109,,,2.646,中国货币网 / AKShare
20171110,,,2.717,中国货币网 / AKShare
20171113,,,2.787,中国货币网 / AKShare
20171114,,,2.827,中国货币网 / AKShare
20171115,,,2.806,中国货币网 / AKShare
20171116,,,2.8,中国货币网 / AKShare
20171117,,,2.738,中国货币网 / AKShare
20171120,,,2.786,中国货币网 / AKShare
20171121,,,2.808,中国货币网 / AKShare
20171122,,,2.809,中国货币网 / AKShare
20171123,,,2.803,中国货币网 / AKShare
20171124,,,2.797,中国货币网 / AKShare
20171127,,,2.819,中国货币网 / AKShare
20171128,,,2.799,中国货币网 / AKShare
20171129,,,2.683,中国货币网 / AKShare
20171130,,,2.788,中国货币网 / AKShare
20171201,,,2.642,中国货币网 / AKShare
20171204,,,2.6,中国货币网 / AKShare
20171205,,,2.579,中国货币网 / AKShare
20171206,,,2.573,中国货币网 / AKShare
20171207,,,2.585,中国货币网 / AKShare
20171208,,,2.608,中国货币网 / AKShare
20171211,,,2.688,中国货币网 / AKShare
20171212,,,2.726,中国货币网 / AKShare
20171213,,,2.788,中国货币网 / AKShare
20171214,,,2.803,中国货币网 / AKShare
20171215,,,2.724,中国货币网 / AKShare
20171218,,,2.723,中国货币网 / AKShare
20171219,,,2.741,中国货币网 / AKShare
20171220,,,2.73,中国货币网 / AKShare
20171221,,,2.665,中国货币网 / AKShare
20171222,,,2.612,中国货币网 / AKShare
20171225,,,2.569,中国货币网 / AKShare
20171226,,,2.589,中国货币网 / AKShare
20171227,,,2.666,中国货币网 / AKShare
20171228,,,2.672,中国货币网 / AKShare
20171229,,,2.84,中国货币网 / AKShare
20180102,,,2.657,中国货币网 / AKShare
20180103,,,2.5635,中国货币网 / AKShare
20180104,,,2.505,中国货币网 / AKShare
20180105,,,2.484,中国货币网 / AKShare
20180108,,,2.461,中国货币网 / AKShare
20180109,,,2.529,中国货币网 / AKShare
20180110,,,2.643,中国货币网 / AKShare
20180111,,,2.832,中国货币网 / AKShare
20180112,,,2.83,中国货币网 / AKShare
20180115,,,2.794,中国货币网 / AKShare
20180116,,,2.785,中国货币网 / AKShare
20180117,,,2.765,中国货币网 / AKShare
20180118,,,2.7655,中国货币网 / AKShare
20180119,,,2.836,中国货币网 / AKShare
20180122,,,2.771,中国货币网 / AKShare
20180123,,,2.602,中国货币网 / AKShare
20180124,,,2.574,中国货币网 / AKShare
20180125,,,2.5634,中国货币网 / AKShare
20180126,,,2.5506,中国货币网 / AKShare
20180129,,,2.566,中国货币网 / AKShare
20180130,,,2.554,中国货币网 / AKShare
20180131,,,2.594,中国货币网 / AKShare
20180201,,,2.5154,中国货币网 / AKShare
20180202,,,2.5173,中国货币网 / AKShare
20180205,,,2.5305,中国货币网 / AKShare
20180206,,,2.539,中国货币网 / AKShare
20180207,,,2.571,中国货币网 / AKShare
20180208,,,2.572,中国货币网 / AKShare
20180209,,,2.589,中国货币网 / AKShare
20180211,,,2.608,中国货币网 / AKShare
20180212,,,2.585,中国货币网 / AKShare
20180213,,,2.587,中国货币网 / AKShare
20180214,,,2.723,中国货币网 / AKShare
20180222,,,2.631,中国货币网 / AKShare
20180223,,,2.597,中国货币网 / AKShare
20180224,,,2.56,中国货币网 / AKShare
20180226,,,2.571,中国货币网 / AKShare
20180227,,,2.561,中国货币网 / AKShare
20180228,,,2.708,中国货币网 / AKShare
20180301,,,2.691,中国货币网 / AKShare
20180302,,,2.773,中国货币网 / AKShare
20180305,,,2.652,中国货币网 / AKShare
20180306,,,2.617,中国货币网 / AKShare
20180307,,,2.592,中国货币网 / AKShare
20180308,,,2.57,中国货币网 / AKShare
20180309,,,2.573,中国货币网 / AKShare
20180312,,,2.586,中国货币网 / AKShare
20180313,,,2.637,中国货币网 / AKShare
20180314,,,2.633,中国货币网 / AKShare
20180315,,,2.632,中国货币网 / AKShare
20180316,,,2.586,中国货币网 / AKShare
20180319,,,2.561,中国货币网 / AKShare
20180320,,,2.558,中国货币网 / AKShare
20180321,,,2.559,中国货币网 / AKShare
20180322,,,2.549,中国货币网 / AKShare
20180323,,,2.545,中国货币网 / AKShare
20180326,,,2.543,中国货币网 / AKShare
20180327,,,2.5935,中国货币网 / AKShare
20180328,,,2.592,中国货币网 / AKShare
20180329,,,2.581,中国货币网 / AKShare
20180330,,,2.69,中国货币网 / AKShare
20180402,,,2.622,中国货币网 / AKShare
20180403,,,2.574,中国货币网 / AKShare
20180404,,,2.469,中国货币网 / AKShare
20180408,,,2.446,中国货币网 / AKShare
20180409,,,2.528,中国货币网 / AKShare
20180410,,,2.551,中国货币网 / AKShare
20180411,,,2.561,中国货币网 / AKShare
20180412,,,2.557,中国货币网 / AKShare
20180413,,,2.557,中国货币网 / AKShare
20180416,,,2.582,中国货币网 / AKShare
20180417,,,2.665,中国货币网 / AKShare
20180418,,,2.679,中国货币网 / AKShare
20180419,,,2.733,中国货币网 / AKShare
20180420,,,2.747,中国货币网 / AKShare
20180423,,,2.724,中国货币网 / AKShare
20180424,,,2.736,中国货币网 / AKShare
20180425,,,2.728,中国货币网 / AKShare
20180426,,,2.765,中国货币网 / AKShare
20180427,,,2.921,中国货币网 / AKShare
20180428,,,2.824,中国货币网 / AKShare
20180502,,,2.72,中国货币网 / AKShare
20180503,,,2.681,中国货币网 / AKShare
20180504,,,2.594,中国货币网 / AKShare
20180507,,,2.582,中国货币网 / AKShare
20180508,,,2.575,中国货币网 / AKShare
20180509,,,2.52,中国货币网 / AKShare
20180510,,,2.509,中国货币网 / AKShare
20180511,,,2.487,中国货币网 / AKShare
20180514,,,2.58,中国货币网 / AKShare
20180515,,,2.641,中国货币网 / AKShare
20180516,,,2.766,中国货币网 / AKShare
20180517,,,2.597,中国货币网 / AKShare
20180518,,,2.563,中国货币网 / AKShare
20180521,,,2.527,中国货币网 / AKShare
20180522,,,2.525,中国货币网 / AKShare
20180523,,,2.53,中国货币网 / AKShare
20180524,,,2.53,中国货币网 / AKShare
20180525,,,2.528,中国货币网 / AKShare
20180528,,,2.533,中国货币网 / AKShare
20180529,,,2.742,中国货币网 / AKShare
20180530,,,2.884,中国货币网 / AKShare
20180531,,,2.831,中国货币网 / AKShare
20180601,,,2.801,中国货币网 / AKShare
20180604,,,2.599,中国货币网 / AKShare
20180605,,,2.584,中国货币网 / AKShare
20180606,,,2.562,中国货币网 / AKShare
20180607,,,2.555,中国货币网 / AKShare
20180608,,,2.563,中国货币网 / AKShare
20180611,,,2.573,中国货币网 / AKShare
20180612,,,2.584,中国货币网 / AKShare
20180613,,,2.589,中国货币网 / AKShare
20180614,,,2.591,中国货币网 / AKShare
20180615,,,2.592,中国货币网 / AKShare
20180619,,,2.59,中国货币网 / AKShare
20180620,,,2.619,中国货币网 / AKShare
20180621,,,2.593,中国货币网 / AKShare
20180622,,,2.586,中国货币网 / AKShare
20180625,,,2.564,中国货币网 / AKShare
20180626,,,2.518,中国货币网 / AKShare
20180627,,,2.445,中国货币网 / AKShare
20180628,,,2.289,中国货币网 / AKShare
20180629,,,2.628,中国货币网 / AKShare
20180702,,,2.519,中国货币网 / AKShare
20180703,,,2.42,中国货币网 / AKShare
20180704,,,2.199,中国货币网 / AKShare
20180705,,,2.132,中国货币网 / AKShare
20180706,,,1.967,中国货币网 / AKShare
20180709,,,1.991,中国货币网 / AKShare
20180710,,,2.308,中国货币网 / AKShare
20180711,,,2.406,中国货币网 / AKShare
20180712,,,2.487,中国货币网 / AKShare
20180713,,,2.48,中国货币网 / AKShare
20180716,,,2.557,中国货币网 / AKShare
20180717,,,2.591,中国货币网 / AKShare
20180718,,,2.525,中国货币网 / AKShare
20180719,,,2.416,中国货币网 / AKShare
20180720,,,2.346,中国货币网 / AKShare
20180723,,,2.362,中国货币网 / AKShare
20180724,,,2.353,中国货币网 / AKShare
20180725,,,2.349,中国货币网 / AKShare
20180726,,,2.321,中国货币网 / AKShare
20180727,,,2.284,中国货币网 / AKShare
20180730,,,2.198,中国货币网 / AKShare
20180731,,,2.066,中国货币网 / AKShare
20180801,,,2.028,中国货币网 / AKShare
20180802,,,1.97,中国货币网 / AKShare
20180803,,,1.849,中国货币网 / AKShare
20180806,,,1.819,中国货币网 / AKShare
20180807,,,1.613,中国货币网 / AKShare
20180808,,,1.422,中国货币网 / AKShare
20180809,,,1.622,中国货币网 / AKShare
20180810,,,1.826,中国货币网 / AKShare
20180813,,,2.113,中国货币网 / AKShare
20180814,,,2.328,中国货币网 / AKShare
20180815,,,2.345,中国货币网 / AKShare
20180816,,,2.511,中国货币网 / AKShare
20180817,,,2.58,中国货币网 / AKShare
20180820,,,2.625,中国货币网 / AKShare
20180821,,,2.636,中国货币网 / AKShare
20180822,,,2.538,中国货币网 / AKShare
20180823,,,2.454,中国货币网 / AKShare
20180824,,,2.392,中国货币网 / AKShare
20180827,,,2.44,中国货币网 / AKShare
20180828,,,2.4255,中国货币网 / AKShare
20180829,,,2.3895,中国货币网 / AKShare
20180830,,,2.277,中国货币网 / AKShare
20180831,,,2.309,中国货币网 / AKShare
20180903,,,2.277,中国货币网 / AKShare
20180904,,,2.195,中国货币网 / AKShare
20180905,,,2.164,中国货币网 / AKShare
20180906,,,2.494,中国货币网 / AKShare
20180907,,,2.591,中国货币网 / AKShare
20180910,,,2.573,中国货币网 / AKShare
20180911,,,2.59,中国货币网 / AKShare
20180912,,,2.557,中国货币网 / AKShare
20180913,,,2.53,中国货币网 / AKShare
20180914,,,2.489,中国货币网 / AKShare
20180917,,,2.466,中国货币网 / AKShare
20180918,,,2.654,中国货币网 / AKShare
20180919,,,2.562,中国货币网 / AKShare
20180920,,,2.519,中国货币网 / AKShare
20180921,,,2.514,中国货币网 / AKShare
20180925,,,2.543,中国货币网 / AKShare
20180926,,,2.553,中国货币网 / AKShare
20180927,,,2.46,中国货币网 / AKShare
20180928,,,2.445,中国货币网 / AKShare
20180929,,,2.073,中国货币网 / AKShare
20180930,,,2.653,中国货币网 / AKShare
20181008,,,2.536,中国货币网 / AKShare
20181009,,,2.502,中国货币网 / AKShare
20181010,,,2.398,中国货币网 / AKShare
20181011,,,2.36,中国货币网 / AKShare
20181012,,,2.439,中国货币网 / AKShare
20181015,,,2.377,中国货币网 / AKShare
20181016,,,2.373,中国货币网 / AKShare
20181017,,,2.353,中国货币网 / AKShare
20181018,,,2.427,中国货币网 / AKShare
20181019,,,2.445,中国货币网 / AKShare
20181022,,,2.475,中国货币网 / AKShare
20181023,,,2.451,中国货币网 / AKShare
20181024,,,2.393,中国货币网 / AKShare
20181025,,,2.215,中国货币网 / AKShare
20181026,,,2.067,中国货币网 / AKShare
20181029,,,1.852,中国货币网 / AKShare
20181030,,,1.566,中国货币网 / AKShare
20181031,,,2.37,中国货币网 / AKShare
20181101,,,2.547,中国货币网 / AKShare
20181102,,,2.477,中国货币网 / AKShare
20181105,,,2.4345,中国货币网 / AKShare
20181106,,,2.27,中国货币网 / AKShare
20181107,,,2.0906,中国货币网 / AKShare
20181108,,,1.978,中国货币网 / AKShare
20181109,,,2.038,中国货币网 / AKShare
20181112,,,2.309,中国货币网 / AKShare
20181113,,,2.468,中国货币网 / AKShare
20181114,,,2.325,中国货币网 / AKShare
20181115,,,2.339,中国货币网 / AKShare
20181116,,,2.345,中国货币网 / AKShare
20181119,,,2.551,中国货币网 / AKShare
20181120,,,2.609,中国货币网 / AKShare
20181121,,,2.579,中国货币网 / AKShare
20181122,,,2.456,中国货币网 / AKShare
20181123,,,2.356,中国货币网 / AKShare
20181126,,,2.498,中国货币网 / AKShare
20181127,,,2.556,中国货币网 / AKShare
20181128,,,2.539,中国货币网 / AKShare
20181129,,,2.262,中国货币网 / AKShare
20181130,,,2.642,中国货币网 / AKShare
20181203,,,2.515,中国货币网 / AKShare
20181204,,,2.445,中国货币网 / AKShare
20181205,,,2.267,中国货币网 / AKShare
20181206,,,2.418,中国货币网 / AKShare
20181207,,,2.416,中国货币网 / AKShare
20181210,,,2.453,中国货币网 / AKShare
20181211,,,2.463,中国货币网 / AKShare
20181212,,,2.424,中国货币网 / AKShare
20181213,,,2.519,中国货币网 / AKShare
20181214,,,2.655,中国货币网 / AKShare
20181217,,,2.625,中国货币网 / AKShare
20181218,,,2.669,中国货币网 / AKShare
20181219,,,2.654,中国货币网 / AKShare
20181220,,,2.567,中国货币网 / AKShare
20181221,,,2.486,中国货币网 / AKShare
20181224,,,2.316,中国货币网 / AKShare
20181225,,,2.028,中国货币网 / AKShare
20181226,,,2.029,中国货币网 / AKShare
20181227,,,1.793,中国货币网 / AKShare
20181228,,,1.47,中国货币网 / AKShare
20181229,,,2.554,中国货币网 / AKShare
20190102,,,2.3,中国货币网 / AKShare
20190103,,,1.968,中国货币网 / AKShare
20190104,,,1.649,中国货币网 / AKShare
20190107,,,1.447,中国货币网 / AKShare
20190108,,,1.414,中国货币网 / AKShare
20190109,,,1.567,中国货币网 / AKShare
20190110,,,1.743,中国货币网 / AKShare
20190111,,,1.708,中国货币网 / AKShare
20190114,,,1.878,中国货币网 / AKShare
20190115,,,2.245,中国货币网 / AKShare
20190116,,,2.306,中国货币网 / AKShare
20190117,,,2.259,中国货币网 / AKShare
20190118,,,2.1785,中国货币网 / AKShare
20190121,,,2.24,中国货币网 / AKShare
20190122,,,2.243,中国货币网 / AKShare
20190123,,,2.244,中国货币网 / AKShare
20190124,,,2.263,中国货币网 / AKShare
20190125,,,2.362,中国货币网 / AKShare
20190128,,,2.194,中国货币网 / AKShare
20190129,,,2.078,中国货币网 / AKShare
20190130,,,2.0021,中国货币网 / AKShare
20190131,,,2.238,中国货币网 / AKShare
20190201,,,2.1,中国货币网 / AKShare
20190202,,,2.264,中国货币网 / AKShare
20190203,,,2.086,中国货币网 / AKShare
20190211,,,2.265,中国货币网 / AKShare
20190212,,,2.017,中国货币网 / AKShare
20190213,,,1.722,中国货币网 / AKShare
20190214,,,1.721,中国货币网 / AKShare
20190215,,,1.713,中国货币网 / AKShare
20190218,,,1.8224,中国货币网 / AKShare
20190219,,,1.967,中国货币网 / AKShare
20190220,,,1.854,中国货币网 / AKShare
20190221,,,2.03,中国货币网 / AKShare
20190222,,,2.431,中国货币网 / AKShare
20190225,,,2.605,中国货币网 / AKShare
20190226,,,2.705,中国货币网 / AKShare
20190227,,,2.654,中国货币网 / AKShare
20190228,,,2.584,中国货币网 / AKShare
20190301,,,2.155,中国货币网 / AKShare
20190304,,,1.933,中国货币网 / AKShare
20190305,,,2.266,中国货币网 / AKShare
20190306,,,2.074,中国货币网 / AKShare
20190307,,,2.06,中国货币网 / AKShare
20190308,,,2.047,中国货币网 / AKShare
20190311,,,2.092,中国货币网 / AKShare
20190312,,,2.365,中国货币网 / AKShare
20190313,,,2.079,中国货币网 / AKShare
20190314,,,2.31,中国货币网 / AKShare
20190315,,,2.655,中国货币网 / AKShare
20190318,,,2.756,中国货币网 / AKShare
20190319,,,2.666,中国货币网 / AKShare
20190320,,,2.714,中国货币网 / AKShare
20190321,,,2.661,中国货币网 / AKShare
20190322,,,2.62,中国货币网 / AKShare
20190325,,,2.535,中国货币网 / AKShare
20190326,,,2.495,中国货币网 / AKShare
20190327,,,2.286,中国货币网 / AKShare
20190328,,,2.041,中国货币网 / AKShare
20190329,,,2.486,中国货币网 / AKShare
20190401,,,2.315,中国货币网 / AKShare
20190402,,,1.956,中国货币网 / AKShare
20190403,,,1.663,中国货币网 / AKShare
20190404,,,1.417,中国货币网 / AKShare
20190408,,,1.428,中国货币网 / AKShare
20190409,,,1.797,中国货币网 / AKShare
20190410,,,2.278,中国货币网 / AKShare
20190411,,,2.735,中国货币网 / AKShare
20190412,,,2.652,中国货币网 / AKShare
20190415,,,2.797,中国货币网 / AKShare
20190416,,,2.883,中国货币网 / AKShare
20190417,,,2.998,中国货币网 / AKShare
20190418,,,2.812,中国货币网 / AKShare
20190419,,,2.661,中国货币网 / AKShare
20190422,,,2.557,中国货币网 / AKShare
20190423,,,2.828,中国货币网 / AKShare
20190424,,,2.752,中国货币网 / AKShare
20190425,,,2.785,中国货币网 / AKShare
20190426,,,2.496,中国货币网 / AKShare
20190428,,,2.07,中国货币网 / AKShare
20190429,,,1.7,中国货币网 / AKShare
20190430,,,2.086,中国货币网 / AKShare
20190505,,,1.79,中国货币网 / AKShare
20190506,,,1.642,中国货币网 / AKShare
20190507,,,1.391,中国货币网 / AKShare
20190508,,,1.141,中国货币网 / AKShare
20190509,,,1.513,中国货币网 / AKShare
20190510,,,1.826,中国货币网 / AKShare
20190513,,,2.156,中国货币网 / AKShare
20190514,,,2.4123,中国货币网 / AKShare
20190515,,,2.5334,中国货币网 / AKShare
20190516,,,2.281,中国货币网 / AKShare
20190517,,,2.134,中国货币网 / AKShare
20190520,,,2.5845,中国货币网 / AKShare
20190521,,,2.75,中国货币网 / AKShare
20190522,,,2.623,中国货币网 / AKShare
20190523,,,2.584,中国货币网 / AKShare
20190524,,,2.342,中国货币网 / AKShare
20190527,,,2.666,中国货币网 / AKShare
20190528,,,2.76,中国货币网 / AKShare
20190529,,,2.491,中国货币网 / AKShare
20190530,,,2.067,中国货币网 / AKShare
20190531,,,2.194,中国货币网 / AKShare
20190603,,,2.003,中国货币网 / AKShare
20190604,,,1.738,中国货币网 / AKShare
20190605,,,1.593,中国货币网 / AKShare
20190606,,,1.521,中国货币网 / AKShare
20190610,,,1.848,中国货币网 / AKShare
20190611,,,2.053,中国货币网 / AKShare
20190612,,,1.939,中国货币网 / AKShare
20190613,,,1.924,中国货币网 / AKShare
20190614,,,1.723,中国货币网 / AKShare
20190617,,,1.801,中国货币网 / AKShare
20190618,,,1.601,中国货币网 / AKShare
20190619,,,1.447,中国货币网 / AKShare
20190620,,,1.253,中国货币网 / AKShare
20190621,,,1.112,中国货币网 / AKShare
20190624,,,1.0,中国货币网 / AKShare
20190625,,,1.023,中国货币网 / AKShare
20190626,,,0.991,中国货币网 / AKShare
20190627,,,0.9615,中国货币网 / AKShare
20190628,,,1.3705,中国货币网 / AKShare
20190701,,,1.065,中国货币网 / AKShare
20190702,,,0.914,中国货币网 / AKShare
20190703,,,0.877,中国货币网 / AKShare
20190704,,,0.844,中国货币网 / AKShare
20190705,,,1.055,中国货币网 / AKShare
20190708,,,1.445,中国货币网 / AKShare
20190709,,,1.773,中国货币网 / AKShare
20190710,,,1.814,中国货币网 / AKShare
20190711,,,1.998,中国货币网 / AKShare
20190712,,,2.235,中国货币网 / AKShare
20190715,,,2.6175,中国货币网 / AKShare
20190716,,,2.725,中国货币网 / AKShare
20190717,,,2.711,中国货币网 / AKShare
20190718,,,2.772,中国货币网 / AKShare
20190719,,,2.827,中国货币网 / AKShare
20190722,,,2.6698,中国货币网 / AKShare
20190723,,,2.562,中国货币网 / AKShare
20190724,,,2.481,中国货币网 / AKShare
20190725,,,2.628,中国货币网 / AKShare
20190726,,,2.636,中国货币网 / AKShare
20190729,,,2.629,中国货币网 / AKShare
20190730,,,2.621,中国货币网 / AKShare
20190731,,,2.642,中国货币网 / AKShare
20190801,,,2.634,中国货币网 / AKShare
20190802,,,2.634,中国货币网 / AKShare
20190805,,,2.544,中国货币网 / AKShare
20190806,,,2.261,中国货币网 / AKShare
20190807,,,2.22,中国货币网 / AKShare
20190808,,,2.5,中国货币网 / AKShare
20190809,,,2.596,中国货币网 / AKShare
20190812,,,2.629,中国货币网 / AKShare
20190813,,,2.667,中国货币网 / AKShare
20190814,,,2.689,中国货币网 / AKShare
20190815,,,2.659,中国货币网 / AKShare
20190816,,,2.665,中国货币网 / AKShare
20190819,,,2.666,中国货币网 / AKShare
20190820,,,2.642,中国货币网 / AKShare
20190821,,,2.5832,中国货币网 / AKShare
20190822,,,2.544,中国货币网 / AKShare
20190823,,,2.586,中国货币网 / AKShare
20190826,,,2.639,中国货币网 / AKShare
20190827,,,2.677,中国货币网 / AKShare
20190828,,,2.609,中国货币网 / AKShare
20190829,,,2.478,中国货币网 / AKShare
20190830,,,2.572,中国货币网 / AKShare
20190902,,,2.55,中国货币网 / AKShare
20190903,,,2.513,中国货币网 / AKShare
20190904,,,2.445,中国货币网 / AKShare
20190905,,,2.536,中国货币网 / AKShare
20190906,,,2.597,中国货币网 / AKShare
20190909,,,2.607,中国货币网 / AKShare
20190910,,,2.553,中国货币网 / AKShare
20190911,,,2.451,中国货币网 / AKShare
20190912,,,2.369,中国货币网 / AKShare
20190916,,,2.336,中国货币网 / AKShare
20190917,,,2.565,中国货币网 / AKShare
20190918,,,2.633,中国货币网 / AKShare
20190919,,,2.737,中国货币网 / AKShare
20190920,,,2.746,中国货币网 / AKShare
20190923,,,2.759,中国货币网 / AKShare
20190924,,,2.369,中国货币网 / AKShare
20190925,,,2.046,中国货币网 / AKShare
20190926,,,1.637,中国货币网 / AKShare
20190927,,,1.313,中国货币网 / AKShare
20190929,,,1.249,中国货币网 / AKShare
20190930,,,2.635,中国货币网 / AKShare
20191008,,,2.627,中国货币网 / AKShare
20191009,,,2.202,中国货币网 / AKShare
20191010,,,2.016,中国货币网 / AKShare
20191011,,,1.911,中国货币网 / AKShare
20191012,,,2.215,中国货币网 / AKShare
20191014,,,2.555,中国货币网 / AKShare
20191015,,,2.703,中国货币网 / AKShare
20191016,,,2.694,中国货币网 / AKShare
20191017,,,2.585,中国货币网 / AKShare
20191018,,,2.618,中国货币网 / AKShare
20191021,,,2.682,中国货币网 / AKShare
20191022,,,2.799,中国货币网 / AKShare
20191023,,,2.654,中国货币网 / AKShare
20191024,,,2.446,中国货币网 / AKShare
20191025,,,2.506,中国货币网 / AKShare
20191028,,,2.478,中国货币网 / AKShare
20191029,,,2.368,中国货币网 / AKShare
20191030,,,2.303,中国货币网 / AKShare
20191031,,,2.59,中国货币网 / AKShare
20191101,,,2.301,中国货币网 / AKShare
20191104,,,2.075,中国货币网 / AKShare
20191105,,,1.88,中国货币网 / AKShare
20191106,,,1.788,中国货币网 / AKShare
20191107,,,1.915,中国货币网 / AKShare
20191108,,,1.902,中国货币网 / AKShare
20191111,,,2.033,中国货币网 / AKShare
20191112,,,2.376,中国货币网 / AKShare
20191113,,,2.598,中国货币网 / AKShare
20191114,,,2.666,中国货币网 / AKShare
20191115,,,2.693,中国货币网 / AKShare
20191118,,,2.707,中国货币网 / AKShare
20191119,,,2.343,中国货币网 / AKShare
20191120,,,1.899,中国货币网 / AKShare
20191121,,,1.849,中国货币网 / AKShare
20191122,,,1.948,中国货币网 / AKShare
20191125,,,2.234,中国货币网 / AKShare
20191126,,,2.323,中国货币网 / AKShare
20191127,,,2.233,中国货币网 / AKShare
20191128,,,2.078,中国货币网 / AKShare
20191129,,,2.356,中国货币网 / AKShare
20191202,,,2.233,中国货币网 / AKShare
20191203,,,2.132,中国货币网 / AKShare
20191204,,,1.971,中国货币网 / AKShare
20191205,,,1.906,中国货币网 / AKShare
20191206,,,2.073,中国货币网 / AKShare
20191209,,,2.345,中国货币网 / AKShare
20191210,,,2.198,中国货币网 / AKShare
20191211,,,2.081,中国货币网 / AKShare
20191212,,,2.053,中国货币网 / AKShare
20191213,,,2.133,中国货币网 / AKShare
20191216,,,2.437,中国货币网 / AKShare
20191217,,,2.506,中国货币网 / AKShare
20191218,,,2.485,中国货币网 / AKShare
20191219,,,2.0575,中国货币网 / AKShare
20191220,,,1.814,中国货币网 / AKShare
20191223,,,1.557,中国货币网 / AKShare
20191224,,,1.114,中国货币网 / AKShare
20191225,,,0.943,中国货币网 / AKShare
20191226,,,0.848,中国货币网 / AKShare
20191227,,,1.075,中国货币网 / AKShare
20191230,,,1.2,中国货币网 / AKShare
20191231,,,1.694,中国货币网 / AKShare
20200102,,,1.4436,中国货币网 / AKShare
20200103,,,1.162,中国货币网 / AKShare
20200106,,,1.003,中国货币网 / AKShare
20200107,,,1.215,中国货币网 / AKShare
20200108,,,1.553,中国货币网 / AKShare
20200109,,,1.69,中国货币网 / AKShare
20200110,,,1.7722,中国货币网 / AKShare
20200113,,,2.059,中国货币网 / AKShare
20200114,,,2.518,中国货币网 / AKShare
20200115,,,2.654,中国货币网 / AKShare
20200116,,,2.609,中国货币网 / AKShare
20200117,,,2.522,中国货币网 / AKShare
20200119,,,2.413,中国货币网 / AKShare
20200120,,,2.248,中国货币网 / AKShare
20200121,,,1.885,中国货币网 / AKShare
20200122,,,1.534,中国货币网 / AKShare
20200123,,,2.444,中国货币网 / AKShare
20200203,,,2.504,中国货币网 / AKShare
20200204,,,2.273,中国货币网 / AKShare
20200205,,,2.051,中国货币网 / AKShare
20200206,,,1.819,中国货币网 / AKShare
20200207,,,1.793,中国货币网 / AKShare
20200210,,,1.652,中国货币网 / AKShare
20200211,,,1.56,中国货币网 / AKShare
20200212,,,1.521,中国货币网 / AKShare
20200213,,,1.443,中国货币网 / AKShare
20200214,,,1.256,中国货币网 / AKShare
20200217,,,1.425,中国货币网 / AKShare
20200218,,,1.503,中国货币网 / AKShare
20200219,,,1.626,中国货币网 / AKShare
20200220,,,1.403,中国货币网 / AKShare
20200221,,,1.355,中国货币网 / AKShare
20200224,,,1.533,中国货币网 / AKShare
20200225,,,1.602,中国货币网 / AKShare
20200226,,,1.499,中国货币网 / AKShare
20200227,,,1.347,中国货币网 / AKShare
20200228,,,1.628,中国货币网 / AKShare
20200302,,,1.714,中国货币网 / AKShare
20200303,,,1.622,中国货币网 / AKShare
20200304,,,1.462,中国货币网 / AKShare
20200305,,,1.45,中国货币网 / AKShare
20200306,,,1.362,中国货币网 / AKShare
20200309,,,1.588,中国货币网 / AKShare
20200310,,,2.014,中国货币网 / AKShare
20200311,,,2.118,中国货币网 / AKShare
20200312,,,1.664,中国货币网 / AKShare
20200313,,,1.414,中国货币网 / AKShare
20200316,,,1.231,中国货币网 / AKShare
20200317,,,1.083,中国货币网 / AKShare
20200318,,,0.963,中国货币网 / AKShare
20200319,,,0.846,中国货币网 / AKShare
20200320,,,0.795,中国货币网 / AKShare
20200323,,,0.845,中国货币网 / AKShare
20200324,,,0.814,中国货币网 / AKShare
20200325,,,0.847,中国货币网 / AKShare
20200326,,,0.845,中国货币网 / AKShare
20200327,,,1.104,中国货币网 / AKShare
20200330,,,1.374,中国货币网 / AKShare
20200331,,,1.614,中国货币网 / AKShare
20200401,,,1.403,中国货币网 / AKShare
20200402,,,1.278,中国货币网 / AKShare
20200403,,,1.001,中国货币网 / AKShare
20200407,,,0.806,中国货币网 / AKShare
20200408,,,0.893,中国货币网 / AKShare
20200409,,,1.182,中国货币网 / AKShare
20200410,,,1.349,中国货币网 / AKShare
20200413,,,1.378,中国货币网 / AKShare
20200414,,,0.994,中国货币网 / AKShare
20200415,,,0.801,中国货币网 / AKShare
20200416,,,0.702,中国货币网 / AKShare
20200417,,,0.716,中国货币网 / AKShare
20200420,,,0.896,中国货币网 / AKShare
20200421,,,0.901,中国货币网 / AKShare
20200422,,,0.901,中国货币网 / AKShare
20200423,,,0.893,中国货币网 / AKShare
20200424,,,0.912,中国货币网 / AKShare
20200426,,,0.908,中国货币网 / AKShare
20200427,,,0.874,中国货币网 / AKShare
20200428,,,0.874,中国货币网 / AKShare
20200429,,,0.661,中国货币网 / AKShare
20200430,,,1.888,中国货币网 / AKShare
20200506,,,1.483,中国货币网 / AKShare
20200507,,,1.143,中国货币网 / AKShare
20200508,,,0.938,中国货币网 / AKShare
20200509,,,0.85,中国货币网 / AKShare
20200511,,,0.876,中国货币网 / AKShare
20200512,,,0.803,中国货币网 / AKShare
20200513,,,0.705,中国货币网 / AKShare
20200514,,,0.743,中国货币网 / AKShare
20200515,,,0.864,中国货币网 / AKShare
20200518,,,0.905,中国货币网 / AKShare
20200519,,,1.385,中国货币网 / AKShare
20200520,,,1.22,中国货币网 / AKShare
20200521,,,1.104,中国货币网 / AKShare
20200522,,,1.094,中国货币网 / AKShare
20200525,,,1.473,中国货币网 / AKShare
20200526,,,1.88,中国货币网 / AKShare
20200527,,,2.104,中国货币网 / AKShare
20200528,,,2.102,中国货币网 / AKShare
20200529,,,2.097,中国货币网 / AKShare
20200601,,,1.629,中国货币网 / AKShare
20200602,,,1.468,中国货币网 / AKShare
20200603,,,1.885,中国货币网 / AKShare
20200604,,,1.963,中国货币网 / AKShare
20200605,,,1.582,中国货币网 / AKShare
20200608,,,1.89,中国货币网 / AKShare
20200609,,,1.833,中国货币网 / AKShare
20200610,,,1.849,中国货币网 / AKShare
20200611,,,1.757,中国货币网 / AKShare
20200612,,,1.529,中国货币网 / AKShare
20200615,,,1.477,中国货币网 / AKShare
20200616,,,1.751,中国货币网 / AKShare
20200617,,,2.048,中国货币网 / AKShare
20200618,,,2.123,中国货币网 / AKShare
20200619,,,2.131,中国货币网 / AKShare
20200622,,,2.133,中国货币网 / AKShare
20200623,,,1.971,中国货币网 / AKShare
20200624,,,1.54,中国货币网 / AKShare
20200628,,,1.096,中国货币网 / AKShare
20200629,,,1.012,中国货币网 / AKShare
20200630,,,1.785,中国货币网 / AKShare
20200701,,,1.967,中国货币网 / AKShare
20200702,,,1.745,中国货币网 / AKShare
20200703,,,1.364,中国货币网 / AKShare
20200706,,,1.346,中国货币网 / AKShare
20200707,,,1.706,中国货币网 / AKShare
20200708,,,2.088,中国货币网 / AKShare
20200709,,,2.189,中国货币网 / AKShare
20200710,,,2.197,中国货币网 / AKShare
20200713,,,2.128,中国货币网 / AKShare
20200714,,,1.67,中国货币网 / AKShare
20200715,,,2.022,中国货币网 / AKShare
20200716,,,2.2465,中国货币网 / AKShare
20200717,,,2.328,中国货币网 / AKShare
20200720,,,1.9565,中国货币网 / AKShare
20200721,,,1.584,中国货币网 / AKShare
20200722,,,1.336,中国货币网 / AKShare
20200723,,,1.858,中国货币网 / AKShare
20200724,,,1.843,中国货币网 / AKShare
20200727,,,1.994,中国货币网 / AKShare
20200728,,,1.753,中国货币网 / AKShare
20200729,,,1.45,中国货币网 / AKShare
20200730,,,1.369,中国货币网 / AKShare
20200731,,,1.788,中国货币网 / AKShare
20200803,,,1.57,中国货币网 / AKShare
20200804,,,1.925,中国货币网 / AKShare
20200805,,,1.69,中国货币网 / AKShare
20200806,,,1.661,中国货币网 / AKShare
20200807,,,2.057,中国货币网 / AKShare
20200810,,,2.129,中国货币网 / AKShare
20200811,,,2.201,中国货币网 / AKShare
20200812,,,2.152,中国货币网 / AKShare
20200813,,,2.162,中国货币网 / AKShare
20200814,,,2.175,中国货币网 / AKShare
20200817,,,2.128,中国货币网 / AKShare
20200818,,,2.115,中国货币网 / AKShare
20200819,,,2.148,中国货币网 / AKShare
20200820,,,2.172,中国货币网 / AKShare
20200821,,,2.258,中国货币网 / AKShare
20200824,,,2.3595,中国货币网 / AKShare
20200825,,,1.969,中国货币网 / AKShare
20200826,,,1.63,中国货币网 / AKShare
20200827,,,1.477,中国货币网 / AKShare
20200828,,,1.345,中国货币网 / AKShare
20200831,,,1.766,中国货币网 / AKShare
20200901,,,2.104,中国货币网 / AKShare
20200902,,,2.094,中国货币网 / AKShare
20200903,,,1.742,中国货币网 / AKShare
20200904,,,2.052,中国货币网 / AKShare
20200907,,,2.088,中国货币网 / AKShare
20200908,,,2.051,中国货币网 / AKShare
20200909,,,1.607,中国货币网 / AKShare
20200910,,,1.34,中国货币网 / AKShare
20200911,,,1.464,中国货币网 / AKShare
20200914,,,1.607,中国货币网 / AKShare
20200915,,,1.731,中国货币网 / AKShare
20200916,,,1.404,中国货币网 / AKShare
20200917,,,1.769,中国货币网 / AKShare
20200918,,,2.101,中国货币网 / AKShare
20200921,,,2.204,中国货币网 / AKShare
20200922,,,2.286,中国货币网 / AKShare
20200923,,,1.884,中国货币网 / AKShare
20200924,,,1.424,中国货币网 / AKShare
20200925,,,1.113,中国货币网 / AKShare
20200927,,,0.685,中国货币网 / AKShare
20200928,,,0.602,中国货币网 / AKShare
20200929,,,0.913,中国货币网 / AKShare
20200930,,,2.361,中国货币网 / AKShare
20201009,,,2.038,中国货币网 / AKShare
20201010,,,1.628,中国货币网 / AKShare
20201012,,,1.53,中国货币网 / AKShare
20201013,,,1.7,中国货币网 / AKShare
20201014,,,1.962,中国货币网 / AKShare
20201015,,,2.063,中国货币网 / AKShare
20201016,,,2.017,中国货币网 / AKShare
20201019,,,2.187,中国货币网 / AKShare
20201020,,,2.162,中国货币网 / AKShare
20201021,,,1.988,中国货币网 / AKShare
20201022,,,1.911,中国货币网 / AKShare
20201023,,,2.161,中国货币网 / AKShare
20201026,,,2.18,中国货币网 / AKShare
20201027,,,2.38,中国货币网 / AKShare
20201028,,,2.379,中国货币网 / AKShare
20201029,,,2.125,中国货币网 / AKShare
20201030,,,2.236,中国货币网 / AKShare
20201102,,,2.322,中国货币网 / AKShare
20201103,,,1.868,中国货币网 / AKShare
20201104,,,1.449,中国货币网 / AKShare
20201105,,,1.377,中国货币网 / AKShare
20201106,,,1.79,中国货币网 / AKShare
20201109,,,2.193,中国货币网 / AKShare
20201110,,,2.333,中国货币网 / AKShare
20201111,,,2.314,中国货币网 / AKShare
20201112,,,2.521,中国货币网 / AKShare
20201113,,,2.523,中国货币网 / AKShare
20201116,,,2.252,中国货币网 / AKShare
20201117,,,1.798,中国货币网 / AKShare
20201118,,,1.72,中国货币网 / AKShare
20201119,,,1.918,中国货币网 / AKShare
20201120,,,1.959,中国货币网 / AKShare
20201123,,,1.839,中国货币网 / AKShare
20201124,,,1.828,中国货币网 / AKShare
20201125,,,1.578,中国货币网 / AKShare
20201126,,,1.298,中国货币网 / AKShare
20201127,,,0.836,中国货币网 / AKShare
20201130,,,1.115,中国货币网 / AKShare
20201201,,,0.764,中国货币网 / AKShare
20201202,,,0.742,中国货币网 / AKShare
20201203,,,0.901,中国货币网 / AKShare
20201204,,,1.086,中国货币网 / AKShare
20201207,,,1.366,中国货币网 / AKShare
20201208,,,1.302,中国货币网 / AKShare
20201209,,,1.065,中国货币网 / AKShare
20201210,,,0.979,中国货币网 / AKShare
20201211,,,1.431,中国货币网 / AKShare
20201214,,,1.702,中国货币网 / AKShare
20201215,,,1.403,中国货币网 / AKShare
20201216,,,0.974,中国货币网 / AKShare
20201217,,,1.356,中国货币网 / AKShare
20201218,,,1.723,中国货币网 / AKShare
20201221,,,1.489,中国货币网 / AKShare
20201222,,,1.015,中国货币网 / AKShare
20201223,,,0.623,中国货币网 / AKShare
20201224,,,0.609,中国货币网 / AKShare
20201225,,,0.793,中国货币网 / AKShare
20201228,,,0.673,中国货币网 / AKShare
20201229,,,0.624,中国货币网 / AKShare
20201230,,,0.644,中国货币网 / AKShare
20201231,,,1.093,中国货币网 / AKShare
20210104,,,0.899,中国货币网 / AKShare
20210105,,,0.729,中国货币网 / AKShare
20210106,,,0.616,中国货币网 / AKShare
20210107,,,0.921,中国货币网 / AKShare
20210108,,,0.965,中国货币网 / AKShare
20210111,,,1.216,中国货币网 / AKShare
20210112,,,1.333,中国货币网 / AKShare
20210113,,,1.401,中国货币网 / AKShare
20210114,,,1.675,中国货币网 / AKShare
20210115,,,1.738,中国货币网 / AKShare
20210118,,,2.125,中国货币网 / AKShare
20210119,,,2.236,中国货币网 / AKShare
20210120,,,2.457,中国货币网 / AKShare
20210121,,,2.573,中国货币网 / AKShare
20210122,,,2.436,中国货币网 / AKShare
20210125,,,2.45,中国货币网 / AKShare
20210126,,,2.726,中国货币网 / AKShare
20210127,,,2.97,中国货币网 / AKShare
20210128,,,3.024,中国货币网 / AKShare
20210129,,,3.282,中国货币网 / AKShare
20210201,,,2.795,中国货币网 / AKShare
20210202,,,2.313,中国货币网 / AKShare
20210203,,,1.859,中国货币网 / AKShare
20210204,,,2.075,中国货币网 / AKShare
20210205,,,1.909,中国货币网 / AKShare
20210207,,,1.573,中国货币网 / AKShare
20210208,,,1.906,中国货币网 / AKShare
20210209,,,1.772,中国货币网 / AKShare
20210210,,,1.925,中国货币网 / AKShare
20210218,,,2.341,中国货币网 / AKShare
20210219,,,1.886,中国货币网 / AKShare
20210220,,,1.457,中国货币网 / AKShare
20210222,,,1.512,中国货币网 / AKShare
20210223,,,1.984,中国货币网 / AKShare
20210224,,,1.512,中国货币网 / AKShare
20210225,,,1.703,中国货币网 / AKShare
20210226,,,2.092,中国货币网 / AKShare
20210301,,,2.154,中国货币网 / AKShare
20210302,,,1.775,中国货币网 / AKShare
20210303,,,1.471,中国货币网 / AKShare
20210304,,,1.926,中国货币网 / AKShare
20210305,,,1.565,中国货币网 / AKShare
20210308,,,1.704,中国货币网 / AKShare
20210309,,,2.024,中国货币网 / AKShare
20210310,,,1.747,中国货币网 / AKShare
20210311,,,1.796,中国货币网 / AKShare
20210312,,,1.787,中国货币网 / AKShare
20210315,,,2.245,中国货币网 / AKShare
20210316,,,2.14,中国货币网 / AKShare
20210317,,,1.968,中国货币网 / AKShare
20210318,,,2.206,中国货币网 / AKShare
20210319,,,2.135,中国货币网 / AKShare
20210322,,,2.052,中国货币网 / AKShare
20210323,,,1.976,中国货币网 / AKShare
20210324,,,1.822,中国货币网 / AKShare
20210325,,,2.029,中国货币网 / AKShare
20210326,,,1.762,中国货币网 / AKShare
20210329,,,1.814,中国货币网 / AKShare
20210330,,,1.825,中国货币网 / AKShare
20210331,,,2.124,中国货币网 / AKShare
20210401,,,2.143,中国货币网 / AKShare
20210402,,,1.734,中国货币网 / AKShare
20210406,,,1.765,中国货币网 / AKShare
20210407,,,1.824,中国货币网 / AKShare
20210408,,,1.76,中国货币网 / AKShare
20210409,,,1.784,中国货币网 / AKShare
20210412,,,1.792,中国货币网 / AKShare
20210413,,,1.781,中国货币网 / AKShare
20210414,,,1.81,中国货币网 / AKShare
20210415,,,1.81,中国货币网 / AKShare
20210416,,,1.946,中国货币网 / AKShare
20210419,,,2.118,中国货币网 / AKShare
20210420,,,1.854,中国货币网 / AKShare
20210421,,,1.864,中国货币网 / AKShare
20210422,,,2.127,中国货币网 / AKShare
20210423,,,1.942,中国货币网 / AKShare
20210425,,,2.018,中国货币网 / AKShare
20210426,,,2.075,中国货币网 / AKShare
20210427,,,1.814,中国货币网 / AKShare
20210428,,,1.78,中国货币网 / AKShare
20210429,,,1.823,中国货币网 / AKShare
20210430,,,2.285,中国货币网 / AKShare
20210506,,,2.097,中国货币网 / AKShare
20210507,,,1.779,中国货币网 / AKShare
20210508,,,1.494,中国货币网 / AKShare
20210510,,,1.663,中国货币网 / AKShare
20210511,,,1.938,中国货币网 / AKShare
20210512,,,1.951,中国货币网 / AKShare
20210513,,,1.966,中国货币网 / AKShare
20210514,,,1.805,中国货币网 / AKShare
20210517,,,2.136,中国货币网 / AKShare
20210518,,,2.119,中国货币网 / AKShare
20210519,,,2.025,中国货币网 / AKShare
20210520,,,2.092,中国货币网 / AKShare
20210521,,,1.996,中国货币网 / AKShare
20210524,,,2.171,中国货币网 / AKShare
20210525,,,2.194,中国货币网 / AKShare
20210526,,,1.99,中国货币网 / AKShare
20210527,,,2.117,中国货币网 / AKShare
20210528,,,2.166,中国货币网 / AKShare
20210531,,,2.227,中国货币网 / AKShare
20210601,,,2.187,中国货币网 / AKShare
20210602,,,2.04,中国货币网 / AKShare
20210603,,,1.852,中国货币网 / AKShare
20210604,,,2.175,中国货币网 / AKShare
20210607,,,2.299,中国货币网 / AKShare
20210608,,,2.193,中国货币网 / AKShare
20210609,,,2.188,中国货币网 / AKShare
20210610,,,1.892,中国货币网 / AKShare
20210611,,,1.998,中国货币网 / AKShare
20210615,,,2.104,中国货币网 / AKShare
20210616,,,2.006,中国货币网 / AKShare
20210617,,,1.876,中国货币网 / AKShare
20210618,,,2.014,中国货币网 / AKShare
20210621,,,2.247,中国货币网 / AKShare
20210622,,,2.301,中国货币网 / AKShare
20210623,,,2.208,中国货币网 / AKShare
20210624,,,1.853,中国货币网 / AKShare
20210625,,,1.55,中国货币网 / AKShare
20210628,,,1.558,中国货币网 / AKShare
20210629,,,1.795,中国货币网 / AKShare
20210630,,,2.177,中国货币网 / AKShare
20210701,,,1.734,中国货币网 / AKShare
20210702,,,1.614,中国货币网 / AKShare
20210705,,,1.665,中国货币网 / AKShare
20210706,,,1.908,中国货币网 / AKShare
20210707,,,2.068,中国货币网 / AKShare
20210708,,,1.791,中国货币网 / AKShare
20210709,,,2.206,中国货币网 / AKShare
20210712,,,1.94,中国货币网 / AKShare
20210713,,,2.05,中国货币网 / AKShare
20210714,,,1.984,中国货币网 / AKShare
20210715,,,2.098,中国货币网 / AKShare
20210716,,,2.115,中国货币网 / AKShare
20210719,,,2.111,中国货币网 / AKShare
20210720,,,2.178,中国货币网 / AKShare
20210721,,,2.182,中国货币网 / AKShare
20210722,,,2.114,中国货币网 / AKShare
20210723,,,2.057,中国货币网 / AKShare
20210726,,,2.119,中国货币网 / AKShare
20210727,,,2.27,中国货币网 / AKShare
20210728,,,2.092,中国货币网 / AKShare
20210729,,,1.644,中国货币网 / AKShare
20210730,,,2.178,中国货币网 / AKShare
20210802,,,1.876,中国货币网 / AKShare
20210803,,,1.836,中国货币网 / AKShare
20210804,,,1.71,中国货币网 / AKShare
20210805,,,1.709,中国货币网 / AKShare
20210806,,,1.859,中国货币网 / AKShare
20210809,,,2.212,中国货币网 / AKShare
20210810,,,2.25,中国货币网 / AKShare
20210811,,,2.032,中国货币网 / AKShare
20210812,,,1.94,中国货币网 / AKShare
20210813,,,2.176,中国货币网 / AKShare
20210816,,,2.105,中国货币网 / AKShare
20210817,,,1.972,中国货币网 / AKShare
20210818,,,1.725,中国货币网 / AKShare
20210819,,,1.841,中国货币网 / AKShare
20210820,,,2.042,中国货币网 / AKShare
20210823,,,2.143,中国货币网 / AKShare
20210824,,,2.262,中国货币网 / AKShare
20210825,,,2.211,中国货币网 / AKShare
20210826,,,2.199,中国货币网 / AKShare
20210827,,,2.092,中国货币网 / AKShare
20210830,,,1.846,中国货币网 / AKShare
20210831,,,2.195,中国货币网 / AKShare
20210901,,,2.122,中国货币网 / AKShare
20210902,,,2.082,中国货币网 / AKShare
20210903,,,1.943,中国货币网 / AKShare
20210906,,,2.115,中国货币网 / AKShare
20210907,,,2.187,中国货币网 / AKShare
20210908,,,2.184,中国货币网 / AKShare
20210909,,,2.029,中国货币网 / AKShare
20210910,,,2.109,中国货币网 / AKShare
20210913,,,2.165,中国货币网 / AKShare
20210914,,,2.296,中国货币网 / AKShare
20210915,,,2.137,中国货币网 / AKShare
20210916,,,2.21,中国货币网 / AKShare
20210917,,,2.213,中国货币网 / AKShare
20210918,,,2.107,中国货币网 / AKShare
20210922,,,2.161,中国货币网 / AKShare
20210923,,,2.035,中国货币网 / AKShare
20210924,,,1.695,中国货币网 / AKShare
20210926,,,1.691,中国货币网 / AKShare
20210927,,,1.708,中国货币网 / AKShare
20210928,,,1.946,中国货币网 / AKShare
20210929,,,1.505,中国货币网 / AKShare
20210930,,,2.22,中国货币网 / AKShare
20211008,,,2.105,中国货币网 / AKShare
20211009,,,1.635,中国货币网 / AKShare
20211011,,,2.135,中国货币网 / AKShare
20211012,,,2.101,中国货币网 / AKShare
20211013,,,2.157,中国货币网 / AKShare
20211014,,,2.106,中国货币网 / AKShare
20211015,,,2.065,中国货币网 / AKShare
20211018,,,2.131,中国货币网 / AKShare
20211019,,,2.223,中国货币网 / AKShare
20211020,,,2.104,中国货币网 / AKShare
20211021,,,1.683,中国货币网 / AKShare
20211022,,,1.672,中国货币网 / AKShare
20211025,,,1.61,中国货币网 / AKShare
20211026,,,1.546,中国货币网 / AKShare
20211027,,,1.921,中国货币网 / AKShare
20211028,,,1.94,中国货币网 / AKShare
20211029,,,2.142,中国货币网 / AKShare
20211101,,,2.03,中国货币网 / AKShare
20211102,,,2.126,中国货币网 / AKShare
20211103,,,2.0,中国货币网 / AKShare
20211104,,,1.886,中国货币网 / AKShare
20211105,,,1.887,中国货币网 / AKShare
20211108,,,1.897,中国货币网 / AKShare
20211109,,,2.137,中国货币网 / AKShare
20211110,,,1.833,中国货币网 / AKShare
20211111,,,1.881,中国货币网 / AKShare
20211112,,,1.856,中国货币网 / AKShare
20211115,,,1.787,中国货币网 / AKShare
20211116,,,1.923,中国货币网 / AKShare
20211117,,,2.152,中国货币网 / AKShare
20211118,,,1.932,中国货币网 / AKShare
20211119,,,1.998,中国货币网 / AKShare
20211122,,,1.946,中国货币网 / AKShare
20211123,,,2.178,中国货币网 / AKShare
20211124,,,1.788,中国货币网 / AKShare
20211125,,,1.823,中国货币网 / AKShare
20211126,,,1.712,中国货币网 / AKShare
20211129,,,1.86,中国货币网 / AKShare
20211130,,,2.173,中国货币网 / AKShare
20211201,,,2.017,中国货币网 / AKShare
20211202,,,1.984,中国货币网 / AKShare
20211203,,,1.913,中国货币网 / AKShare
20211206,,,1.817,中国货币网 / AKShare
20211207,,,2.13,中国货币网 / AKShare
20211208,,,2.151,中国货币网 / AKShare
20211209,,,2.154,中国货币网 / AKShare
20211210,,,1.807,中国货币网 / AKShare
20211213,,,2.108,中国货币网 / AKShare
20211214,,,2.168,中国货币网 / AKShare
20211215,,,2.137,中国货币网 / AKShare
20211216,,,2.116,中国货币网 / AKShare
20211217,,,1.862,中国货币网 / AKShare
20211220,,,1.994,中国货币网 / AKShare
20211221,,,1.858,中国货币网 / AKShare
20211222,,,1.687,中国货币网 / AKShare
20211223,,,1.631,中国货币网 / AKShare
20211224,,,1.84,中国货币网 / AKShare
20211227,,,1.778,中国货币网 / AKShare
20211228,,,1.616,中国货币网 / AKShare
20211229,,,1.343,中国货币网 / AKShare
20211230,,,1.276,中国货币网 / AKShare
20211231,,,2.129,中国货币网 / AKShare
20220104,,,1.925,中国货币网 / AKShare
20220105,,,1.777,中国货币网 / AKShare
20220106,,,1.714,中国货币网 / AKShare
20220107,,,1.839,中国货币网 / AKShare
20220110,,,1.878,中国货币网 / AKShare
20220111,,,1.984,中国货币网 / AKShare
20220112,,,1.972,中国货币网 / AKShare
20220113,,,2.218,中国货币网 / AKShare
20220114,,,2.209,中国货币网 / AKShare
20220117,,,2.113,中国货币网 / AKShare
20220118,,,1.921,中国货币网 / AKShare
20220119,,,2.035,中国货币网 / AKShare
20220120,,,2.035,中国货币网 / AKShare
20220121,,,2.063,中国货币网 / AKShare
20220124,,,1.935,中国货币网 / AKShare
20220125,,,1.931,中国货币网 / AKShare
20220126,,,1.74,中国货币网 / AKShare
20220127,,,1.614,中国货币网 / AKShare
20220128,,,1.2,中国货币网 / AKShare
20220129,,,1.255,中国货币网 / AKShare
20220130,,,2.155,中国货币网 / AKShare
20220207,,,2.112,中国货币网 / AKShare
20220208,,,2.044,中国货币网 / AKShare
20220209,,,1.728,中国货币网 / AKShare
20220210,,,1.673,中国货币网 / AKShare
20220211,,,1.812,中国货币网 / AKShare
20220214,,,1.866,中国货币网 / AKShare
20220215,,,1.807,中国货币网 / AKShare
20220216,,,1.942,中国货币网 / AKShare
20220217,,,1.855,中国货币网 / AKShare
20220218,,,2.11,中国货币网 / AKShare
20220221,,,2.195,中国货币网 / AKShare
20220222,,,2.039,中国货币网 / AKShare
20220223,,,2.043,中国货币网 / AKShare
20220224,,,2.197,中国货币网 / AKShare
20220225,,,2.231,中国货币网 / AKShare
20220228,,,2.234,中国货币网 / AKShare
20220301,,,1.801,中国货币网 / AKShare
20220302,,,1.887,中国货币网 / AKShare
20220303,,,1.729,中国货币网 / AKShare
20220304,,,1.902,中国货币网 / AKShare
20220307,,,2.039,中国货币网 / AKShare
20220308,,,2.056,中国货币网 / AKShare
20220309,,,2.024,中国货币网 / AKShare
20220310,,,2.025,中国货币网 / AKShare
20220311,,,2.051,中国货币网 / AKShare
20220314,,,2.063,中国货币网 / AKShare
20220315,,,2.063,中国货币网 / AKShare
20220316,,,2.04,中国货币网 / AKShare
20220317,,,2.009,中国货币网 / AKShare
20220318,,,1.992,中国货币网 / AKShare
20220321,,,2.015,中国货币网 / AKShare
20220322,,,1.946,中国货币网 / AKShare
20220323,,,2.003,中国货币网 / AKShare
20220324,,,2.005,中国货币网 / AKShare
20220325,,,2.001,中国货币网 / AKShare
20220328,,,1.946,中国货币网 / AKShare
20220329,,,1.727,中国货币网 / AKShare
20220330,,,1.557,中国货币网 / AKShare
20220331,,,2.011,中国货币网 / AKShare
20220401,,,1.604,中国货币网 / AKShare
20220402,,,1.308,中国货币网 / AKShare
20220406,,,1.848,中国货币网 / AKShare
20220407,,,1.825,中国货币网 / AKShare
20220408,,,1.751,中国货币网 / AKShare
20220411,,,1.856,中国货币网 / AKShare
20220412,,,1.772,中国货币网 / AKShare
20220413,,,1.665,中国货币网 / AKShare
20220414,,,1.552,中国货币网 / AKShare
20220415,,,1.339,中国货币网 / AKShare
20220418,,,1.403,中国货币网 / AKShare
20220419,,,1.294,中国货币网 / AKShare
20220420,,,1.303,中国货币网 / AKShare
20220421,,,1.294,中国货币网 / AKShare
20220422,,,1.255,中国货币网 / AKShare
20220424,,,1.302,中国货币网 / AKShare
20220425,,,1.303,中国货币网 / AKShare
20220426,,,1.306,中国货币网 / AKShare
20220427,,,1.303,中国货币网 / AKShare
20220428,,,1.301,中国货币网 / AKShare
20220429,,,1.838,中国货币网 / AKShare
20220505,,,1.783,中国货币网 / AKShare
20220506,,,1.351,中国货币网 / AKShare
20220507,,,1.294,中国货币网 / AKShare
20220509,,,1.309,中国货币网 / AKShare
20220510,,,1.305,中国货币网 / AKShare
20220511,,,1.325,中国货币网 / AKShare
20220512,,,1.309,中国货币网 / AKShare
20220513,,,1.31,中国货币网 / AKShare
20220516,,,1.311,中国货币网 / AKShare
20220517,,,1.325,中国货币网 / AKShare
20220518,,,1.326,中国货币网 / AKShare
20220519,,,1.414,中国货币网 / AKShare
20220520,,,1.322,中国货币网 / AKShare
20220523,,,1.323,中国货币网 / AKShare
20220524,,,1.325,中国货币网 / AKShare
20220525,,,1.347,中国货币网 / AKShare
20220526,,,1.364,中国货币网 / AKShare
20220527,,,1.381,中国货币网 / AKShare
20220530,,,1.405,中国货币网 / AKShare
20220531,,,1.588,中国货币网 / AKShare
20220601,,,1.413,中国货币网 / AKShare
20220602,,,1.432,中国货币网 / AKShare
20220606,,,1.454,中国货币网 / AKShare
20220607,,,1.421,中国货币网 / AKShare
20220608,,,1.419,中国货币网 / AKShare
20220609,,,1.414,中国货币网 / AKShare
20220610,,,1.403,中国货币网 / AKShare
20220613,,,1.408,中国货币网 / AKShare
20220614,,,1.413,中国货币网 / AKShare
20220615,,,1.413,中国货币网 / AKShare
20220616,,,1.413,中国货币网 / AKShare
20220617,,,1.414,中国货币网 / AKShare
20220620,,,1.418,中国货币网 / AKShare
20220621,,,1.438,中国货币网 / AKShare
20220622,,,1.444,中国货币网 / AKShare
20220623,,,1.437,中国货币网 / AKShare
20220624,,,1.435,中国货币网 / AKShare
20220627,,,1.438,中国货币网 / AKShare
20220628,,,1.438,中国货币网 / AKShare
20220629,,,1.372,中国货币网 / AKShare
20220630,,,1.901,中国货币网 / AKShare
20220701,,,1.441,中国货币网 / AKShare
20220704,,,1.418,中国货币网 / AKShare
20220705,,,1.367,中国货币网 / AKShare
20220706,,,1.21,中国货币网 / AKShare
20220707,,,1.222,中国货币网 / AKShare
20220708,,,1.216,中国货币网 / AKShare
20220711,,,1.223,中国货币网 / AKShare
20220712,,,1.211,中国货币网 / AKShare
20220713,,,1.219,中国货币网 / AKShare
20220714,,,1.195,中国货币网 / AKShare
20220715,,,1.211,中国货币网 / AKShare
20220718,,,1.218,中国货币网 / AKShare
20220719,,,1.242,中国货币网 / AKShare
20220720,,,1.27,中国货币网 / AKShare
20220721,,,1.254,中国货币网 / AKShare
20220722,,,1.194,中国货币网 / AKShare
20220725,,,1.074,中国货币网 / AKShare
20220726,,,1.018,中国货币网 / AKShare
20220727,,,1.008,中国货币网 / AKShare
20220728,,,1.014,中国货币网 / AKShare
20220729,,,1.254,中国货币网 / AKShare
20220801,,,1.177,中国货币网 / AKShare
20220802,,,1.076,中国货币网 / AKShare
20220803,,,1.026,中国货币网 / AKShare
20220804,,,1.025,中国货币网 / AKShare
20220805,,,1.019,中国货币网 / AKShare
20220808,,,1.013,中国货币网 / AKShare
20220809,,,1.018,中国货币网 / AKShare
20220810,,,1.068,中国货币网 / AKShare
20220811,,,1.03,中国货币网 / AKShare
20220812,,,1.044,中国货币网 / AKShare
20220815,,,1.043,中国货币网 / AKShare
20220816,,,1.075,中国货币网 / AKShare
20220817,,,1.138,中国货币网 / AKShare
20220818,,,1.187,中国货币网 / AKShare
20220819,,,1.211,中国货币网 / AKShare
20220822,,,1.1433,中国货币网 / AKShare
20220823,,,1.109,中国货币网 / AKShare
20220824,,,1.122,中国货币网 / AKShare
20220825,,,1.153,中国货币网 / AKShare
20220826,,,1.258,中国货币网 / AKShare
20220829,,,1.235,中国货币网 / AKShare
20220830,,,1.124,中国货币网 / AKShare
20220831,,,1.401,中国货币网 / AKShare
20220901,,,1.463,中国货币网 / AKShare
20220902,,,1.175,中国货币网 / AKShare
20220905,,,1.033,中国货币网 / AKShare
20220906,,,1.069,中国货币网 / AKShare
20220907,,,1.113,中国货币网 / AKShare
20220908,,,1.159,中国货币网 / AKShare
20220909,,,1.173,中国货币网 / AKShare
20220913,,,1.171,中国货币网 / AKShare
20220914,,,1.173,中国货币网 / AKShare
20220915,,,1.226,中国货币网 / AKShare
20220916,,,1.294,中国货币网 / AKShare
20220919,,,1.41,中国货币网 / AKShare
20220920,,,1.458,中国货币网 / AKShare
20220921,,,1.468,中国货币网 / AKShare
20220922,,,1.461,中国货币网 / AKShare
20220923,,,1.465,中国货币网 / AKShare
20220926,,,1.429,中国货币网 / AKShare
20220927,,,1.399,中国货币网 / AKShare
20220928,,,1.27,中国货币网 / AKShare
20220929,,,0.964,中国货币网 / AKShare
20220930,,,2.081,中国货币网 / AKShare
20221008,,,1.652,中国货币网 / AKShare
20221009,,,1.178,中国货币网 / AKShare
20221010,,,1.11,中国货币网 / AKShare
20221011,,,1.183,中国货币网 / AKShare
20221012,,,1.155,中国货币网 / AKShare
20221013,,,1.182,中国货币网 / AKShare
20221014,,,1.133,中国货币网 / AKShare
20221017,,,1.167,中国货币网 / AKShare
20221018,,,1.134,中国货币网 / AKShare
20221019,,,1.116,中国货币网 / AKShare
20221020,,,1.154,中国货币网 / AKShare
20221021,,,1.23,中国货币网 / AKShare
20221024,,,1.394,中国货币网 / AKShare
20221025,,,1.763,中国货币网 / AKShare
20221026,,,1.775,中国货币网 / AKShare
20221027,,,1.764,中国货币网 / AKShare
20221028,,,1.327,中国货币网 / AKShare
20221031,,,1.739,中国货币网 / AKShare
20221101,,,1.843,中国货币网 / AKShare
20221102,,,1.755,中国货币网 / AKShare
20221103,,,1.324,中国货币网 / AKShare
20221104,,,1.386,中国货币网 / AKShare
20221107,,,1.62,中国货币网 / AKShare
20221108,,,1.756,中国货币网 / AKShare
20221109,,,1.808,中国货币网 / AKShare
20221110,,,1.826,中国货币网 / AKShare
20221111,,,1.704,中国货币网 / AKShare
20221114,,,1.646,中国货币网 / AKShare
20221115,,,1.853,中国货币网 / AKShare
20221116,,,1.936,中国货币网 / AKShare
20221117,,,1.699,中国货币网 / AKShare
20221118,,,1.364,中国货币网 / AKShare
20221121,,,1.139,中国货币网 / AKShare
20221122,,,0.871,中国货币网 / AKShare
20221123,,,1.039,中国货币网 / AKShare
20221124,,,1.044,中国货币网 / AKShare
20221125,,,1.021,中国货币网 / AKShare
20221128,,,1.033,中国货币网 / AKShare
20221129,,,1.023,中国货币网 / AKShare
20221130,,,1.515,中国货币网 / AKShare
20221201,,,1.458,中国货币网 / AKShare
20221202,,,1.157,中国货币网 / AKShare
20221205,,,1.08,中国货币网 / AKShare
20221206,,,1.043,中国货币网 / AKShare
20221207,,,1.007,中国货币网 / AKShare
20221208,,,1.064,中国货币网 / AKShare
20221209,,,1.071,中国货币网 / AKShare
20221212,,,1.052,中国货币网 / AKShare
20221213,,,1.032,中国货币网 / AKShare
20221214,,,1.199,中国货币网 / AKShare
20221215,,,1.223,中国货币网 / AKShare
20221216,,,1.224,中国货币网 / AKShare
20221219,,,1.217,中国货币网 / AKShare
20221220,,,1.166,中国货币网 / AKShare
20221221,,,0.921,中国货币网 / AKShare
20221222,,,0.783,中国货币网 / AKShare
20221223,,,0.585,中国货币网 / AKShare
20221226,,,0.82,中国货币网 / AKShare
20221227,,,0.632,中国货币网 / AKShare
20221228,,,0.522,中国货币网 / AKShare
20221229,,,0.441,中国货币网 / AKShare
20221230,,,1.957,中国货币网 / AKShare
20230103,,,1.475,中国货币网 / AKShare
20230104,,,1.003,中国货币网 / AKShare
20230105,,,0.574,中国货币网 / AKShare
20230106,,,0.539,中国货币网 / AKShare
20230109,,,0.671,中国货币网 / AKShare
20230110,,,1.116,中国货币网 / AKShare
20230111,,,1.426,中国货币网 / AKShare
20230112,,,1.465,中国货币网 / AKShare
20230113,,,1.242,中国货币网 / AKShare
20230116,,,1.568,中国货币网 / AKShare
20230117,,,1.852,中国货币网 / AKShare
20230118,,,1.933,中国货币网 / AKShare
20230119,,,1.656,中国货币网 / AKShare
20230120,,,1.834,中国货币网 / AKShare
20230128,,,1.432,中国货币网 / AKShare
20230129,,,1.202,中国货币网 / AKShare
20230130,,,1.411,中国货币网 / AKShare
20230131,,,1.988,中国货币网 / AKShare
20230201,,,2.119,中国货币网 / AKShare
20230202,,,1.635,中国货币网 / AKShare
20230203,,,1.262,中国货币网 / AKShare
20230206,,,1.782,中国货币网 / AKShare
20230207,,,2.241,中国货币网 / AKShare
20230208,,,2.365,中国货币网 / AKShare
20230209,,,2.318,中国货币网 / AKShare
20230210,,,1.865,中国货币网 / AKShare
20230213,,,1.412,中国货币网 / AKShare
20230214,,,1.576,中国货币网 / AKShare
20230215,,,1.902,中国货币网 / AKShare
20230216,,,2.005,中国货币网 / AKShare
20230217,,,2.115,中国货币网 / AKShare
20230220,,,2.157,中国货币网 / AKShare
20230221,,,2.195,中国货币网 / AKShare
20230222,,,1.765,中国货币网 / AKShare
20230223,,,1.475,中国货币网 / AKShare
20230224,,,1.433,中国货币网 / AKShare
20230227,,,1.817,中国货币网 / AKShare
20230228,,,2.083,中国货币网 / AKShare
20230301,,,2.087,中国货币网 / AKShare
20230302,,,1.62,中国货币网 / AKShare
20230303,,,1.291,中国货币网 / AKShare
20230306,,,1.231,中国货币网 / AKShare
20230307,,,1.436,中国货币网 / AKShare
20230308,,,1.648,中国货币网 / AKShare
20230309,,,1.373,中国货币网 / AKShare
20230310,,,1.829,中国货币网 / AKShare
20230313,,,1.614,中国货币网 / AKShare
20230314,,,1.829,中国货币网 / AKShare
20230315,,,2.109,中国货币网 / AKShare
20230316,,,2.294,中国货币网 / AKShare
20230317,,,2.262,中国货币网 / AKShare
20230320,,,2.273,中国货币网 / AKShare
20230321,,,2.459,中国货币网 / AKShare
20230322,,,2.024,中国货币网 / AKShare
20230323,,,1.558,中国货币网 / AKShare
20230324,,,1.288,中国货币网 / AKShare
20230327,,,1.106,中国货币网 / AKShare
20230328,,,1.121,中国货币网 / AKShare
20230329,,,0.901,中国货币网 / AKShare
20230330,,,0.836,中国货币网 / AKShare
20230331,,,1.838,中国货币网 / AKShare
20230403,,,1.354,中国货币网 / AKShare
20230404,,,1.103,中国货币网 / AKShare
20230406,,,1.34,中国货币网 / AKShare
20230407,,,1.374,中国货币网 / AKShare
20230410,,,1.324,中国货币网 / AKShare
20230411,,,1.421,中国货币网 / AKShare
20230412,,,1.39,中国货币网 / AKShare
20230413,,,1.326,中国货币网 / AKShare
20230414,,,1.605,中国货币网 / AKShare
20230417,,,1.818,中国货币网 / AKShare
20230418,,,2.047,中国货币网 / AKShare
20230419,,,2.13,中国货币网 / AKShare
20230420,,,2.207,中国货币网 / AKShare
20230421,,,2.272,中国货币网 / AKShare
20230423,,,1.806,中国货币网 / AKShare
20230424,,,1.599,中国货币网 / AKShare
20230425,,,1.683,中国货币网 / AKShare
20230426,,,1.217,中国货币网 / AKShare
20230427,,,0.868,中国货币网 / AKShare
20230428,,,2.134,中国货币网 / AKShare
20230504,,,1.658,中国货币网 / AKShare
20230505,,,1.234,中国货币网 / AKShare
20230506,,,1.095,中国货币网 / AKShare
20230508,,,1.408,中国货币网 / AKShare
20230509,,,1.239,中国货币网 / AKShare
20230510,,,1.11,中国货币网 / AKShare
20230511,,,1.102,中国货币网 / AKShare
20230512,,,1.32,中国货币网 / AKShare
20230515,,,1.523,中国货币网 / AKShare
20230516,,,1.476,中国货币网 / AKShare
20230517,,,1.54,中国货币网 / AKShare
20230518,,,1.463,中国货币网 / AKShare
20230519,,,1.408,中国货币网 / AKShare
20230522,,,1.276,中国货币网 / AKShare
20230523,,,1.224,中国货币网 / AKShare
20230524,,,1.271,中国货币网 / AKShare
20230525,,,1.578,中国货币网 / AKShare
20230526,,,1.438,中国货币网 / AKShare
20230529,,,1.37,中国货币网 / AKShare
20230530,,,1.296,中国货币网 / AKShare
20230531,,,1.716,中国货币网 / AKShare
20230601,,,1.74,中国货币网 / AKShare
20230602,,,1.307,中国货币网 / AKShare
20230605,,,1.23,中国货币网 / AKShare
20230606,,,1.275,中国货币网 / AKShare
20230607,,,1.404,中国货币网 / AKShare
20230608,,,1.339,中国货币网 / AKShare
20230609,,,1.251,中国货币网 / AKShare
20230612,,,1.289,中国货币网 / AKShare
20230613,,,1.673,中国货币网 / AKShare
20230614,,,1.321,中国货币网 / AKShare
20230615,,,1.43,中国货币网 / AKShare
20230616,,,1.92,中国货币网 / AKShare
20230619,,,2.228,中国货币网 / AKShare
20230620,,,1.989,中国货币网 / AKShare
20230621,,,1.844,中国货币网 / AKShare
20230625,,,1.413,中国货币网 / AKShare
20230626,,,1.15,中国货币网 / AKShare
20230627,,,1.112,中国货币网 / AKShare
20230628,,,1.107,中国货币网 / AKShare
20230629,,,1.086,中国货币网 / AKShare
20230630,,,1.484,中国货币网 / AKShare
20230703,,,1.056,中国货币网 / AKShare
20230704,,,1.188,中国货币网 / AKShare
20230705,,,1.117,中国货币网 / AKShare
20230706,,,1.048,中国货币网 / AKShare
20230707,,,1.104,中国货币网 / AKShare
20230710,,,1.154,中国货币网 / AKShare
20230711,,,1.183,中国货币网 / AKShare
20230712,,,1.235,中国货币网 / AKShare
20230713,,,1.439,中国货币网 / AKShare
20230714,,,1.332,中国货币网 / AKShare
20230717,,,1.312,中国货币网 / AKShare
20230718,,,1.531,中国货币网 / AKShare
20230719,,,1.65,中国货币网 / AKShare
20230720,,,1.558,中国货币网 / AKShare
20230721,,,1.531,中国货币网 / AKShare
20230724,,,1.534,中国货币网 / AKShare
20230725,,,1.516,中国货币网 / AKShare
20230726,,,1.459,中国货币网 / AKShare
20230727,,,1.396,中国货币网 / AKShare
20230728,,,1.473,中国货币网 / AKShare
20230731,,,1.847,中国货币网 / AKShare
20230801,,,1.558,中国货币网 / AKShare
20230802,,,1.301,中国货币网 / AKShare
20230803,,,1.083,中国货币网 / AKShare
20230804,,,1.141,中国货币网 / AKShare
20230807,,,1.518,中国货币网 / AKShare
20230808,,,1.361,中国货币网 / AKShare
20230809,,,1.541,中国货币网 / AKShare
20230810,,,1.34,中国货币网 / AKShare
20230811,,,1.331,中国货币网 / AKShare
20230814,,,1.684,中国货币网 / AKShare
20230815,,,1.77,中国货币网 / AKShare
20230816,,,1.833,中国货币网 / AKShare
20230817,,,1.842,中国货币网 / AKShare
20230818,,,1.946,中国货币网 / AKShare
20230821,,,1.937,中国货币网 / AKShare
20230822,,,1.818,中国货币网 / AKShare
20230823,,,1.738,中国货币网 / AKShare
20230824,,,1.569,中国货币网 / AKShare
20230825,,,1.819,中国货币网 / AKShare
20230828,,,1.91,中国货币网 / AKShare
20230829,,,1.973,中国货币网 / AKShare
20230830,,,1.911,中国货币网 / AKShare
20230831,,,1.865,中国货币网 / AKShare
20230901,,,1.677,中国货币网 / AKShare
20230904,,,1.528,中国货币网 / AKShare
20230905,,,1.39,中国货币网 / AKShare
20230906,,,1.493,中国货币网 / AKShare
20230907,,,1.84,中国货币网 / AKShare
20230908,,,1.893,中国货币网 / AKShare
20230911,,,1.906,中国货币网 / AKShare
20230912,,,1.834,中国货币网 / AKShare
20230913,,,1.524,中国货币网 / AKShare
20230914,,,1.766,中国货币网 / AKShare
20230915,,,1.763,中国货币网 / AKShare
20230918,,,1.912,中国货币网 / AKShare
20230919,,,1.837,中国货币网 / AKShare
20230920,,,2.038,中国货币网 / AKShare
20230921,,,1.884,中国货币网 / AKShare
20230922,,,1.727,中国货币网 / AKShare
20230925,,,1.694,中国货币网 / AKShare
20230926,,,1.741,中国货币网 / AKShare
20230927,,,1.706,中国货币网 / AKShare
20230928,,,2.155,中国货币网 / AKShare
20231007,,,1.701,中国货币网 / AKShare
20231008,,,1.597,中国货币网 / AKShare
20231009,,,1.73,中国货币网 / AKShare
20231010,,,1.827,中国货币网 / AKShare
20231011,,,1.864,中国货币网 / AKShare
20231012,,,1.81,中国货币网 / AKShare
20231013,,,1.741,中国货币网 / AKShare
20231016,,,1.722,中国货币网 / AKShare
20231017,,,1.814,中国货币网 / AKShare
20231018,,,1.835,中国货币网 / AKShare
20231019,,,1.859,中国货币网 / AKShare
20231020,,,1.907,中国货币网 / AKShare
20231023,,,1.931,中国货币网 / AKShare
20231024,,,1.877,中国货币网 / AKShare
20231025,,,1.952,中国货币网 / AKShare
20231026,,,1.65,中国货币网 / AKShare
20231027,,,1.626,中国货币网 / AKShare
20231030,,,1.695,中国货币网 / AKShare
20231031,,,1.75,中国货币网 / AKShare
20231101,,,1.789,中国货币网 / AKShare
20231102,,,1.494,中国货币网 / AKShare
20231103,,,1.623,中国货币网 / AKShare
20231106,,,1.579,中国货币网 / AKShare
20231107,,,1.637,中国货币网 / AKShare
20231108,,,1.73,中国货币网 / AKShare
20231109,,,1.647,中国货币网 / AKShare
20231110,,,1.701,中国货币网 / AKShare
20231113,,,1.754,中国货币网 / AKShare
20231114,,,1.913,中国货币网 / AKShare
20231115,,,1.863,中国货币网 / AKShare
20231116,,,1.907,中国货币网 / AKShare
20231117,,,1.8822,中国货币网 / AKShare
20231120,,,1.897,中国货币网 / AKShare
20231121,,,1.89,中国货币网 / AKShare
20231122,,,1.899,中国货币网 / AKShare
20231123,,,1.896,中国货币网 / AKShare
20231124,,,1.837,中国货币网 / AKShare
20231127,,,1.809,中国货币网 / AKShare
20231128,,,1.711,中国货币网 / AKShare
20231129,,,1.608,中国货币网 / AKShare
20231130,,,1.858,中国货币网 / AKShare
20231201,,,1.618,中国货币网 / AKShare
20231204,,,1.724,中国货币网 / AKShare
20231205,,,1.714,中国货币网 / AKShare
20231206,,,1.606,中国货币网 / AKShare
20231207,,,1.619,中国货币网 / AKShare
20231208,,,1.63,中国货币网 / AKShare
20231211,,,1.755,中国货币网 / AKShare
20231212,,,1.761,中国货币网 / AKShare
20231213,,,1.634,中国货币网 / AKShare
20231214,,,1.628,中国货币网 / AKShare
20231215,,,1.594,中国货币网 / AKShare
20231218,,,1.623,中国货币网 / AKShare
20231219,,,1.57,中国货币网 / AKShare
20231220,,,1.592,中国货币网 / AKShare
20231221,,,1.711,中国货币网 / AKShare
20231222,,,1.616,中国货币网 / AKShare
20231225,,,1.592,中国货币网 / AKShare
20231226,,,1.494,中国货币网 / AKShare
20231227,,,1.467,中国货币网 / AKShare
20231228,,,1.429,中国货币网 / AKShare
20231229,,,1.746,中国货币网 / AKShare
20240102,1.7697573810467115,1.854888769404332,1.586,中国货币网 / AKShare
20240103,1.7314414718507154,1.8981360343803697,1.604,中国货币网 / AKShare
20240104,1.7608401841993704,1.8965106958345863,1.589,中国货币网 / AKShare
20240105,1.7296111950319657,1.9040902424987327,1.588,中国货币网 / AKShare
20240108,1.7577612684983988,1.939960938290045,1.585,中国货币网 / AKShare
20240109,1.740657869370671,2.023137979402508,1.582,中国货币网 / AKShare
20240110,1.821382031582832,2.05241146561372,1.588,中国货币网 / AKShare
20240111,1.74765798105472,1.9781769461013168,1.627,中国货币网 / AKShare
20240112,1.8387831045787952,2.080307736762589,1.678,中国货币网 / AKShare
20240115,1.8122303423508443,2.01778317847744,1.677,中国货币网 / AKShare
20240116,1.8787037301816591,2.098498746373595,1.745,中国货币网 / AKShare
20240117,1.873479216127017,2.036319154629768,1.832,中国货币网 / AKShare
20240118,1.9274182970733065,2.0566758927823185,1.734,中国货币网 / AKShare
20240119,1.894494418116768,2.077091715851621,1.724,中国货币网 / AKShare
20240122,1.812542858810554,2.200297692034228,1.76,中国货币网 / AKShare
20240123,1.882366086383081,2.1174732342037763,1.76,中国货币网 / AKShare
20240124,1.8472126926213728,2.064993652476617,1.808,中国货币网 / AKShare
20240125,1.881811655309673,2.141468367520512,1.844,中国货币网 / AKShare
20240126,1.970816883533043,2.0971998007577115,1.82,中国货币网 / AKShare
20240129,1.9430448796477608,2.100567850790958,1.731,中国货币网 / AKShare
20240130,1.8960908331143391,2.164487538529071,1.618,中国货币网 / AKShare
20240131,1.8893125501558228,2.136855299257057,1.708,中国货币网 / AKShare
20240201,1.936276457250473,2.1536891375974734,1.676,中国货币网 / AKShare
20240202,1.890681681633016,2.1494898479245697,1.719,中国货币网 / AKShare
20240204,,,1.711,中国货币网 / AKShare
20240205,1.9161388642449648,2.168213740687732,1.68,中国货币网 / AKShare
20240206,1.958355482720127,2.1769914719029444,1.727,中国货币网 / AKShare
20240207,1.99421953520576,2.08716713755929,1.716,中国货币网 / AKShare
20240208,1.973724205539991,2.195361709975053,1.697,中国货币网 / AKShare
20240209,1.8583193850796016,2.1328618355885154,1.853,中国货币网 / AKShare
20240212,1.9619715364464645,2.1172774692827816,1.8750804188074053,内置演示数据（首次在线更新后自动替换）
20240213,1.9517333323672443,2.1748364116298475,1.977294485113084,内置演示数据（首次在线更新后自动替换）
20240214,1.9636948588361496,2.182107137063114,1.9829707521410744,内置演示数据（首次在线更新后自动替换）
20240215,2.0093123133825075,2.151950723926952,1.9183741772146023,内置演示数据（首次在线更新后自动替换）
20240216,1.858904132367185,2.213241218344062,1.9904663729917949,内置演示数据（首次在线更新后自动替换）
20240218,,,1.699,中国货币网 / AKShare
20240219,1.9138142897648565,2.1259871103703376,1.607,中国货币网 / AKShare
20240220,1.956386735121196,2.162436478219592,1.63,中国货币网 / AKShare
20240221,1.8640605807282624,2.15372748828343,1.698,中国货币网 / AKShare
20240222,1.980234755179462,2.1730389115263216,1.635,中国货币网 / AKShare
20240223,1.9291209637393023,2.183213678712644,1.747,中国货币网 / AKShare
20240226,1.940778447465226,2.1282832968191334,1.779,中国货币网 / AKShare
20240227,1.8759672677948904,2.1935012764023925,1.819,中国货币网 / AKShare
20240228,1.9226320501572656,2.162381290677473,1.7056,中国货币网 / AKShare
20240229,1.9235103326741425,2.0789254293787143,1.639,中国货币网 / AKShare
20240301,1.8802187659663463,2.0704244828497784,1.694,中国货币网 / AKShare
20240304,1.869884510863654,2.141876236198018,1.711,中国货币网 / AKShare
20240305,1.8604317655972584,2.126581696911216,1.719,中国货币网 / AKShare
20240306,1.8037321210042905,2.123801234571983,1.713,中国货币网 / AKShare
20240307,1.82058604299834,2.118819621706198,1.713,中国货币网 / AKShare
20240308,1.8082172553608584,2.120463560925272,1.72,中国货币网 / AKShare
20240311,1.8171321346073448,2.140370031280663,1.731,中国货币网 / AKShare
20240312,1.8289534677266783,2.0485837149921986,1.721,中国货币网 / AKShare
20240313,1.7335086735628276,2.0362752891458147,1.735,中国货币网 / AKShare
20240314,1.7575053295280574,2.029132203313879,1.746,中国货币网 / AKShare
20240315,1.8082266173614208,2.073740918664773,1.766,中国货币网 / AKShare
20240318,1.7055364728624642,2.100933546218038,1.746,中国货币网 / AKShare
20240319,1.6885927469916724,2.0224908261651864,1.754,中国货币网 / AKShare
20240320,1.7157114532999942,1.927968341691641,1.765,中国货币网 / AKShare
20240321,1.7275075611706203,1.947878275748692,1.771,中国货币网 / AKShare
20240322,1.6803214839280771,1.970455101159356,1.772,中国货币网 / AKShare
20240325,1.719217284279822,1.96897071783286,1.774,中国货币网 / AKShare
20240326,1.6866297685837897,1.962240686773831,1.77,中国货币网 / AKShare
20240327,1.6724769659408911,1.9672376915847445,1.77,中国货币网 / AKShare
20240328,1.6476038047674864,1.9401938693822,1.734,中国货币网 / AKShare
20240329,1.7054103170914383,1.981487186678499,1.718,中国货币网 / AKShare
20240401,1.5912333703481765,1.899233206595994,1.728,中国货币网 / AKShare
20240402,1.506744882096365,1.8784819102661208,1.704,中国货币网 / AKShare
20240403,1.6388509123135997,1.9188009646403128,1.685,中国货币网 / AKShare
20240404,1.5445544130624256,1.8248923774552164,1.6610482814503391,内置演示数据（首次在线更新后自动替换）
20240405,1.5557824158966154,1.888608864562369,1.639660237325863,内置演示数据（首次在线更新后自动替换）
20240407,,,1.708,中国货币网 / AKShare
20240408,1.592912350015208,1.8638876246621416,1.711,中国货币网 / AKShare
20240409,1.4659951292594564,1.8407432707981373,1.718,中国货币网 / AKShare
20240410,1.4700991031843589,1.897148460432463,1.722,中国货币网 / AKShare
20240411,1.4467482586882636,1.7958560630451794,1.721,中国货币网 / AKShare
20240412,1.4702521113609863,1.890462916433248,1.717,中国货币网 / AKShare
20240415,1.511432113747433,1.7865488221594852,1.716,中国货币网 / AKShare
20240416,1.5072793619028009,1.7322372797102108,1.715,中国货币网 / AKShare
20240417,1.4904873757646215,1.7741311133115207,1.723,中国货币网 / AKShare
20240418,1.4167309103898311,1.7165926183825126,1.776,中国货币网 / AKShare
20240419,1.3753422372170037,1.7181984998108264,1.797,中国货币网 / AKShare
20240422,1.4651419948601658,1.7531203698698323,1.78,中国货币网 / AKShare
20240423,1.440049679422272,1.7488016283012355,1.788,中国货币网 / AKShare
20240424,1.4739929014523905,1.6914241157108734,1.784,中国货币网 / AKShare
20240425,1.481146438535823,1.7459559585299231,1.846,中国货币网 / AKShare
20240426,1.456810712567027,1.7433477759058338,1.879,中国货币网 / AKShare
20240428,,,1.806,中国货币网 / AKShare
20240429,1.480666594140552,1.7455473715763117,1.823,中国货币网 / AKShare
20240430,1.459180541447842,1.7008000920560644,1.921,中国货币网 / AKShare
20240501,1.4717368596712803,1.726188584117745,1.4642501152416545,内置演示数据（首次在线更新后自动替换）
20240502,1.4236392838351666,1.588965077738864,1.5569672568212145,内置演示数据（首次在线更新后自动替换）
20240503,1.4466994721855868,1.6445609317509882,1.4841981650194769,内置演示数据（首次在线更新后自动替换）
20240506,1.464572109143126,1.616227450135873,1.777,中国货币网 / AKShare
20240507,1.4930900703509122,1.6498718900380764,1.744,中国货币网 / AKShare
20240508,1.448826870921685,1.617017970876317,1.837,中国货币网 / AKShare
20240509,1.4904572233346498,1.6285924490420394,1.727,中国货币网 / AKShare
20240510,1.4647218924532024,1.7064888331822488,1.733,中国货币网 / AKShare
20240511,,,1.724,中国货币网 / AKShare
20240513,1.47709183754406,1.6209855258442585,1.781,中国货币网 / AKShare
20240514,1.522085669601046,1.6415156652748617,1.769,中国货币网 / AKShare
20240515,1.4169452372659388,1.6134864008961969,1.727,中国货币网 / AKShare
20240516,1.4531989107529435,1.6242474115268777,1.724,中国货币网 / AKShare
20240517,1.4547620584553969,1.6205332904300227,1.719,中国货币网 / AKShare
20240520,1.4302702738134698,1.637933466302704,1.719,中国货币网 / AKShare
20240521,1.5065940436490874,1.666955485061528,1.758,中国货币网 / AKShare
20240522,1.5743247435245284,1.687215646139028,1.779,中国货币网 / AKShare
20240523,1.54405507690862,1.6353132003992683,1.769,中国货币网 / AKShare
20240524,1.5749111207524336,1.6487469450172858,1.766,中国货币网 / AKShare
20240527,1.6225276850012549,1.5819902523650526,1.767,中国货币网 / AKShare
20240528,1.6443993853844383,1.6279861333976962,1.81,中国货币网 / AKShare
20240529,1.6011948100819224,1.6731978778202323,1.849,中国货币网 / AKShare
20240530,1.6710684929418091,1.674909605154627,1.746,中国货币网 / AKShare
20240531,1.633831191787633,1.6540086530064937,1.805,中国货币网 / AKShare
20240603,1.610086807520092,1.6868503142649198,1.723,中国货币网 / AKShare
20240604,1.633417415983492,1.6774391410781524,1.663,中国货币网 / AKShare
20240605,1.611714748232342,1.7127837232526484,1.664,中国货币网 / AKShare
20240606,1.6492433132391562,1.683842136639362,1.656,中国货币网 / AKShare
20240607,1.684327456715044,1.6660524372169254,1.719,中国货币网 / AKShare
20240610,1.7446751532456872,1.7022247559089152,1.63148454702891,内置演示数据（首次在线更新后自动替换）
20240611,1.795207505648425,1.5805569076283292,1.679,中国货币网 / AKShare
20240612,1.684853023048298,1.7225441497109526,1.68,中国货币网 / AKShare
20240613,1.7694930957523507,1.5711772853289,1.723,中国货币网 / AKShare
20240614,1.7256320078570009,1.658474969704348,1.732,中国货币网 / AKShare
20240617,1.7995078973958218,1.756175236349233,1.783,中国货币网 / AKShare
20240618,1.788294341615296,1.768263692742548,1.829,中国货币网 / AKShare
20240619,1.733030745702934,1.7140653654627005,1.853,中国货币网 / AKShare
20240620,1.8558001293408064,1.743794557435848,1.877,中国货币网 / AKShare
20240621,1.8065033262700707,1.8391059639733656,1.96,中国货币网 / AKShare
20240624,1.8209791486816984,1.7771911487264824,1.98,中国货币网 / AKShare
20240625,1.8107376721340087,1.8987717268840976,1.964,中国货币网 / AKShare
20240626,1.838075318612195,1.8216868663772467,1.976,中国货币网 / AKShare
20240627,1.8915743446685176,1.8509712268403733,1.879,中国货币网 / AKShare
20240628,1.876562716379767,1.9123590334064744,1.889,中国货币网 / AKShare
20240701,1.90638456908592,1.866078027655644,1.749,中国货币网 / AKShare
20240702,1.9162243016570948,1.8339848576598023,1.715,中国货币网 / AKShare
20240703,1.9624607151181543,1.882989960239468,1.688,中国货币网 / AKShare
20240704,1.9031627713701265,1.8992836837872944,1.712,中国货币网 / AKShare
20240705,1.864370680514048,1.8594458966789456,1.764,中国货币网 / AKShare
20240708,1.97201519795282,1.9170979087862008,1.754,中国货币网 / AKShare
20240709,1.9212404673097945,1.910877172971796,1.679,中国货币网 / AKShare
20240710,1.9835338056008511,1.9906808656892945,1.64,中国货币网 / AKShare
20240711,1.9579979953031408,1.9681109684780007,1.67,中国货币网 / AKShare
20240712,1.94038144553846,1.968283323001493,1.668,中国货币网 / AKShare
20240715,1.9617841055853973,1.988036081427308,1.78,中国货币网 / AKShare
20240716,2.0273149751410204,2.013687225296188,1.894,中国货币网 / AKShare
20240717,2.0330259290157056,2.0416763870047085,1.913,中国货币网 / AKShare
20240718,1.952622946315458,1.9889915396764453,1.933,中国货币网 / AKShare
20240719,1.9553853811368256,1.999000316866373,1.855,中国货币网 / AKShare
20240722,1.9903891679545007,2.0962158788207823,1.647,中国货币网 / AKShare
20240723,1.9111117272139595,2.046555452183621,1.736,中国货币网 / AKShare
20240724,1.955103802716384,2.0170258046365483,1.739,中国货币网 / AKShare
20240725,1.936843247477596,2.101708756016585,1.764,中国货币网 / AKShare
20240726,1.9457968616321668,2.112330743652629,1.689,中国货币网 / AKShare
20240729,1.894548859660002,2.0419676813227934,1.631,中国货币网 / AKShare
20240730,1.858240827291315,2.121315224928506,1.639,中国货币网 / AKShare
20240731,1.832159640266764,2.150018001680912,1.782,中国货币网 / AKShare
20240801,1.8629754105833696,2.143528737552199,1.608,中国货币网 / AKShare
20240802,1.8812747667582992,2.161272976855442,1.573,中国货币网 / AKShare
20240805,1.879229159593496,2.086728359569636,1.585,中国货币网 / AKShare
20240806,1.959191893121611,2.162495448090333,1.583,中国货币网 / AKShare
20240807,1.9161275385745573,2.142938675248277,1.617,中国货币网 / AKShare
20240808,1.8230589348015824,2.1409432624362257,1.681,中国货币网 / AKShare
20240809,1.864607233246588,2.199698460733773,1.778,中国货币网 / AKShare
20240812,1.8231070809584191,2.2280680714579004,1.951,中国货币网 / AKShare
20240813,1.8162768660969668,2.244083119129541,1.928,中国货币网 / AKShare
20240814,1.822931770261692,2.227694495216421,1.842,中国货币网 / AKShare
20240815,1.8277964659894548,2.1728829799035703,1.754,中国货币网 / AKShare
20240816,1.7766522481018967,2.192922703821006,1.7,中国货币网 / AKShare
20240819,1.819691221751578,2.210396250703041,1.682,中国货币网 / AKShare
20240820,1.7181361879534334,2.184845718906675,1.712,中国货币网 / AKShare
20240821,1.7505469307860566,2.184869636059523,1.722,中国货币网 / AKShare
20240822,1.840524782122881,2.2115956790439624,1.765,中国货币网 / AKShare
20240823,1.7317524985936985,2.174649003213509,1.801,中国货币网 / AKShare
20240826,1.7662989222734475,2.1455955416108243,1.862,中国货币网 / AKShare
20240827,1.6987445031360873,2.1553118697048195,1.667,中国货币网 / AKShare
20240828,1.7044433036977396,2.193754564805073,1.52,中国货币网 / AKShare
20240829,1.6651273880470825,2.1644167411143127,1.514,中国货币网 / AKShare
20240830,1.6468695038846366,2.1732050686052995,1.529,中国货币网 / AKShare
20240902,1.6089365108484044,2.1811109559298667,1.516,中国货币网 / AKShare
20240903,1.6439426408858713,2.1334486917506097,1.568,中国货币网 / AKShare
20240904,1.5795099607776857,2.172263585945202,1.529,中国货币网 / AKShare
20240905,1.6273024058015466,2.1501899925564847,1.578,中国货币网 / AKShare
20240906,1.6315044920022,2.078133532557864,1.716,中国货币网 / AKShare
20240909,1.5905135867017843,2.177192180683565,1.8,中国货币网 / AKShare
20240910,1.5525447729354298,2.090946493932821,1.955,中国货币网 / AKShare
20240911,1.5707153987367866,2.0357704507258627,1.773,中国货币网 / AKShare
20240912,1.529226861276576,2.050712591848205,1.777,中国货币网 / AKShare
20240913,1.5685015205041486,2.041776151613274,1.656,中国货币网 / AKShare
20240914,,,1.611,中国货币网 / AKShare
20240916,1.4478504691731475,2.074394487161575,1.7184012016724943,内置演示数据（首次在线更新后自动替换）
20240917,1.4982614926526718,2.050652484316886,1.6088203948006434,内置演示数据（首次在线更新后自动替换）
20240918,1.423213449639234,2.0370657905394336,1.744,中国货币网 / AKShare
20240919,1.4348119820284897,2.063918418636758,1.879,中国货币网 / AKShare
20240920,1.5415711333244022,2.041001196549784,1.932,中国货币网 / AKShare
20240923,1.5158834592859498,2.028035090693463,1.921,中国货币网 / AKShare
20240924,1.4450348695787445,2.0195116948373286,1.785,中国货币网 / AKShare
20240925,1.40814988473107,2.015255539196376,1.643,中国货币网 / AKShare
20240926,1.344819907276807,1.8935781883616245,1.608,中国货币网 / AKShare
20240927,1.4375423341299258,1.9504283592230511,1.401,中国货币网 / AKShare
20240929,,,1.336,中国货币网 / AKShare
20240930,1.5527226138373915,1.864759676222581,1.514,中国货币网 / AKShare
20241001,1.4706784258585772,1.940254846180236,1.5394158020679478,内置演示数据（首次在线更新后自动替换）
20241002,1.4290384814313395,1.925383507066356,1.5853977471613032,内置演示数据（首次在线更新后自动替换）
20241003,1.4689299198021497,1.9540885255519256,1.5714920309882756,内置演示数据（首次在线更新后自动替换）
20241004,1.3875641142425466,1.94644320727178,1.4858491068260764,内置演示数据（首次在线更新后自动替换）
20241007,1.4385566497405025,1.8937218385857395,1.512975462006877,内置演示数据（首次在线更新后自动替换）
20241008,1.455645838306902,1.852302020975629,1.509,中国货币网 / AKShare
20241009,1.4502061320175328,1.878491298585836,1.618,中国货币网 / AKShare
20241010,1.488025965139991,1.8248292991817472,1.527,中国货币网 / AKShare
20241011,1.4736747693749457,1.8328739974657773,1.406,中国货币网 / AKShare
20241012,,,1.306,中国货币网 / AKShare
20241014,1.4908581339704483,1.8595109131539789,1.418,中国货币网 / AKShare
20241015,1.4415541566231431,1.7850715867986149,1.407,中国货币网 / AKShare
20241016,1.5106781237530662,1.8271365438291665,1.46,中国货币网 / AKShare
20241017,1.5462944342328526,1.809770666285692,1.425,中国货币网 / AKShare
20241018,1.449377753951628,1.7325141458270086,1.399,中国货币网 / AKShare
20241021,1.460376272694742,1.7979859193029963,1.474,中国货币网 / AKShare
20241022,1.5576456618936618,1.7756167427658365,1.477,中国货币网 / AKShare
20241023,1.5054948399730852,1.7407404041863654,1.49,中国货币网 / AKShare
20241024,1.5788123196637558,1.6955300179766426,1.53,中国货币网 / AKShare
20241025,1.515016106614851,1.681408734387107,1.507,中国货币网 / AKShare
20241028,1.6014936003743008,1.684442151239891,1.495,中国货币网 / AKShare
20241029,1.559608995195322,1.718264054617801,1.439,中国货币网 / AKShare
20241030,1.5761859234327988,1.6494081185613991,1.394,中国货币网 / AKShare
20241031,1.640366615180481,1.696687930922292,1.364,中国货币网 / AKShare
20241101,1.5756053307370992,1.6215721496840068,1.36,中国货币网 / AKShare
20241104,1.5650687054094146,1.655653184092764,1.346,中国货币网 / AKShare
20241105,1.5977086498155375,1.661310857879701,1.338,中国货币网 / AKShare
20241106,1.6469424738472542,1.748390260172742,1.33,中国货币网 / AKShare
20241107,1.5796361956374874,1.5897179947294011,1.319,中国货币网 / AKShare
20241108,1.6813609811421626,1.698495321575066,1.461,中国货币网 / AKShare
20241111,1.6480430717557897,1.6410028846448208,1.443,中国货币网 / AKShare
20241112,1.7293320320915424,1.647451286633093,1.525,中国货币网 / AKShare
20241113,1.601525875810632,1.632343400346126,1.465,中国货币网 / AKShare
20241114,1.6797187619909653,1.642621179298113,1.456,中国货币网 / AKShare
20241115,1.6575732703372792,1.616531170734674,1.47,中国货币网 / AKShare
20241118,1.7057561817446507,1.6793157784545,1.47,中国货币网 / AKShare
20241119,1.7623656216270482,1.6020023066139315,1.48,中国货币网 / AKShare
20241120,1.758781676938202,1.6652921250529729,1.47,中国货币网 / AKShare
20241121,1.7691038962475083,1.5946044415898206,1.455,中国货币网 / AKShare
20241122,1.7859153592837194,1.618979377906765,1.456,中国货币网 / AKShare
20241125,1.813177288831458,1.5801529256132802,1.464,中国货币网 / AKShare
20241126,1.777135203013117,1.6435022804405224,1.43,中国货币网 / AKShare
20241127,1.857823026821438,1.6859990556032096,1.385,中国货币网 / AKShare
20241128,1.867728336605448,1.6286086794720274,1.329,中国货币网 / AKShare
20241129,1.8678601145580065,1.6279446764875078,1.319,中国货币网 / AKShare
20241202,1.8854864038121768,1.5959515378758635,1.414,中国货币网 / AKShare
20241203,1.8853446036766104,1.6366688643007423,1.337,中国货币网 / AKShare
20241204,1.964618314570751,1.588009370438554,1.381,中国货币网 / AKShare
20241205,1.888893780288469,1.6216494759764273,1.479,中国货币网 / AKShare
20241206,1.8886627779045224,1.6742277678930448,1.478,中国货币网 / AKShare
20241209,1.8787535183992008,1.7254410092788277,1.516,中国货币网 / AKShare
20241210,1.874908059089737,1.7930884375029348,1.47,中国货币网 / AKShare
20241211,1.873056530791477,1.6657932609362924,1.528,中国货币网 / AKShare
20241212,1.8932327594373493,1.755683117640132,1.482,中国货币网 / AKShare
20241213,1.9312007425004856,1.717493006314712,1.404,中国货币网 / AKShare
20241216,1.9519209459546605,1.7116006717057004,1.421,中国货币网 / AKShare
20241217,1.944379932773248,1.7452754387461504,1.425,中国货币网 / AKShare
20241218,1.914750196085952,1.7411594163560895,1.428,中国货币网 / AKShare
20241219,1.983659221484516,1.7541754119843669,1.424,中国货币网 / AKShare
20241220,1.97874441660258,1.7448436992437946,1.414,中国货币网 / AKShare
20241223,1.943529209219292,1.7169848140068236,1.31,中国货币网 / AKShare
20241224,1.9237745828761312,1.7231845002408768,1.321,中国货币网 / AKShare
20241225,1.9710333617694973,1.8233404931331496,1.365,中国货币网 / AKShare
20241226,1.9550515868588323,1.7986569219355737,1.386,中国货币网 / AKShare
20241227,1.8872801582450487,1.7986002639950007,1.388,中国货币网 / AKShare
20241230,1.939402031953438,1.8356787706165991,1.367,中国货币网 / AKShare
20241231,1.9487715726462824,1.880177158139245,1.454,中国货币网 / AKShare
20250101,1.8977359724216605,1.8687527785550029,1.974168215850168,内置演示数据（首次在线更新后自动替换）
20250102,1.9360299391892952,1.848541574619104,1.532,中国货币网 / AKShare
20250103,1.864250874970753,1.9371382104125248,1.618,中国货币网 / AKShare
20250106,1.969212410992492,1.964583642060161,1.454,中国货币网 / AKShare
20250107,1.9583383890127408,1.9345250071273088,1.483,中国货币网 / AKShare
20250108,1.8903320114829685,1.966982376406804,1.523,中国货币网 / AKShare
20250109,1.906364733247519,1.9909437695522727,1.547,中国货币网 / AKShare
20250110,1.7862316309601427,1.9996053214762328,1.643,中国货币网 / AKShare
20250113,1.8266130297617087,1.9919779592859883,1.823,中国货币网 / AKShare
20250114,1.8508208032331936,2.004207680154539,1.965,中国货币网 / AKShare
20250115,1.8088900267819847,2.013738034916003,1.832,中国货币网 / AKShare
20250116,1.8690862725848512,1.961525183906424,1.833,中国货币网 / AKShare
20250117,1.9087037775652709,2.045675696585843,1.848,中国货币网 / AKShare
20250120,1.769651365215427,1.9753755685745136,1.835,中国货币网 / AKShare
20250121,1.7707613137038924,2.009491665873849,1.779,中国货币网 / AKShare
20250122,1.80089997357063,2.10476547104678,1.78,中国货币网 / AKShare
20250123,1.8428665943913485,2.097232880888726,1.764,中国货币网 / AKShare
20250124,1.7162249047595888,2.133750252473896,1.77,中国货币网 / AKShare
20250126,,,1.669,中国货币网 / AKShare
20250127,1.7615783153767266,2.0736225321907336,1.708,中国货币网 / AKShare
20250128,1.8108065473825024,2.048216476030505,1.953962088766587,内置演示数据（首次在线更新后自动替换）
20250129,1.6581048366081812,2.094065343045413,1.940043045764704,内置演示数据（首次在线更新后自动替换）
20250130,1.6590784478133334,2.116678705504369,1.9441191082583456,内置演示数据（首次在线更新后自动替换）
20250131,1.6794911179678116,2.1241896356503647,1.9677425303314708,内置演示数据（首次在线更新后自动替换）
20250203,1.6617370109283984,2.1743088322199364,1.8448357849042485,内置演示数据（首次在线更新后自动替换）
20250204,1.7012435757974114,2.1219232329117568,1.9450218445064005,内置演示数据（首次在线更新后自动替换）
20250205,1.66468134806146,2.1573319713246737,1.793,中国货币网 / AKShare
20250206,1.5704307188757072,2.110030564593598,1.792,中国货币网 / AKShare
20250207,1.6486405869497662,2.1733475755635325,1.816,中国货币网 / AKShare
20250208,,,1.769,中国货币网 / AKShare
20250210,1.5917396754018762,2.160639579052733,1.841,中国货币网 / AKShare
20250211,1.6528989477484102,2.1351124302384497,1.919,中国货币网 / AKShare
20250212,1.5642000207183713,2.159660484551268,1.832,中国货币网 / AKShare
20250213,1.5515629418872072,2.165105250038512,1.827,中国货币网 / AKShare
20250214,1.5867762956583296,2.164426961354729,1.889,中国货币网 / AKShare
20250217,1.5841677237314586,2.248223709285272,1.893,中国货币网 / AKShare
20250218,1.560545851522522,2.1749402743589203,1.933,中国货币网 / AKShare
20250219,1.4646548068254377,2.1699980677117487,1.915,中国货币网 / AKShare
20250220,1.5435750420048493,2.0960974287324663,1.919,中国货币网 / AKShare
20250221,1.4712053830677878,2.143833937486064,1.931,中国货币网 / AKShare
20250224,1.5130911054318257,2.1680521602476275,1.866,中国货币网 / AKShare
20250225,1.4384388092945513,2.149482285634448,1.862,中国货币网 / AKShare
20250226,1.5055805538859623,2.2298981821913606,1.875,中国货币网 / AKShare
20250227,1.4484581861129515,2.1651232273940737,1.867,中国货币网 / AKShare
20250228,1.4230878400353726,2.219733337958268,1.865,中国货币网 / AKShare
20250303,1.4973132533936917,2.166530544618446,1.816,中国货币网 / AKShare
20250304,1.473506969464731,2.1608195962639565,1.686,中国货币网 / AKShare
20250305,1.435091554974395,2.150458808580179,1.755,中国货币网 / AKShare
20250306,1.5142488476983262,2.148266821162278,1.79,中国货币网 / AKShare
20250307,1.4358789339752391,2.2104085631530395,1.801,中国货币网 / AKShare
20250310,1.4528532661837452,2.0418662549151683,1.819,中国货币网 / AKShare
20250311,1.4611559907981777,2.04705078798113,1.782,中国货币网 / AKShare
20250312,1.425213483130415,2.09733282100013,1.758,中国货币网 / AKShare
20250313,1.4692176459649064,2.111091165951695,1.771,中国货币网 / AKShare
20250314,1.4301764321241066,2.1290873672377058,1.811,中国货币网 / AKShare
20250317,1.4369580581436214,2.11092302608596,1.805,中国货币网 / AKShare
20250318,1.5105992042250942,2.06671075872877,1.785,中国货币网 / AKShare
20250319,1.4178925683759538,2.1125105968984177,1.763,中国货币网 / AKShare
20250320,1.367169352734023,2.102235539634145,1.785,中国货币网 / AKShare
20250321,1.5330117946569684,2.057303837861704,1.76,中国货币网 / AKShare
20250324,1.5761552749577898,2.077021689399672,1.75,中国货币网 / AKShare
20250325,1.4642760176411975,2.037681024427993,1.775,中国货币网 / AKShare
20250326,1.4099952337140664,1.9922883023874776,1.785,中国货币网 / AKShare
20250327,1.4826871553056122,2.030372557058821,1.738,中国货币网 / AKShare
20250328,1.4919275800414544,1.9943643770050696,1.728,中国货币网 / AKShare
20250331,1.5046562346661907,1.977269507867836,1.739,中国货币网 / AKShare
20250401,1.4771736733462548,2.023235059089281,1.823,中国货币网 / AKShare
20250402,1.5548977861820803,1.8532372174738687,1.756,中国货币网 / AKShare
20250403,1.5632210444755872,1.881403680919595,1.617,中国货币网 / AKShare
20250404,1.4934767196980834,1.877380772501154,1.4500024328614052,内置演示数据（首次在线更新后自动替换）
20250407,1.5926858153156347,1.897029336114874,1.79,中国货币网 / AKShare
20250408,1.6587077767060052,1.888045400029076,1.744,中国货币网 / AKShare
20250409,1.595741987190091,1.824610679177296,1.741,中国货币网 / AKShare
20250410,1.5879766893205296,1.832205587557401,1.607,中国货币网 / AKShare
20250411,1.608699716806296,1.823950805396165,1.609,中国货币网 / AKShare
20250414,1.6521644574160927,1.9435483483523173,1.644,中国货币网 / AKShare
20250415,1.5717252045569905,1.9043120977738568,1.701,中国货币网 / AKShare
20250416,1.661107778768276,1.802917094626396,1.708,中国货币网 / AKShare
20250417,1.6526339713208107,1.7921711524086392,1.634,中国货币网 / AKShare
20250418,1.7559838692888128,1.7482852286338038,1.66,中国货币网 / AKShare
20250421,1.688977621483144,1.7057068194193612,1.716,中国货币网 / AKShare
20250422,1.7765462110060015,1.7654029264269635,1.709,中国货币网 / AKShare
20250423,1.6795369204920303,1.7185047042285104,1.626,中国货币网 / AKShare
20250424,1.7609596690878495,1.7436863971473555,1.61,中国货币网 / AKShare
20250425,1.763912450725985,1.6720805102088,1.567,中国货币网 / AKShare
20250427,,,1.606,中国货币网 / AKShare
20250428,1.729883900088863,1.694989702217884,1.603,中国货币网 / AKShare
20250429,1.7850515116874643,1.7211893885918756,1.541,中国货币网 / AKShare
20250430,1.839525755640329,1.720087180915137,1.76,中国货币网 / AKShare
20250501,1.790861799947115,1.7127732660822823,1.625337872549809,内置演示数据（首次在线更新后自动替换）
20250502,1.748603098566664,1.6343527480758324,1.5827748073194865,内置演示数据（首次在线更新后自动替换）
20250505,1.827688426346671,1.7129401676466731,1.6191954261650705,内置演示数据（首次在线更新后自动替换）
20250506,1.8040071840652647,1.6388263012517013,1.702,中国货币网 / AKShare
20250507,1.8376913298833448,1.6887506672364283,1.657,中国货币网 / AKShare
20250508,1.85893519882354,1.656148709274792,1.539,中国货币网 / AKShare
20250509,1.8042858785954168,1.595208543579249,1.497,中国货币网 / AKShare
20250512,1.8176665838764576,1.631872110246321,1.422,中国货币网 / AKShare
20250513,1.9107940533173973,1.653969753222856,1.406,中国货币网 / AKShare
20250514,1.879230162003096,1.6592999234790404,1.405,中国货币网 / AKShare
20250515,1.80555911230622,1.6251691863759474,1.404,中国货币网 / AKShare
20250516,1.946910353957557,1.688717547680093,1.654,中国货币网 / AKShare
20250519,1.93311408561662,1.6650024312920972,1.537,中国货币网 / AKShare
20250520,1.899681319720448,1.6123155847418398,1.509,中国货币网 / AKShare
20250521,1.880875869614705,1.651095318294195,1.509,中国货币网 / AKShare
20250522,1.97157351417662,1.6975832100946544,1.465,中国货币网 / AKShare
20250523,1.9559725288196583,1.6984261554857367,1.565,中国货币网 / AKShare
20250526,2.040413183941543,1.5712968623034782,1.506,中国货币网 / AKShare
20250527,1.964270910310432,1.584399474762021,1.452,中国货币网 / AKShare
20250528,1.9645621863412563,1.682532981172166,1.411,中国货币网 / AKShare
20250529,1.943199150130076,1.583108108542121,1.411,中国货币网 / AKShare
20250530,1.982598483958196,1.5754632949855656,1.471,中国货币网 / AKShare
20250602,1.974210856619626,1.612458600962818,1.82390651959048,内置演示数据（首次在线更新后自动替换）
20250603,1.9977874872285173,1.6528646676484475,1.41,中国货币网 / AKShare
20250604,1.9246122418521905,1.6367073643748276,1.408,中国货币网 / AKShare
20250605,1.925038117715616,1.6201159579095938,1.408,中国货币网 / AKShare
20250606,1.9195314241802008,1.6250808152279532,1.411,中国货币网 / AKShare
20250609,1.965832229048244,1.630028782309168,1.378,中国货币网 / AKShare
20250610,1.9889170928932496,1.6303622960252264,1.362,中国货币网 / AKShare
20250611,1.9047038974666817,1.7643599613423506,1.361,中国货币网 / AKShare
20250612,1.8994536979170984,1.6930614815706049,1.367,中国货币网 / AKShare
20250613,1.921726998588806,1.7251939330801205,1.411,中国货币网 / AKShare
20250616,1.891407310640336,1.6791997315647385,1.388,中国货币网 / AKShare
20250617,1.9307728332755096,1.7008200564785678,1.369,中国货币网 / AKShare
20250618,1.7934779406395025,1.6896463638162975,1.366,中国货币网 / AKShare
20250619,1.8407728118352489,1.6224625822035177,1.367,中国货币网 / AKShare
20250620,1.8322999334489136,1.6841416823736468,1.368,中国货币网 / AKShare
20250623,1.760033121525199,1.6779328603656591,1.367,中国货币网 / AKShare
20250624,1.803080969664499,1.6718010716014855,1.37,中国货币网 / AKShare
20250625,1.7933624017900216,1.7257262155529405,1.371,中国货币网 / AKShare
20250626,1.809865564592796,1.838573655389668,1.37,中国货币网 / AKShare
20250627,1.8500056653967127,1.7960922523187608,1.371,中国货币网 / AKShare
20250630,1.7829363891175658,1.862018064557787,1.422,中国货币网 / AKShare
20250701,1.7384718944897224,1.8395637785625405,1.367,中国货币网 / AKShare
20250702,1.7641459516846392,1.8673300779159696,1.365,中国货币网 / AKShare
20250703,1.794905808190438,1.813040128914903,1.315,中国货币网 / AKShare
20250704,1.7002518911545492,1.883197782818812,1.313,中国货币网 / AKShare
20250707,1.689097393910736,1.9046376579211848,1.312,中国货币网 / AKShare
20250708,1.7340137467302947,1.865728110572116,1.312,中国货币网 / AKShare
20250709,1.6889257280481669,1.9245059364137689,1.313,中国货币网 / AKShare
20250710,1.709808772581377,1.9380973351142,1.316,中国货币网 / AKShare
20250711,1.6695353751769717,1.9067581961114344,1.333,中国货币网 / AKShare
20250714,1.6844119727508364,1.897054881414787,1.415,中国货币网 / AKShare
20250715,1.60134118393021,1.907730661026091,1.535,中国货币网 / AKShare
20250716,1.6288364737753949,1.971561281407608,1.466,中国货币网 / AKShare
20250717,1.6076859030259314,1.994032324917802,1.463,中国货币网 / AKShare
20250718,1.5545303527843737,1.9619182376004367,1.462,中国货币网 / AKShare
20250721,1.5279781515218325,2.007137776640332,1.366,中国货币网 / AKShare
20250722,1.6056363332958592,2.041110450614477,1.317,中国货币网 / AKShare
20250723,1.5522331886302985,2.0549630256640814,1.367,中国货币网 / AKShare
20250724,1.513857621490892,2.1039617672306408,1.635,中国货币网 / AKShare
20250725,1.5398274148961597,2.104295283617644,1.52,中国货币网 / AKShare
20250728,1.5782034280877122,2.024146517884603,1.467,中国货币网 / AKShare
20250729,1.4317763058415216,2.142151487330604,1.366,中国货币网 / AKShare
20250730,1.4536095557680857,2.063782527308064,1.317,中国货币网 / AKShare
20250731,1.4676044754674031,2.136610577718736,1.392,中国货币网 / AKShare
20250801,1.5546150959682885,2.106887532585243,1.315,中国货币网 / AKShare
20250804,1.4997483782729792,2.0965716160655483,1.314,中国货币网 / AKShare
20250805,1.5120673261521334,2.0491562079702126,1.315,中国货币网 / AKShare
20250806,1.4293725334524323,2.122505901870301,1.316,中国货币网 / AKShare
20250807,1.4244961996310663,2.074377541122208,1.315,中国货币网 / AKShare
20250808,1.4822007706651117,2.182292475080686,1.3144,中国货币网 / AKShare
20250811,1.462357100979243,2.210567569318818,1.315,中国货币网 / AKShare
20250812,1.478454055862176,2.123748230631868,1.315,中国货币网 / AKShare
20250813,1.4462273748729635,2.172852768821313,1.315,中国货币网 / AKShare
20250814,1.462849559082014,2.136316334762847,1.315,中国货币网 / AKShare
20250815,1.4568042564013557,2.144149116789997,1.398,中国货币网 / AKShare
20250818,1.481115798514413,2.2036142883484624,1.436,中国货币网 / AKShare
20250819,1.4825824349294892,2.173820861909753,1.464,中国货币网 / AKShare
20250820,1.3865746988984784,2.2470519197138503,1.473,中国货币网 / AKShare
20250821,1.3633134919760124,2.159651248825552,1.466,中国货币网 / AKShare
20250822,1.495870225043498,2.2197561524747784,1.418,中国货币网 / AKShare
20250825,1.5066590964230744,2.1838870788822247,1.356,中国货币网 / AKShare
20250826,1.4224180282039127,2.211394726717087,1.317,中国货币网 / AKShare
20250827,1.3936729327273616,2.160616552698816,1.315,中国货币网 / AKShare
20250828,1.477566802338632,2.174828351724209,1.316,中国货币网 / AKShare
20250829,1.517076568096802,2.169871026216486,1.331,中国货币网 / AKShare
20250901,1.5586637715279532,2.138106662035548,1.315,中国货币网 / AKShare
20250902,1.5149868240201247,2.1944745323524435,1.314,中国货币网 / AKShare
20250903,1.4876757892932757,2.1898359803983896,1.316,中国货币网 / AKShare
20250904,1.4756380422712834,2.1828048252723486,1.316,中国货币网 / AKShare
20250905,1.521222191187436,2.215190548308893,1.316,中国货币网 / AKShare
20250908,1.5187474785828097,2.2057597971016563,1.353,中国货币网 / AKShare
20250909,1.5005916184617043,2.1263005334969427,1.419,中国货币网 / AKShare
20250910,1.6341108435682503,2.149185671527462,1.425,中国货币网 / AKShare
20250911,1.634989813502199,2.101753699361944,1.369,中国货币网 / AKShare
20250912,1.6208684162506226,2.1195521310470284,1.367,中国货币网 / AKShare
20250915,1.5508202318118938,2.086052493335292,1.408,中国货币网 / AKShare
20250916,1.634429456486496,2.165793639774575,1.437,中国货币网 / AKShare
20250917,1.63869603265332,2.1060314341347643,1.483,中国货币网 / AKShare
20250918,1.643963201031308,2.072820902785255,1.514,中国货币网 / AKShare
20250919,1.6896259163500484,2.1189337883373773,1.461,中国货币网 / AKShare
20250922,1.6786183315158587,1.9736232961958349,1.427,中国货币网 / AKShare
20250923,1.6965126319277302,1.968778917196653,1.413,中国货币网 / AKShare
20250924,1.7061989874849892,2.069733093284851,1.434,中国货币网 / AKShare
20250925,1.7082245485713206,2.0285621727841208,1.472,中国货币网 / AKShare
20250926,1.6371352874760734,2.0241191891656194,1.321,中国货币网 / AKShare
20250928,,,1.314,中国货币网 / AKShare
20250929,1.7256852508908622,1.948744711015068,1.315,中国货币网 / AKShare
20250930,1.713884470427078,1.9883396280626224,1.379,中国货币网 / AKShare
20251001,1.6986187611642387,2.0566753885265823,1.534248934182313,内置演示数据（首次在线更新后自动替换）
20251002,1.8306116124956184,1.996595516528034,1.5767470964725523,内置演示数据（首次在线更新后自动替换）
20251003,1.8458298693086912,1.957364060312024,1.46644787616555,内置演示数据（首次在线更新后自动替换）
20251006,1.8441334125173665,1.9198472461915004,1.472418868911172,内置演示数据（首次在线更新后自动替换）
20251007,1.812790678063659,1.9083752800613705,1.5696861923031715,内置演示数据（首次在线更新后自动替换）
20251008,1.8691081689885465,1.825684299973808,1.5663408793847564,内置演示数据（首次在线更新后自动替换）
20251009,1.827711210531776,1.907827250235533,1.322,中国货币网 / AKShare
20251010,1.8470943121731471,1.9180159944118769,1.319,中国货币网 / AKShare
20251011,,,1.314,中国货币网 / AKShare
20251013,1.80656805629586,1.807882762103878,1.314,中国货币网 / AKShare
20251014,1.8770472623981047,1.831227681459574,1.315,中国货币网 / AKShare
20251015,1.8739464434900883,1.7982585295318154,1.316,中国货币网 / AKShare
20251016,1.8292590372812527,1.792941521771203,1.316,中国货币网 / AKShare
20251017,1.8885917281472369,1.8208484628433388,1.318,中国货币网 / AKShare
20251020,1.8961366781850888,1.7226710378329737,1.317,中国货币网 / AKShare
20251021,1.979299510465736,1.8181688726441587,1.317,中国货币网 / AKShare
20251022,1.9505968502281712,1.8115444176472224,1.318,中国货币网 / AKShare
20251023,1.922054508097696,1.7594071766779409,1.318,中国货币网 / AKShare
20251024,1.9376327918621017,1.6585799780579549,1.32,中国货币网 / AKShare
20251027,1.9348318641923168,1.7066309808688056,1.442,中国货币网 / AKShare
20251028,1.929609732882588,1.7848312453457014,1.469,中国货币网 / AKShare
20251029,1.8983585931562168,1.6137957498287208,1.414,中国货币网 / AKShare
20251030,1.938797335671702,1.7008118795890148,1.317,中国货币网 / AKShare
20251031,1.91742372738178,1.657730152913588,1.321,中国货币网 / AKShare
20251103,1.8989203074488368,1.7277726156954318,1.316,中国货币网 / AKShare
20251104,1.9702789590269256,1.659708292729284,1.315,中国货币网 / AKShare
20251105,1.9656069480706708,1.6944776117719602,1.315,中国货币网 / AKShare
20251106,1.8778430645978632,1.6930470498378898,1.313,中国货币网 / AKShare
20251107,1.9429897013012984,1.7365073204201529,1.327,中国货币网 / AKShare
20251110,1.985545946288637,1.6481074441203774,1.479,中国货币网 / AKShare
20251111,1.985149450946733,1.6649864047427565,1.508,中国货币网 / AKShare
20251112,1.9801274558165352,1.5848288307245562,1.415,中国货币网 / AKShare
20251113,1.9362262364792144,1.686713877710389,1.315,中国货币网 / AKShare
20251114,1.8957195182327875,1.604134770778812,1.363,中国货币网 / AKShare
20251117,1.8803167844174784,1.6081845497460785,1.508,中国货币网 / AKShare
20251118,1.930902194132152,1.6263951316865557,1.525,中国货币网 / AKShare
20251119,1.9250725148070176,1.5620582812527777,1.42,中国货币网 / AKShare
20251120,1.9535301964361989,1.6316374993356186,1.364,中国货币网 / AKShare
20251121,1.937548366052792,1.659727555168163,1.32,中国货币网 / AKShare
20251124,1.8791750414622803,1.6319209312549272,1.316,中国货币网 / AKShare
20251125,1.8250417727593395,1.5564566889366966,1.316,中国货币网 / AKShare
20251126,1.851852165917668,1.6155040050392462,1.316,中国货币网 / AKShare
20251127,1.8626041547386285,1.6512150842342268,1.314,中国货币网 / AKShare
20251128,1.834655130439688,1.548123251807749,1.301,中国货币网 / AKShare
20251201,1.8080058117366924,1.5825884849874368,1.307,中国货币网 / AKShare
20251202,1.829215492318548,1.6635993447758115,1.302,中国货币网 / AKShare
20251203,1.7865528153586856,1.6429153377388233,1.301,中国货币网 / AKShare
20251204,1.768870236339348,1.6527716455051973,1.302,中国货币网 / AKShare
20251205,1.7934427208601371,1.7154516989371813,1.301,中国货币网 / AKShare
20251208,1.7516467438717989,1.6651801697783934,1.302,中国货币网 / AKShare
20251209,1.7640234837389104,1.678694592809179,1.303,中国货币网 / AKShare
20251210,1.751552906264474,1.7673112998410632,1.298,中国货币网 / AKShare
20251211,1.6812876697067387,1.6573783534963469,1.283,中国货币网 / AKShare
20251212,1.6937723743785682,1.6415949518138602,1.279,中国货币网 / AKShare
20251215,1.7566501054311656,1.698715329957191,1.274,中国货币网 / AKShare
20251216,1.6387755124645602,1.707751463515348,1.276,中国货币网 / AKShare
20251217,1.5867576663148049,1.6781872205852346,1.275,中国货币网 / AKShare
20251218,1.5832033647727817,1.6674790855789836,1.273,中国货币网 / AKShare
20251219,1.6452254878163677,1.811121408267211,1.2733,中国货币网 / AKShare
20251222,1.6318543066808195,1.7421650060087868,1.272,中国货币网 / AKShare
20251223,1.6126837950382642,1.710550962666499,1.272,中国货币网 / AKShare
20251224,1.652981345136089,1.7875938013332489,1.267,中国货币网 / AKShare
20251225,1.4848208407908885,1.758042897557999,1.262,中国货币网 / AKShare
20251226,1.5952261069400615,1.7640574995984566,1.258,中国货币网 / AKShare
20251229,1.6298729750859338,1.80871299479218,1.248,中国货币网 / AKShare
20251230,,,1.247,中国货币网 / AKShare
20251231,,,1.327,中国货币网 / AKShare
20260104,,,1.258,中国货币网 / AKShare
20260105,,,1.264,中国货币网 / AKShare
20260106,,,1.263,中国货币网 / AKShare
20260107,,,1.266,中国货币网 / AKShare
20260108,,,1.27,中国货币网 / AKShare
20260109,,,1.272,中国货币网 / AKShare
20260112,,,1.316,中国货币网 / AKShare
20260113,,,1.391,中国货币网 / AKShare
20260114,,,1.39,中国货币网 / AKShare
20260115,,,1.374,中国货币网 / AKShare
20260116,,,1.325,中国货币网 / AKShare
20260119,,,1.318,中国货币网 / AKShare
20260120,,,1.374,中国货币网 / AKShare
20260121,,,1.322,中国货币网 / AKShare
20260122,,,1.413,中国货币网 / AKShare
20260123,,,1.396,中国货币网 / AKShare
20260126,,,1.42,中国货币网 / AKShare
20260127,,,1.371,中国货币网 / AKShare
20260128,,,1.366,中国货币网 / AKShare
20260129,,,1.368,中国货币网 / AKShare
20260130,,,1.328,中国货币网 / AKShare
20260202,,,1.365,中国货币网 / AKShare
20260203,,,1.317,中国货币网 / AKShare
20260204,,,1.318,中国货币网 / AKShare
20260205,,,1.319,中国货币网 / AKShare
20260206,,,1.277,中国货币网 / AKShare
20260209,,,1.27,中国货币网 / AKShare
20260210,,,1.362,中国货币网 / AKShare
20260211,,,1.366,中国货币网 / AKShare
20260212,,,1.368,中国货币网 / AKShare
20260213,,,1.271,中国货币网 / AKShare
20260214,,,1.3156,中国货币网 / AKShare
20260224,,,1.362,中国货币网 / AKShare
20260225,,,1.378,中国货币网 / AKShare
20260226,,,1.368,中国货币网 / AKShare
20260227,,,1.358,中国货币网 / AKShare
20260228,,,1.318,中国货币网 / AKShare
20260302,,,1.315,中国货币网 / AKShare
20260303,,,1.267,中国货币网 / AKShare
20260304,,,1.266,中国货币网 / AKShare
20260305,,,1.267,中国货币网 / AKShare
20260306,,,1.319,中国货币网 / AKShare
20260309,,,1.322,中国货币网 / AKShare
20260310,,,1.318,中国货币网 / AKShare
20260311,,,1.367,中国货币网 / AKShare
20260312,,,1.337,中国货币网 / AKShare
20260313,,,1.321,中国货币网 / AKShare
20260316,,,1.32,中国货币网 / AKShare
20260317,,,1.319,中国货币网 / AKShare
20260318,,,1.32,中国货币网 / AKShare
20260319,,,1.321,中国货币网 / AKShare
20260320,,,1.319,中国货币网 / AKShare
20260323,,,1.317,中国货币网 / AKShare
20260324,,,1.318,中国货币网 / AKShare
20260325,,,1.319,中国货币网 / AKShare
20260326,,,1.32,中国货币网 / AKShare
20260327,,,1.317,中国货币网 / AKShare
20260330,,,1.318,中国货币网 / AKShare
20260331,,,1.277,中国货币网 / AKShare
20260401,,,1.27,中国货币网 / AKShare
20260402,,,1.271,中国货币网 / AKShare
20260403,,,1.238,中国货币网 / AKShare
20260407,,,1.226,中国货币网 / AKShare
20260408,,,1.222,中国货币网 / AKShare
20260409,,,1.223,中国货币网 / AKShare
20260410,,,1.222,中国货币网 / AKShare
20260413,,,1.224,中国货币网 / AKShare
20260414,,,1.223,中国货币网 / AKShare
20260415,,,1.221,中国货币网 / AKShare
20260416,,,1.221,中国货币网 / AKShare
20260417,,,1.221,中国货币网 / AKShare
20260420,,,1.221,中国货币网 / AKShare
20260421,,,1.22,中国货币网 / AKShare
20260422,,,1.219,中国货币网 / AKShare
20260423,,,1.219,中国货币网 / AKShare
20260424,,,1.219,中国货币网 / AKShare
20260427,,,1.24,中国货币网 / AKShare
20260428,,,1.242,中国货币网 / AKShare
20260429,,,1.243,中国货币网 / AKShare
20260430,,,1.327,中国货币网 / AKShare
20260506,,,1.271,中国货币网 / AKShare
20260507,,,1.275,中国货币网 / AKShare
20260508,,,1.255,中国货币网 / AKShare
20260509,,,1.224,中国货币网 / AKShare
20260511,,,1.221,中国货币网 / AKShare
20260512,,,1.255,中国货币网 / AKShare
20260513,,,1.267,中国货币网 / AKShare
20260514,,,1.265,中国货币网 / AKShare
20260515,,,1.267,中国货币网 / AKShare
20260518,,,1.266,中国货币网 / AKShare
20260519,,,1.265,中国货币网 / AKShare
20260520,,,1.286,中国货币网 / AKShare
20260521,,,1.288,中国货币网 / AKShare
20260522,,,1.324,中国货币网 / AKShare
20260525,,,1.327,中国货币网 / AKShare
20260526,,,1.319,中国货币网 / AKShare
20260527,,,1.317,中国货币网 / AKShare
20260528,,,1.317,中国货币网 / AKShare
20260529,,,1.324,中国货币网 / AKShare
20260601,,,1.317,中国货币网 / AKShare
20260602,,,1.315,中国货币网 / AKShare
20260603,,,1.316,中国货币网 / AKShare
20260604,,,1.316,中国货币网 / AKShare
20260605,,,1.324,中国货币网 / AKShare
20260608,,,1.354,中国货币网 / AKShare
20260609,,,1.384,中国货币网 / AKShare
20260610,,,1.384,中国货币网 / AKShare
20260611,,,1.397,中国货币网 / AKShare
20260612,,,1.398,中国货币网 / AKShare
20260615,,,1.419,中国货币网 / AKShare
20260616,,,1.423,中国货币网 / AKShare
20260617,,,1.415,中国货币网 / AKShare
20260618,,,1.421,中国货币网 / AKShare
20260622,,,1.423,中国货币网 / AKShare
20260623,,,1.455,中国货币网 / AKShare
20260624,,,1.408,中国货币网 / AKShare
20260625,,,1.399,中国货币网 / AKShare
20260626,,,1.371,中国货币网 / AKShare
20260629,,,1.356,中国货币网 / AKShare
20260630,,,1.36,中国货币网 / AKShare
20260701,,,1.403,中国货币网 / AKShare
20260702,,,1.406,中国货币网 / AKShare
20260703,,,1.369,中国货币网 / AKShare
20260706,,,1.369,中国货币网 / AKShare
20260707,,,1.374,中国货币网 / AKShare
20260708,,,1.3663,中国货币网 / AKShare
20260709,,,1.36,中国货币网 / AKShare
20260710,,,1.3601,中国货币网 / AKShare
20260713,,,1.372,中国货币网 / AKShare
20260714,,,1.389,中国货币网 / AKShare
20260715,,,1.3925,中国货币网 / AKShare
20260716,,,1.389,中国货币网 / AKShare
20260717,,,1.3971,中国货币网 / AKShare
20260720,,,1.412,中国货币网 / AKShare
20260721,,,1.382,中国货币网 / AKShare
20260722,,,1.373,中国货币网 / AKShare
20260723,,,1.365,中国货币网 / AKShare
20260724,,,1.3812,中国货币网 / AKShare
20260727,,,1.418,中国货币网 / AKShare
20260728,,,1.415,中国货币网 / AKShare
20260729,,,1.438,中国货币网 / AKShare
20260730,,,1.4,中国货币网 / AKShare
20260731,,,1.41,中国货币网 / AKShare
20260803,,,1.413,中国货币网 / AKShare
20260804,,,1.366,中国货币网 / AKShare
20260805,,,1.3604,中国货币网 / AKShare
20260806,,,1.353,中国货币网 / AKShare
20260807,,,1.361,中国货币网 / AKShare
20260810,,,1.377,中国货币网 / AKShare
20260811,,,1.358,中国货币网 / AKShare
20260812,,,1.3712,中国货币网 / AKShare
20260813,,,1.367,中国货币网 / AKShare
20260814,,,1.363,中国货币网 / AKShare
20260817,,,1.362,中国货币网 / AKShare
20260818,,,1.361,中国货币网 / AKShare
20260819,,,1.381,中国货币网 / AKShare
20260820,,,1.384,中国货币网 / AKShare
20260821,,,1.434,中国货币网 / AKShare
20260824,,,1.419,中国货币网 / AKShare
20260825,,,1.435,中国货币网 / AKShare
20260826,,,1.412,中国货币网 / AKShare
20260827,,,1.365,中国货币网 / AKShare
20260828,,,1.339,中国货币网 / AKShare
